@WHENUPDATED,@WHENCREATED,@TEMPLATE,@NAME,@ALLOWAUTOMATICDELETION,@TYPE,@DESCRIPTION,@UNIQUEIDENTIFIER,@EXPORTFLAG,@VALIDATED,@DATEVALIDATED,RCABOVEOBJECT@UNIQUEIDENTIFIER,RCABOVEOBJECT@ANYOBJECTDESTINATION,RCBELOWOBJECT@UNIQUEIDENTIFIER,RCBELOWOBJECT@ANYOBJECTDESTINATION,RCWHOCREATEDTOUSER@WHOCREATED,RCWHOOWNSTOUSER@WHOOWNS,RCWHOUPDATEDTOUSER@WHOUPDATED
2015-05-07T11:23:00,2015-05-07T11:23:00,0,,0,,,b132483cf4dd11e4aa85002590713bc0,0,0,1899-12-30T00:00:00,c6a04a075e8711e4925a6817294aebff,FRAMEWORXTOUCHPOINT,dae667c45e8711e4925a6817294aebff,FRAMEWORXTOUCHPOINT,32,32,32
2015-05-07T11:23:00,2015-05-07T11:23:00,0,,0,,,b1324843f4dd11e4aa85002590713bc0,0,0,1899-12-30T00:00:00,c6a04a075e8711e4925a6817294aebff,FRAMEWORXTOUCHPOINT,dae667c75e8711e4925a6817294aebff,FRAMEWORXTOUCHPOINT,32,32,32
2015-05-07T11:23:01,2015-05-07T11:23:01,0,,0,,,b1324845f4dd11e4aa85002590713bc0,0,0,1899-12-30T00:00:00,c6a04a075e8711e4925a6817294aebff,FRAMEWORXTOUCHPOINT,e9c33fda5e8711e4925a6817294aebff,FRAMEWORXTOUCHPOINT,32,32,32
2015-05-07T11:23:02,2015-05-07T11:23:02,0,,0,,,b1324847f4dd11e4aa85002590713bc0,0,0,1899-12-30T00:00:00,c6a04a075e8711e4925a6817294aebff,FRAMEWORXTOUCHPOINT,f159a6dc5e8711e4925a6817294aebff,FRAMEWORXTOUCHPOINT,32,32,32
2015-05-07T11:23:02,2015-05-07T11:23:02,0,,0,,,b1324849f4dd11e4aa85002590713bc0,0,0,1899-12-30T00:00:00,f843ecd75e8711e4925a6817294aebff,FRAMEWORXTOUCHPOINT,fe85944b5e8711e4925a6817294aebff,FRAMEWORXTOUCHPOINT,32,32,32
2015-05-07T11:23:03,2015-05-07T11:23:03,0,,0,,,b132484bf4dd11e4aa85002590713bc0,0,0,1899-12-30T00:00:00,f843ecd75e8711e4925a6817294aebff,FRAMEWORXTOUCHPOINT,063724d25e8811e4925a6817294aebff,FRAMEWORXTOUCHPOINT,32,32,32
2015-05-07T11:23:03,2015-05-07T11:23:03,0,,0,,,b132484df4dd11e4aa85002590713bc0,0,0,1899-12-30T00:00:00,f843ecd75e8711e4925a6817294aebff,FRAMEWORXTOUCHPOINT,0d849ae25e8811e4925a6817294aebff,FRAMEWORXTOUCHPOINT,32,32,32
2015-05-07T11:23:04,2015-05-07T11:23:04,0,,0,,,b75c785ef4dd11e4aa85002590713bc0,0,0,1899-12-30T00:00:00,f843ecd75e8711e4925a6817294aebff,FRAMEWORXTOUCHPOINT,1490731c5e8811e4925a6817294aebff,FRAMEWORXTOUCHPOINT,32,32,32
2015-05-07T11:23:05,2015-05-07T11:23:05,0,,0,,,b75c7860f4dd11e4aa85002590713bc0,0,0,1899-12-30T00:00:00,f843ecd75e8711e4925a6817294aebff,FRAMEWORXTOUCHPOINT,1bf5de565e8811e4925a6817294aebff,FRAMEWORXTOUCHPOINT,32,32,32
2015-05-07T11:23:05,2015-05-07T11:23:05,0,,0,,,b75c7862f4dd11e4aa85002590713bc0,0,0,1899-12-30T00:00:00,f843ecd75e8711e4925a6817294aebff,FRAMEWORXTOUCHPOINT,23432d555e8811e4925a6817294aebff,FRAMEWORXTOUCHPOINT,32,32,32
2015-05-07T11:23:06,2015-05-07T11:23:06,0,,0,,,b75c7864f4dd11e4aa85002590713bc0,0,0,1899-12-30T00:00:00,2a1bbfcd5e8811e4925a6817294aebff,FRAMEWORXTOUCHPOINT,3059bdb25e8811e4925a6817294aebff,FRAMEWORXTOUCHPOINT,32,32,32
2015-05-07T11:23:06,2015-05-07T11:23:06,0,,0,,,b75c7866f4dd11e4aa85002590713bc0,0,0,1899-12-30T00:00:00,2a1bbfcd5e8811e4925a6817294aebff,FRAMEWORXTOUCHPOINT,37df0d745e8811e4925a6817294aebff,FRAMEWORXTOUCHPOINT,32,32,32
2015-05-07T11:23:07,2015-05-07T11:23:07,0,,0,,,b75c7868f4dd11e4aa85002590713bc0,0,0,1899-12-30T00:00:00,3eb5cb265e8811e4925a6817294aebff,FRAMEWORXTOUCHPOINT,3eb5cb295e8811e4925a6817294aebff,FRAMEWORXTOUCHPOINT,32,32,32
2015-05-07T11:23:08,2015-05-07T11:23:08,0,,0,,,b75c786af4dd11e4aa85002590713bc0,0,0,1899-12-30T00:00:00,3eb5cb265e8811e4925a6817294aebff,FRAMEWORXTOUCHPOINT,4597fab65e8811e4925a6817294aebff,FRAMEWORXTOUCHPOINT,32,32,32
2015-05-07T11:23:08,2015-05-07T11:23:08,0,,0,,,b75c786cf4dd11e4aa85002590713bc0,0,0,1899-12-30T00:00:00,3eb5cb265e8811e4925a6817294aebff,FRAMEWORXTOUCHPOINT,4cae33565e8811e4925a6817294aebff,FRAMEWORXTOUCHPOINT,32,32,32
2015-05-07T11:23:09,2015-05-07T11:23:09,0,,0,,,b75c786ef4dd11e4aa85002590713bc0,0,0,1899-12-30T00:00:00,53ca5f7c5e8811e4925a6817294aebff,FRAMEWORXTOUCHPOINT,5a61a2405e8811e4925a6817294aebff,FRAMEWORXTOUCHPOINT,32,32,32
2015-05-07T11:23:09,2015-05-07T11:23:09,0,,0,,,b75c7870f4dd11e4aa85002590713bc0,0,0,1899-12-30T00:00:00,53ca5f7c5e8811e4925a6817294aebff,FRAMEWORXTOUCHPOINT,617edfdb5e8811e4925a6817294aebff,FRAMEWORXTOUCHPOINT,32,32,32
2015-05-07T11:23:11,2015-05-07T11:23:11,0,,0,,,b75c7878f4dd11e4aa85002590713bc0,0,0,1899-12-30T00:00:00,3eb5cb265e8811e4925a6817294aebff,FRAMEWORXTOUCHPOINT,6fcb0e965e8811e4925a6817294aebff,FRAMEWORXTOUCHPOINT,32,32,32
2015-05-07T11:23:11,2015-05-07T11:23:11,0,,0,,,b75c7879f4dd11e4aa85002590713bc0,0,0,1899-12-30T00:00:00,6fcb0e925e8811e4925a6817294aebff,FRAMEWORXTOUCHPOINT,6fcb0e965e8811e4925a6817294aebff,FRAMEWORXTOUCHPOINT,32,32,32
2015-05-07T11:23:11,2015-05-07T11:23:11,0,,0,,,b75c787af4dd11e4aa85002590713bc0,0,0,1899-12-30T00:00:00,b75c7877f4dd11e4aa85002590713bc0,FRAMEWORXTOUCHPOINT,6fcb0e965e8811e4925a6817294aebff,FRAMEWORXTOUCHPOINT,32,32,32
2015-05-07T11:23:12,2015-05-07T11:23:12,0,,0,,,b75c787ef4dd11e4aa85002590713bc0,0,0,1899-12-30T00:00:00,3eb5cb265e8811e4925a6817294aebff,FRAMEWORXTOUCHPOINT,76e3df505e8811e4925a6817294aebff,FRAMEWORXTOUCHPOINT,32,32,32
2015-05-07T11:23:12,2015-05-07T11:23:12,0,,0,,,b75c787ff4dd11e4aa85002590713bc0,0,0,1899-12-30T00:00:00,6fcb0e925e8811e4925a6817294aebff,FRAMEWORXTOUCHPOINT,76e3df505e8811e4925a6817294aebff,FRAMEWORXTOUCHPOINT,32,32,32
2015-05-07T11:23:15,2015-05-07T11:23:15,0,,0,,,bde37e6ef4dd11e4aa85002590713bc0,0,0,1899-12-30T00:00:00,c6a04a075e8711e4925a6817294aebff,FRAMEWORXTOUCHPOINT,9d3f28d65e8811e4925a6817294aebff,FRAMEWORXTOUCHPOINT,32,32,32
2015-05-07T11:23:15,2015-05-07T11:23:15,0,,0,,,bde37e6ff4dd11e4aa85002590713bc0,0,0,1899-12-30T00:00:00,972b6fdf5e8811e4925a6817294aebff,FRAMEWORXTOUCHPOINT,9d3f28d65e8811e4925a6817294aebff,FRAMEWORXTOUCHPOINT,32,32,32
2015-05-07T11:23:15,2015-05-07T11:23:15,0,,0,,,bde37e70f4dd11e4aa85002590713bc0,0,0,1899-12-30T00:00:00,3eb5cb265e8811e4925a6817294aebff,FRAMEWORXTOUCHPOINT,9d3f28d65e8811e4925a6817294aebff,FRAMEWORXTOUCHPOINT,32,32,32
2015-05-07T11:23:15,2015-05-07T11:23:15,0,,0,,,bde37e71f4dd11e4aa85002590713bc0,0,0,1899-12-30T00:00:00,6fcb0e925e8811e4925a6817294aebff,FRAMEWORXTOUCHPOINT,9d3f28d65e8811e4925a6817294aebff,FRAMEWORXTOUCHPOINT,32,32,32
2015-05-07T11:23:15,2015-05-07T11:23:15,0,,0,,,bde37e72f4dd11e4aa85002590713bc0,0,0,1899-12-30T00:00:00,bde37e6df4dd11e4aa85002590713bc0,FRAMEWORXTOUCHPOINT,9d3f28d65e8811e4925a6817294aebff,FRAMEWORXTOUCHPOINT,32,32,32
2015-05-07T11:23:16,2015-05-07T11:23:16,0,,0,,,bde37e77f4dd11e4aa85002590713bc0,0,0,1899-12-30T00:00:00,3eb5cb265e8811e4925a6817294aebff,FRAMEWORXTOUCHPOINT,a3fb80585e8811e4925a6817294aebff,FRAMEWORXTOUCHPOINT,32,32,32
2015-05-07T11:23:17,2015-05-07T11:23:17,0,,0,,,bde37e7bf4dd11e4aa85002590713bc0,0,0,1899-12-30T00:00:00,3eb5cb265e8811e4925a6817294aebff,FRAMEWORXTOUCHPOINT,ac9d67d35e8811e4925a6817294aebff,FRAMEWORXTOUCHPOINT,32,32,32
2015-05-07T11:23:17,2015-05-07T11:23:17,0,,0,,,bde37e7df4dd11e4aa85002590713bc0,0,0,1899-12-30T00:00:00,3eb5cb265e8811e4925a6817294aebff,FRAMEWORXTOUCHPOINT,b43d44d65e8811e4925a6817294aebff,FRAMEWORXTOUCHPOINT,32,32,32
2015-05-07T11:23:18,2015-05-07T11:23:18,0,,0,,,bde37e80f4dd11e4aa85002590713bc0,0,0,1899-12-30T00:00:00,3eb5cb265e8811e4925a6817294aebff,FRAMEWORXTOUCHPOINT,bc19b68e5e8811e4925a6817294aebff,FRAMEWORXTOUCHPOINT,32,32,32
2015-05-07T11:23:19,2015-05-07T11:23:19,0,,0,,,bde37e82f4dd11e4aa85002590713bc0,0,0,1899-12-30T00:00:00,3eb5cb265e8811e4925a6817294aebff,FRAMEWORXTOUCHPOINT,c3ae96e95e8811e4925a6817294aebff,FRAMEWORXTOUCHPOINT,32,32,32
2015-05-07T11:23:20,2015-05-07T11:23:20,0,,0,,,bde37e84f4dd11e4aa85002590713bc0,0,0,1899-12-30T00:00:00,972b6fdf5e8811e4925a6817294aebff,FRAMEWORXTOUCHPOINT,d174f1d85e8811e4925a6817294aebff,FRAMEWORXTOUCHPOINT,32,32,32
2015-05-07T11:23:20,2015-05-07T11:23:20,0,,0,,,bde37e86f4dd11e4aa85002590713bc0,0,0,1899-12-30T00:00:00,d174f1db5e8811e4925a6817294aebff,FRAMEWORXTOUCHPOINT,d8e7cac65e8811e4925a6817294aebff,FRAMEWORXTOUCHPOINT,32,32,32
2015-05-07T11:23:21,2015-05-07T11:23:21,0,,0,,,bde37e88f4dd11e4aa85002590713bc0,0,0,1899-12-30T00:00:00,53ca5f7c5e8811e4925a6817294aebff,FRAMEWORXTOUCHPOINT,e56b8edd5e8811e4925a6817294aebff,FRAMEWORXTOUCHPOINT,32,32,32
2015-05-07T11:23:21,2015-05-07T11:23:21,0,,0,,,bde37e8af4dd11e4aa85002590713bc0,0,0,1899-12-30T00:00:00,e56b8ee05e8811e4925a6817294aebff,FRAMEWORXTOUCHPOINT,ecdb81905e8811e4925a6817294aebff,FRAMEWORXTOUCHPOINT,32,32,32
2015-05-07T11:23:22,2015-05-07T11:23:22,0,,0,,,bde37e8bf4dd11e4aa85002590713bc0,0,0,1899-12-30T00:00:00,6fcb0e925e8811e4925a6817294aebff,FRAMEWORXTOUCHPOINT,f4254e105e8811e4925a6817294aebff,FRAMEWORXTOUCHPOINT,32,32,32
2015-05-07T11:23:22,2015-05-07T11:23:22,0,,0,,,bde37e8cf4dd11e4aa85002590713bc0,0,0,1899-12-30T00:00:00,6fcb0e925e8811e4925a6817294aebff,FRAMEWORXTOUCHPOINT,facac1d95e8811e4925a6817294aebff,FRAMEWORXTOUCHPOINT,32,32,32
2015-05-07T11:23:22,2015-05-07T11:23:22,0,,0,,,bde37e8df4dd11e4aa85002590713bc0,0,0,1899-12-30T00:00:00,6fcb0e925e8811e4925a6817294aebff,FRAMEWORXTOUCHPOINT,facac1dc5e8811e4925a6817294aebff,FRAMEWORXTOUCHPOINT,32,32,32
2015-05-07T11:23:23,2015-05-07T11:23:23,0,,0,,,bde37e8ef4dd11e4aa85002590713bc0,0,0,1899-12-30T00:00:00,6fcb0e925e8811e4925a6817294aebff,FRAMEWORXTOUCHPOINT,02c4f5325e8911e4925a6817294aebff,FRAMEWORXTOUCHPOINT,32,32,32
2015-05-07T11:23:23,2015-05-07T11:23:23,0,,0,,,bde37e90f4dd11e4aa85002590713bc0,0,0,1899-12-30T00:00:00,6fcb0e925e8811e4925a6817294aebff,FRAMEWORXTOUCHPOINT,09c29c685e8911e4925a6817294aebff,FRAMEWORXTOUCHPOINT,32,32,32
2015-05-07T11:23:24,2015-05-07T11:23:24,0,,0,,,bde37e91f4dd11e4aa85002590713bc0,0,0,1899-12-30T00:00:00,6fcb0e925e8811e4925a6817294aebff,FRAMEWORXTOUCHPOINT,1102a4c45e8911e4925a6817294aebff,FRAMEWORXTOUCHPOINT,32,32,32
2015-05-07T11:23:24,2015-05-07T11:23:24,0,,0,,,bde37e92f4dd11e4aa85002590713bc0,0,0,1899-12-30T00:00:00,6fcb0e925e8811e4925a6817294aebff,FRAMEWORXTOUCHPOINT,17cc91075e8911e4925a6817294aebff,FRAMEWORXTOUCHPOINT,32,32,32
2015-05-07T11:23:25,2015-05-07T11:23:25,0,,0,,,bde37e95f4dd11e4aa85002590713bc0,0,0,1899-12-30T00:00:00,1f2292b85e8911e4925a6817294aebff,FRAMEWORXTOUCHPOINT,2cb189295e8911e4925a6817294aebff,FRAMEWORXTOUCHPOINT,32,32,32
2015-05-07T11:23:25,2015-05-07T11:23:25,0,,0,,,c41e5855f4dd11e4aa85002590713bc0,0,0,1899-12-30T00:00:00,c6a04a075e8711e4925a6817294aebff,FRAMEWORXTOUCHPOINT,33e0ef795e8911e4925a6817294aebff,FRAMEWORXTOUCHPOINT,32,32,32
2015-05-07T11:23:26,2015-05-07T11:23:26,0,,0,,,c41e5857f4dd11e4aa85002590713bc0,0,0,1899-12-30T00:00:00,2a1bbfcd5e8811e4925a6817294aebff,FRAMEWORXTOUCHPOINT,424ed77c5e8911e4925a6817294aebff,FRAMEWORXTOUCHPOINT,32,32,32
2015-05-07T11:23:27,2015-05-07T11:23:27,0,,0,,,c41e5859f4dd11e4aa85002590713bc0,0,0,1899-12-30T00:00:00,2a1bbfcd5e8811e4925a6817294aebff,FRAMEWORXTOUCHPOINT,49d734895e8911e4925a6817294aebff,FRAMEWORXTOUCHPOINT,32,32,32
2015-05-07T11:23:27,2015-05-07T11:23:27,0,,0,,,c41e585bf4dd11e4aa85002590713bc0,0,0,1899-12-30T00:00:00,3eb5cb265e8811e4925a6817294aebff,FRAMEWORXTOUCHPOINT,50ccc5515e8911e4925a6817294aebff,FRAMEWORXTOUCHPOINT,32,32,32
2015-05-07T11:23:28,2015-05-07T11:23:28,0,,0,,,c41e585df4dd11e4aa85002590713bc0,0,0,1899-12-30T00:00:00,d174f1db5e8811e4925a6817294aebff,FRAMEWORXTOUCHPOINT,57ba18995e8911e4925a6817294aebff,FRAMEWORXTOUCHPOINT,32,32,32
2015-05-07T11:23:29,2015-05-07T11:23:29,0,,0,,,c41e585ff4dd11e4aa85002590713bc0,0,0,1899-12-30T00:00:00,6fcb0e925e8811e4925a6817294aebff,FRAMEWORXTOUCHPOINT,5ee400945e8911e4925a6817294aebff,FRAMEWORXTOUCHPOINT,32,32,32
2015-05-07T11:23:29,2015-05-07T11:23:29,0,,0,,,c41e5862f4dd11e4aa85002590713bc0,0,0,1899-12-30T00:00:00,6fcb0e925e8811e4925a6817294aebff,FRAMEWORXTOUCHPOINT,6d8d92e65e8911e4925a6817294aebff,FRAMEWORXTOUCHPOINT,32,32,32
2015-05-07T11:23:30,2015-05-07T11:23:30,0,,0,,,c41e5864f4dd11e4aa85002590713bc0,0,0,1899-12-30T00:00:00,c6a04a075e8711e4925a6817294aebff,FRAMEWORXTOUCHPOINT,7496d3075e8911e4925a6817294aebff,FRAMEWORXTOUCHPOINT,32,32,32
2015-05-07T11:23:31,2015-05-07T11:23:31,0,,0,,,c41e5868f4dd11e4aa85002590713bc0,0,0,1899-12-30T00:00:00,c6a04a075e8711e4925a6817294aebff,FRAMEWORXTOUCHPOINT,7b0641e75e8911e4925a6817294aebff,FRAMEWORXTOUCHPOINT,32,32,32
2015-05-07T11:23:31,2015-05-07T11:23:31,0,,0,,,c41e586cf4dd11e4aa85002590713bc0,0,0,1899-12-30T00:00:00,c6a04a075e8711e4925a6817294aebff,FRAMEWORXTOUCHPOINT,817625f95e8911e4925a6817294aebff,FRAMEWORXTOUCHPOINT,32,32,32
2015-05-07T11:23:31,2015-05-07T11:23:31,0,,0,,,c41e5870f4dd11e4aa85002590713bc0,0,0,1899-12-30T00:00:00,c41e586ff4dd11e4aa85002590713bc0,FRAMEWORXTOUCHPOINT,dd8586d95f4711e4b023002590713bc0,FRAMEWORXTOUCHPOINT,32,32,32
2015-05-07T11:23:32,2015-05-07T11:23:32,0,,0,,,c41e5876f4dd11e4aa85002590713bc0,0,0,1899-12-30T00:00:00,c6a04a075e8711e4925a6817294aebff,FRAMEWORXTOUCHPOINT,8824c1a55e8911e4925a6817294aebff,FRAMEWORXTOUCHPOINT,32,32,32
2015-05-07T11:23:33,2015-05-07T11:23:33,0,,0,,,c41e587af4dd11e4aa85002590713bc0,0,0,1899-12-30T00:00:00,c6a04a075e8711e4925a6817294aebff,FRAMEWORXTOUCHPOINT,8ed028f65e8911e4925a6817294aebff,FRAMEWORXTOUCHPOINT,32,32,32
2015-05-07T11:23:33,2015-05-07T11:23:33,0,,0,,,c41e587ef4dd11e4aa85002590713bc0,0,0,1899-12-30T00:00:00,2a1bbfcd5e8811e4925a6817294aebff,FRAMEWORXTOUCHPOINT,9bbe974c5e8911e4925a6817294aebff,FRAMEWORXTOUCHPOINT,32,32,32
2015-05-07T11:23:34,2015-05-07T11:23:34,0,,0,,,c41e5880f4dd11e4aa85002590713bc0,0,0,1899-12-30T00:00:00,2a1bbfcd5e8811e4925a6817294aebff,FRAMEWORXTOUCHPOINT,a34f31d85e8911e4925a6817294aebff,FRAMEWORXTOUCHPOINT,32,32,32
2015-05-07T11:23:35,2015-05-07T11:23:35,0,,0,,,c41e5882f4dd11e4aa85002590713bc0,0,0,1899-12-30T00:00:00,3eb5cb265e8811e4925a6817294aebff,FRAMEWORXTOUCHPOINT,a97bf16e5e8911e4925a6817294aebff,FRAMEWORXTOUCHPOINT,32,32,32
2015-05-07T11:23:35,2015-05-07T11:23:35,0,,0,,,c41e5883f4dd11e4aa85002590713bc0,0,0,1899-12-30T00:00:00,6fcb0e925e8811e4925a6817294aebff,FRAMEWORXTOUCHPOINT,a97bf16e5e8911e4925a6817294aebff,FRAMEWORXTOUCHPOINT,32,32,32
2015-05-07T11:23:35,2015-05-07T11:23:35,0,,0,,,ca201146f4dd11e4aa85002590713bc0,0,0,1899-12-30T00:00:00,3eb5cb265e8811e4925a6817294aebff,FRAMEWORXTOUCHPOINT,b0a6c3cc5e8911e4925a6817294aebff,FRAMEWORXTOUCHPOINT,32,32,32
2015-05-07T11:23:36,2015-05-07T11:23:36,0,,0,,,ca201148f4dd11e4aa85002590713bc0,0,0,1899-12-30T00:00:00,3eb5cb265e8811e4925a6817294aebff,FRAMEWORXTOUCHPOINT,b7e063715e8911e4925a6817294aebff,FRAMEWORXTOUCHPOINT,32,32,32
2015-05-07T11:23:37,2015-05-07T11:23:37,0,,0,,,ca20114af4dd11e4aa85002590713bc0,0,0,1899-12-30T00:00:00,be7f20615e8911e4925a6817294aebff,FRAMEWORXTOUCHPOINT,be7f20645e8911e4925a6817294aebff,FRAMEWORXTOUCHPOINT,32,32,32
2015-05-07T11:23:37,2015-05-07T11:23:37,0,,0,,,ca20114df4dd11e4aa85002590713bc0,0,0,1899-12-30T00:00:00,c6a790545e8911e4925a6817294aebff,FRAMEWORXTOUCHPOINT,c6a790575e8911e4925a6817294aebff,FRAMEWORXTOUCHPOINT,32,32,32
2015-05-07T11:23:38,2015-05-07T11:23:38,0,,0,,,ca201150f4dd11e4aa85002590713bc0,0,0,1899-12-30T00:00:00,cd0c299d5e8911e4925a6817294aebff,FRAMEWORXTOUCHPOINT,d33d56125e8911e4925a6817294aebff,FRAMEWORXTOUCHPOINT,32,32,32
2015-05-07T11:23:38,2015-05-07T11:23:38,0,,0,,,ca201152f4dd11e4aa85002590713bc0,0,0,1899-12-30T00:00:00,c6a790545e8911e4925a6817294aebff,FRAMEWORXTOUCHPOINT,d9aee7da5e8911e4925a6817294aebff,FRAMEWORXTOUCHPOINT,32,32,32
2015-05-07T11:23:39,2015-05-07T11:23:39,0,,0,,,ca201154f4dd11e4aa85002590713bc0,0,0,1899-12-30T00:00:00,e01d6c555e8911e4925a6817294aebff,FRAMEWORXTOUCHPOINT,e01d6c585e8911e4925a6817294aebff,FRAMEWORXTOUCHPOINT,32,32,32
2015-05-07T11:23:39,2015-05-07T11:23:39,0,,0,,,ca201156f4dd11e4aa85002590713bc0,0,0,1899-12-30T00:00:00,be7f20615e8911e4925a6817294aebff,FRAMEWORXTOUCHPOINT,e841214a5e8911e4925a6817294aebff,FRAMEWORXTOUCHPOINT,32,32,32
2015-05-07T11:23:40,2015-05-07T11:23:40,0,,0,,,ca20115bf4dd11e4aa85002590713bc0,0,0,1899-12-30T00:00:00,e01d6c555e8911e4925a6817294aebff,FRAMEWORXTOUCHPOINT,f51f62c35e8911e4925a6817294aebff,FRAMEWORXTOUCHPOINT,32,32,32
2015-05-07T11:23:40,2015-05-07T11:23:40,0,,0,,,ca20115cf4dd11e4aa85002590713bc0,0,0,1899-12-30T00:00:00,ca20115af4dd11e4aa85002590713bc0,FRAMEWORXTOUCHPOINT,f51f62c35e8911e4925a6817294aebff,FRAMEWORXTOUCHPOINT,32,32,32
2015-05-07T11:23:41,2015-05-07T11:23:41,0,,0,,,ca20115ff4dd11e4aa85002590713bc0,0,0,1899-12-30T00:00:00,6fcb0e925e8811e4925a6817294aebff,FRAMEWORXTOUCHPOINT,fb2fe75f5e8911e4925a6817294aebff,FRAMEWORXTOUCHPOINT,32,32,32
2015-05-07T11:23:41,2015-05-07T11:23:41,0,,0,,,ca201160f4dd11e4aa85002590713bc0,0,0,1899-12-30T00:00:00,6fcb0e925e8811e4925a6817294aebff,FRAMEWORXTOUCHPOINT,01b5ebd25e8a11e4925a6817294aebff,FRAMEWORXTOUCHPOINT,32,32,32
2015-05-07T11:23:42,2015-05-07T11:23:42,0,,0,,,ca201163f4dd11e4aa85002590713bc0,0,0,1899-12-30T00:00:00,1f2292b85e8911e4925a6817294aebff,FRAMEWORXTOUCHPOINT,0878ac0b5e8a11e4925a6817294aebff,FRAMEWORXTOUCHPOINT,32,32,32
2015-05-07T11:23:42,2015-05-07T11:23:42,0,,0,,,ca201165f4dd11e4aa85002590713bc0,0,0,1899-12-30T00:00:00,c6a04a075e8711e4925a6817294aebff,FRAMEWORXTOUCHPOINT,0f81c51a5e8a11e4925a6817294aebff,FRAMEWORXTOUCHPOINT,32,32,32
2015-05-07T11:23:43,2015-05-07T11:23:43,0,,0,,,ca201167f4dd11e4aa85002590713bc0,0,0,1899-12-30T00:00:00,c6a04a075e8711e4925a6817294aebff,FRAMEWORXTOUCHPOINT,16b60d7c5e8a11e4925a6817294aebff,FRAMEWORXTOUCHPOINT,32,32,32
2015-05-07T11:23:44,2015-05-07T11:23:44,0,,0,,,ca201169f4dd11e4aa85002590713bc0,0,0,1899-12-30T00:00:00,c6a04a075e8711e4925a6817294aebff,FRAMEWORXTOUCHPOINT,1d6286405e8a11e4925a6817294aebff,FRAMEWORXTOUCHPOINT,32,32,32
2015-05-07T11:23:44,2015-05-07T11:23:44,0,,0,,,ca20116bf4dd11e4aa85002590713bc0,0,0,1899-12-30T00:00:00,c6a04a075e8711e4925a6817294aebff,FRAMEWORXTOUCHPOINT,240f74365e8a11e4925a6817294aebff,FRAMEWORXTOUCHPOINT,32,32,32
2015-05-07T11:23:45,2015-05-07T11:23:45,0,,0,,,ca20116df4dd11e4aa85002590713bc0,0,0,1899-12-30T00:00:00,c6a04a075e8711e4925a6817294aebff,FRAMEWORXTOUCHPOINT,2aebd74d5e8a11e4925a6817294aebff,FRAMEWORXTOUCHPOINT,32,32,32
2015-05-07T11:23:45,2015-05-07T11:23:45,0,,0,,,d01844b6f4dd11e4aa85002590713bc0,0,0,1899-12-30T00:00:00,c6a04a075e8711e4925a6817294aebff,FRAMEWORXTOUCHPOINT,31f788765e8a11e4925a6817294aebff,FRAMEWORXTOUCHPOINT,32,32,32
2015-05-07T11:23:46,2015-05-07T11:23:46,0,,0,,,d01844b8f4dd11e4aa85002590713bc0,0,0,1899-12-30T00:00:00,2a1bbfcd5e8811e4925a6817294aebff,FRAMEWORXTOUCHPOINT,3917d35d5e8a11e4925a6817294aebff,FRAMEWORXTOUCHPOINT,32,32,32
2015-05-07T11:23:47,2015-05-07T11:23:47,0,,0,,,d01844baf4dd11e4aa85002590713bc0,0,0,1899-12-30T00:00:00,2a1bbfcd5e8811e4925a6817294aebff,FRAMEWORXTOUCHPOINT,3f98f5bf5e8a11e4925a6817294aebff,FRAMEWORXTOUCHPOINT,32,32,32
2015-05-07T11:23:47,2015-05-07T11:23:47,0,,0,,,d01844bbf4dd11e4aa85002590713bc0,0,0,1899-12-30T00:00:00,2a1bbfcd5e8811e4925a6817294aebff,FRAMEWORXTOUCHPOINT,46460ac55e8a11e4925a6817294aebff,FRAMEWORXTOUCHPOINT,32,32,32
2015-05-07T11:23:48,2015-05-07T11:23:48,0,,0,,,d01844bdf4dd11e4aa85002590713bc0,0,0,1899-12-30T00:00:00,2a1bbfcd5e8811e4925a6817294aebff,FRAMEWORXTOUCHPOINT,4cf2d1aa5e8a11e4925a6817294aebff,FRAMEWORXTOUCHPOINT,32,32,32
2015-05-07T11:23:49,2015-05-07T11:23:49,0,,0,,,d01844bff4dd11e4aa85002590713bc0,0,0,1899-12-30T00:00:00,cd0c299d5e8911e4925a6817294aebff,FRAMEWORXTOUCHPOINT,5328e0345e8a11e4925a6817294aebff,FRAMEWORXTOUCHPOINT,32,32,32
2015-05-07T11:23:49,2015-05-07T11:23:49,0,,0,,,d01844c0f4dd11e4aa85002590713bc0,0,0,1899-12-30T00:00:00,3eb5cb265e8811e4925a6817294aebff,FRAMEWORXTOUCHPOINT,5328e0345e8a11e4925a6817294aebff,FRAMEWORXTOUCHPOINT,32,32,32
2015-05-07T11:23:49,2015-05-07T11:23:49,0,,0,,,d01844c1f4dd11e4aa85002590713bc0,0,0,1899-12-30T00:00:00,6fcb0e925e8811e4925a6817294aebff,FRAMEWORXTOUCHPOINT,5328e0345e8a11e4925a6817294aebff,FRAMEWORXTOUCHPOINT,32,32,32
2015-05-07T11:23:49,2015-05-07T11:23:49,0,,0,,,d01844c3f4dd11e4aa85002590713bc0,0,0,1899-12-30T00:00:00,3eb5cb265e8811e4925a6817294aebff,FRAMEWORXTOUCHPOINT,5a1018e35e8a11e4925a6817294aebff,FRAMEWORXTOUCHPOINT,32,32,32
2015-05-07T11:23:50,2015-05-07T11:23:50,0,,0,,,d01844c5f4dd11e4aa85002590713bc0,0,0,1899-12-30T00:00:00,3eb5cb265e8811e4925a6817294aebff,FRAMEWORXTOUCHPOINT,60db3dab5e8a11e4925a6817294aebff,FRAMEWORXTOUCHPOINT,32,32,32
2015-05-07T11:23:50,2015-05-07T11:23:50,0,,0,,,d01844c7f4dd11e4aa85002590713bc0,0,0,1899-12-30T00:00:00,3eb5cb265e8811e4925a6817294aebff,FRAMEWORXTOUCHPOINT,678852b15e8a11e4925a6817294aebff,FRAMEWORXTOUCHPOINT,32,32,32
2015-05-07T11:23:51,2015-05-07T11:23:51,0,,0,,,d01844c9f4dd11e4aa85002590713bc0,0,0,1899-12-30T00:00:00,be7f20615e8911e4925a6817294aebff,FRAMEWORXTOUCHPOINT,6e3567b75e8a11e4925a6817294aebff,FRAMEWORXTOUCHPOINT,32,32,32
2015-05-07T11:23:51,2015-05-07T11:23:51,0,,0,,,d01844caf4dd11e4aa85002590713bc0,0,0,1899-12-30T00:00:00,c6a790545e8911e4925a6817294aebff,FRAMEWORXTOUCHPOINT,74e2f1ee5e8a11e4925a6817294aebff,FRAMEWORXTOUCHPOINT,32,32,32
2015-05-07T11:23:52,2015-05-07T11:23:52,0,,0,,,d01844ccf4dd11e4aa85002590713bc0,0,0,1899-12-30T00:00:00,d174f1db5e8811e4925a6817294aebff,FRAMEWORXTOUCHPOINT,7b8fb8d45e8a11e4925a6817294aebff,FRAMEWORXTOUCHPOINT,32,32,32
2015-05-07T11:23:53,2015-05-07T11:23:53,0,,0,,,d01844d1f4dd11e4aa85002590713bc0,0,0,1899-12-30T00:00:00,c6a790545e8911e4925a6817294aebff,FRAMEWORXTOUCHPOINT,8850d4f25e8a11e4925a6817294aebff,FRAMEWORXTOUCHPOINT,32,32,32
2015-05-07T11:23:53,2015-05-07T11:23:53,0,,0,,,d01844d3f4dd11e4aa85002590713bc0,0,0,1899-12-30T00:00:00,e01d6c555e8911e4925a6817294aebff,FRAMEWORXTOUCHPOINT,8efd9bd75e8a11e4925a6817294aebff,FRAMEWORXTOUCHPOINT,32,32,32
2015-05-07T11:23:54,2015-05-07T11:23:54,0,,0,,,d01844d5f4dd11e4aa85002590713bc0,0,0,1899-12-30T00:00:00,be7f20615e8911e4925a6817294aebff,FRAMEWORXTOUCHPOINT,95aa89cd5e8a11e4925a6817294aebff,FRAMEWORXTOUCHPOINT,32,32,32
2015-05-07T11:23:54,2015-05-07T11:23:54,0,,0,,,d01844d7f4dd11e4aa85002590713bc0,0,0,1899-12-30T00:00:00,e01d6c555e8911e4925a6817294aebff,FRAMEWORXTOUCHPOINT,9c579ed35e8a11e4925a6817294aebff,FRAMEWORXTOUCHPOINT,32,32,32
2015-05-07T11:23:55,2015-05-07T11:23:55,0,,0,,,d01844d9f4dd11e4aa85002590713bc0,0,0,1899-12-30T00:00:00,6fcb0e925e8811e4925a6817294aebff,FRAMEWORXTOUCHPOINT,a3048cc95e8a11e4925a6817294aebff,FRAMEWORXTOUCHPOINT,32,32,32
2015-05-07T11:23:56,2015-05-07T11:23:56,0,,0,,,d62121c8f4dd11e4aa85002590713bc0,0,0,1899-12-30T00:00:00,6fcb0e925e8811e4925a6817294aebff,FRAMEWORXTOUCHPOINT,a9b2da545e8a11e4925a6817294aebff,FRAMEWORXTOUCHPOINT,32,32,32
2015-05-07T11:23:56,2015-05-07T11:23:56,0,,0,,,d62121c9f4dd11e4aa85002590713bc0,0,0,1899-12-30T00:00:00,6fcb0e925e8811e4925a6817294aebff,FRAMEWORXTOUCHPOINT,a9b2da575e8a11e4925a6817294aebff,FRAMEWORXTOUCHPOINT,32,32,32
2015-05-07T11:23:57,2015-05-07T11:23:57,0,,0,,,d62121ccf4dd11e4aa85002590713bc0,0,0,1899-12-30T00:00:00,6fcb0e925e8811e4925a6817294aebff,FRAMEWORXTOUCHPOINT,b1788f6a5e8a11e4925a6817294aebff,FRAMEWORXTOUCHPOINT,32,32,32
2015-05-07T11:23:57,2015-05-07T11:23:57,0,,0,,,d62121cef4dd11e4aa85002590713bc0,0,0,1899-12-30T00:00:00,f843ecd75e8711e4925a6817294aebff,FRAMEWORXTOUCHPOINT,bf8a9a755e8a11e4925a6817294aebff,FRAMEWORXTOUCHPOINT,32,32,32
2015-05-07T11:23:58,2015-05-07T11:23:58,0,,0,,,d62121d0f4dd11e4aa85002590713bc0,0,0,1899-12-30T00:00:00,f843ecd75e8711e4925a6817294aebff,FRAMEWORXTOUCHPOINT,c6f954a25e8a11e4925a6817294aebff,FRAMEWORXTOUCHPOINT,32,32,32
2015-05-07T11:23:58,2015-05-07T11:23:58,0,,0,,,d62121d2f4dd11e4aa85002590713bc0,0,0,1899-12-30T00:00:00,3eb5cb265e8811e4925a6817294aebff,FRAMEWORXTOUCHPOINT,ce3a47625e8a11e4925a6817294aebff,FRAMEWORXTOUCHPOINT,32,32,32
2015-05-07T11:23:59,2015-05-07T11:23:59,0,,0,,,d62121d4f4dd11e4aa85002590713bc0,0,0,1899-12-30T00:00:00,53ca5f7c5e8811e4925a6817294aebff,FRAMEWORXTOUCHPOINT,d58992395e8a11e4925a6817294aebff,FRAMEWORXTOUCHPOINT,32,32,32
2015-05-07T11:24:00,2015-05-07T11:24:00,0,,0,,,d62121d6f4dd11e4aa85002590713bc0,0,0,1899-12-30T00:00:00,3eb5cb265e8811e4925a6817294aebff,FRAMEWORXTOUCHPOINT,dccc59c05e8a11e4925a6817294aebff,FRAMEWORXTOUCHPOINT,32,32,32
2015-05-07T11:24:00,2015-05-07T11:24:00,0,,0,,,d62121d8f4dd11e4aa85002590713bc0,0,0,1899-12-30T00:00:00,3eb5cb265e8811e4925a6817294aebff,FRAMEWORXTOUCHPOINT,e3bfa08e5e8a11e4925a6817294aebff,FRAMEWORXTOUCHPOINT,32,32,32
2015-05-07T11:24:01,2015-05-07T11:24:01,0,,0,,,d62121daf4dd11e4aa85002590713bc0,0,0,1899-12-30T00:00:00,3eb5cb265e8811e4925a6817294aebff,FRAMEWORXTOUCHPOINT,ea8cc12c5e8a11e4925a6817294aebff,FRAMEWORXTOUCHPOINT,32,32,32
2015-05-07T11:24:01,2015-05-07T11:24:01,0,,0,,,d62121dcf4dd11e4aa85002590713bc0,0,0,1899-12-30T00:00:00,6fcb0e925e8811e4925a6817294aebff,FRAMEWORXTOUCHPOINT,f138287c5e8a11e4925a6817294aebff,FRAMEWORXTOUCHPOINT,32,32,32
2015-05-07T11:24:02,2015-05-07T11:24:02,0,,0,,,d62121dff4dd11e4aa85002590713bc0,0,0,1899-12-30T00:00:00,c41e586ff4dd11e4aa85002590713bc0,FRAMEWORXTOUCHPOINT,d62121e1f4dd11e4aa85002590713bc0,FRAMEWORXTOUCHPOINT,32,32,32
2015-05-07T11:24:02,2015-05-07T11:24:02,0,,0,,,d62121e4f4dd11e4aa85002590713bc0,0,0,1899-12-30T00:00:00,c41e586ff4dd11e4aa85002590713bc0,FRAMEWORXTOUCHPOINT,d62121e8f4dd11e4aa85002590713bc0,FRAMEWORXTOUCHPOINT,32,32,32
2015-05-07T11:24:02,2015-05-07T11:24:02,0,,0,,,d62121ecf4dd11e4aa85002590713bc0,0,0,1899-12-30T00:00:00,d62121ebf4dd11e4aa85002590713bc0,FRAMEWORXTOUCHPOINT,d62121eef4dd11e4aa85002590713bc0,FRAMEWORXTOUCHPOINT,32,32,32
2015-05-07T11:24:02,2015-05-07T11:24:02,0,,0,,,d62121f1f4dd11e4aa85002590713bc0,0,0,1899-12-30T00:00:00,b75c7877f4dd11e4aa85002590713bc0,FRAMEWORXTOUCHPOINT,d62121f3f4dd11e4aa85002590713bc0,FRAMEWORXTOUCHPOINT,32,32,32
2015-05-07T11:24:02,2015-05-07T11:24:02,0,,0,,,d62121f6f4dd11e4aa85002590713bc0,0,0,1899-12-30T00:00:00,b75c7877f4dd11e4aa85002590713bc0,FRAMEWORXTOUCHPOINT,d62121f8f4dd11e4aa85002590713bc0,FRAMEWORXTOUCHPOINT,32,32,32
2015-05-07T11:24:02,2015-05-07T11:24:02,0,,0,,,d62121fbf4dd11e4aa85002590713bc0,0,0,1899-12-30T00:00:00,bde37e6df4dd11e4aa85002590713bc0,FRAMEWORXTOUCHPOINT,d62121fdf4dd11e4aa85002590713bc0,FRAMEWORXTOUCHPOINT,32,32,32
2015-05-07T11:24:02,2015-05-07T11:24:02,0,,0,,,d6212200f4dd11e4aa85002590713bc0,0,0,1899-12-30T00:00:00,b75c7877f4dd11e4aa85002590713bc0,FRAMEWORXTOUCHPOINT,d6212202f4dd11e4aa85002590713bc0,FRAMEWORXTOUCHPOINT,32,32,32
2015-05-07T11:24:02,2015-05-07T11:24:02,0,,0,,,d6212205f4dd11e4aa85002590713bc0,0,0,1899-12-30T00:00:00,b75c7877f4dd11e4aa85002590713bc0,FRAMEWORXTOUCHPOINT,d6212207f4dd11e4aa85002590713bc0,FRAMEWORXTOUCHPOINT,32,32,32
2015-05-07T11:24:02,2015-05-07T11:24:02,0,,0,,,d621220af4dd11e4aa85002590713bc0,0,0,1899-12-30T00:00:00,bde37e6df4dd11e4aa85002590713bc0,FRAMEWORXTOUCHPOINT,d621220cf4dd11e4aa85002590713bc0,FRAMEWORXTOUCHPOINT,32,32,32
2015-05-07T11:24:02,2015-05-07T11:24:02,0,,0,,,d621220ff4dd11e4aa85002590713bc0,0,0,1899-12-30T00:00:00,bde37e6df4dd11e4aa85002590713bc0,FRAMEWORXTOUCHPOINT,d6212211f4dd11e4aa85002590713bc0,FRAMEWORXTOUCHPOINT,32,32,32
2015-05-07T11:24:02,2015-05-07T11:24:02,0,,0,,,d6212215f4dd11e4aa85002590713bc0,0,0,1899-12-30T00:00:00,d6212214f4dd11e4aa85002590713bc0,FRAMEWORXTOUCHPOINT,d6212217f4dd11e4aa85002590713bc0,FRAMEWORXTOUCHPOINT,32,32,32
2015-05-07T11:24:03,2015-05-07T11:24:03,0,,0,,,d621221af4dd11e4aa85002590713bc0,0,0,1899-12-30T00:00:00,d6212214f4dd11e4aa85002590713bc0,FRAMEWORXTOUCHPOINT,d621221cf4dd11e4aa85002590713bc0,FRAMEWORXTOUCHPOINT,32,32,32
2015-05-07T11:24:03,2015-05-07T11:24:03,0,,0,,,d621221ff4dd11e4aa85002590713bc0,0,0,1899-12-30T00:00:00,d6212214f4dd11e4aa85002590713bc0,FRAMEWORXTOUCHPOINT,d6212221f4dd11e4aa85002590713bc0,FRAMEWORXTOUCHPOINT,32,32,32
2015-05-07T11:24:03,2015-05-07T11:24:03,0,,0,,,d6212223f4dd11e4aa85002590713bc0,0,0,1899-12-30T00:00:00,d6212214f4dd11e4aa85002590713bc0,FRAMEWORXTOUCHPOINT,d6212225f4dd11e4aa85002590713bc0,FRAMEWORXTOUCHPOINT,32,32,32
2015-05-07T11:24:03,2015-05-07T11:24:03,0,,0,,,d6212229f4dd11e4aa85002590713bc0,0,0,1899-12-30T00:00:00,d6212228f4dd11e4aa85002590713bc0,FRAMEWORXTOUCHPOINT,d621222bf4dd11e4aa85002590713bc0,FRAMEWORXTOUCHPOINT,32,32,32
2015-05-07T11:24:03,2015-05-07T11:24:03,0,,0,,,d621222ef4dd11e4aa85002590713bc0,0,0,1899-12-30T00:00:00,b75c7877f4dd11e4aa85002590713bc0,FRAMEWORXTOUCHPOINT,d6212230f4dd11e4aa85002590713bc0,FRAMEWORXTOUCHPOINT,32,32,32
2015-05-07T11:24:03,2015-05-07T11:24:03,0,,0,,,d6212232f4dd11e4aa85002590713bc0,0,0,1899-12-30T00:00:00,b75c7877f4dd11e4aa85002590713bc0,FRAMEWORXTOUCHPOINT,d6212234f4dd11e4aa85002590713bc0,FRAMEWORXTOUCHPOINT,32,32,32
2015-05-07T11:24:03,2015-05-07T11:24:03,0,,0,,,d6212237f4dd11e4aa85002590713bc0,0,0,1899-12-30T00:00:00,b75c7877f4dd11e4aa85002590713bc0,FRAMEWORXTOUCHPOINT,d6212239f4dd11e4aa85002590713bc0,FRAMEWORXTOUCHPOINT,32,32,32
2015-05-07T11:24:03,2015-05-07T11:24:03,0,,0,,,d621223cf4dd11e4aa85002590713bc0,0,0,1899-12-30T00:00:00,bde37e6df4dd11e4aa85002590713bc0,FRAMEWORXTOUCHPOINT,d621223ef4dd11e4aa85002590713bc0,FRAMEWORXTOUCHPOINT,32,32,32
2015-05-07T11:24:03,2015-05-07T11:24:03,0,,0,,,d6212241f4dd11e4aa85002590713bc0,0,0,1899-12-30T00:00:00,bde37e6df4dd11e4aa85002590713bc0,FRAMEWORXTOUCHPOINT,d6212243f4dd11e4aa85002590713bc0,FRAMEWORXTOUCHPOINT,32,32,32
2015-05-07T11:24:03,2015-05-07T11:24:03,0,,0,,,d6212246f4dd11e4aa85002590713bc0,0,0,1899-12-30T00:00:00,b75c7877f4dd11e4aa85002590713bc0,FRAMEWORXTOUCHPOINT,d6212248f4dd11e4aa85002590713bc0,FRAMEWORXTOUCHPOINT,32,32,32
2015-05-07T11:24:03,2015-05-07T11:24:03,0,,0,,,d621224bf4dd11e4aa85002590713bc0,0,0,1899-12-30T00:00:00,c41e586ff4dd11e4aa85002590713bc0,FRAMEWORXTOUCHPOINT,d621224df4dd11e4aa85002590713bc0,FRAMEWORXTOUCHPOINT,32,32,32
2015-05-07T11:24:03,2015-05-07T11:24:03,0,,0,,,d6212250f4dd11e4aa85002590713bc0,0,0,1899-12-30T00:00:00,c41e586ff4dd11e4aa85002590713bc0,FRAMEWORXTOUCHPOINT,d6212252f4dd11e4aa85002590713bc0,FRAMEWORXTOUCHPOINT,32,32,32
2015-05-07T11:24:04,2015-05-07T11:24:04,0,,0,,,d6212255f4dd11e4aa85002590713bc0,0,0,1899-12-30T00:00:00,b75c7877f4dd11e4aa85002590713bc0,FRAMEWORXTOUCHPOINT,d6212257f4dd11e4aa85002590713bc0,FRAMEWORXTOUCHPOINT,32,32,32
2015-05-07T11:24:04,2015-05-07T11:24:04,0,,0,,,d6212259f4dd11e4aa85002590713bc0,0,0,1899-12-30T00:00:00,b75c7877f4dd11e4aa85002590713bc0,FRAMEWORXTOUCHPOINT,d621225bf4dd11e4aa85002590713bc0,FRAMEWORXTOUCHPOINT,32,32,32
2015-05-07T11:24:04,2015-05-07T11:24:04,0,,0,,,d621225ef4dd11e4aa85002590713bc0,0,0,1899-12-30T00:00:00,b75c7877f4dd11e4aa85002590713bc0,FRAMEWORXTOUCHPOINT,d6212260f4dd11e4aa85002590713bc0,FRAMEWORXTOUCHPOINT,32,32,32
2015-05-07T11:24:04,2015-05-07T11:24:04,0,,0,,,d6212263f4dd11e4aa85002590713bc0,0,0,1899-12-30T00:00:00,b75c7877f4dd11e4aa85002590713bc0,FRAMEWORXTOUCHPOINT,d6212265f4dd11e4aa85002590713bc0,FRAMEWORXTOUCHPOINT,32,32,32
2015-05-07T11:24:04,2015-05-07T11:24:04,0,,0,,,d6212267f4dd11e4aa85002590713bc0,0,0,1899-12-30T00:00:00,b75c7877f4dd11e4aa85002590713bc0,FRAMEWORXTOUCHPOINT,d6212269f4dd11e4aa85002590713bc0,FRAMEWORXTOUCHPOINT,32,32,32
2015-05-07T11:24:04,2015-05-07T11:24:04,0,,0,,,d621226cf4dd11e4aa85002590713bc0,0,0,1899-12-30T00:00:00,b75c7877f4dd11e4aa85002590713bc0,FRAMEWORXTOUCHPOINT,d621226ef4dd11e4aa85002590713bc0,FRAMEWORXTOUCHPOINT,32,32,32
2015-05-07T11:24:04,2015-05-07T11:24:04,0,,0,,,d6212271f4dd11e4aa85002590713bc0,0,0,1899-12-30T00:00:00,d62121ebf4dd11e4aa85002590713bc0,FRAMEWORXTOUCHPOINT,d6212273f4dd11e4aa85002590713bc0,FRAMEWORXTOUCHPOINT,32,32,32
2015-05-07T11:24:04,2015-05-07T11:24:04,0,,0,,,d6212276f4dd11e4aa85002590713bc0,0,0,1899-12-30T00:00:00,d62121ebf4dd11e4aa85002590713bc0,FRAMEWORXTOUCHPOINT,d6212278f4dd11e4aa85002590713bc0,FRAMEWORXTOUCHPOINT,32,32,32
2015-05-07T11:24:04,2015-05-07T11:24:04,0,,0,,,d621227bf4dd11e4aa85002590713bc0,0,0,1899-12-30T00:00:00,d62121ebf4dd11e4aa85002590713bc0,FRAMEWORXTOUCHPOINT,d621227df4dd11e4aa85002590713bc0,FRAMEWORXTOUCHPOINT,32,32,32
2015-05-07T11:24:04,2015-05-07T11:24:04,0,,0,,,d6212280f4dd11e4aa85002590713bc0,0,0,1899-12-30T00:00:00,d6212228f4dd11e4aa85002590713bc0,FRAMEWORXTOUCHPOINT,d6212282f4dd11e4aa85002590713bc0,FRAMEWORXTOUCHPOINT,32,32,32
2015-05-07T11:24:04,2015-05-07T11:24:04,0,,0,,,d6212285f4dd11e4aa85002590713bc0,0,0,1899-12-30T00:00:00,d6212228f4dd11e4aa85002590713bc0,FRAMEWORXTOUCHPOINT,d6212287f4dd11e4aa85002590713bc0,FRAMEWORXTOUCHPOINT,32,32,32
2015-05-07T11:24:04,2015-05-07T11:24:04,0,,0,,,d621228af4dd11e4aa85002590713bc0,0,0,1899-12-30T00:00:00,d6212228f4dd11e4aa85002590713bc0,FRAMEWORXTOUCHPOINT,d621228cf4dd11e4aa85002590713bc0,FRAMEWORXTOUCHPOINT,32,32,32
2015-05-07T11:24:05,2015-05-07T11:24:05,0,,0,,,d6212290f4dd11e4aa85002590713bc0,0,0,1899-12-30T00:00:00,d621228ff4dd11e4aa85002590713bc0,FRAMEWORXTOUCHPOINT,d6212292f4dd11e4aa85002590713bc0,FRAMEWORXTOUCHPOINT,32,32,32
2015-05-07T11:24:05,2015-05-07T11:24:05,0,,0,,,d6212295f4dd11e4aa85002590713bc0,0,0,1899-12-30T00:00:00,d62121ebf4dd11e4aa85002590713bc0,FRAMEWORXTOUCHPOINT,d6212297f4dd11e4aa85002590713bc0,FRAMEWORXTOUCHPOINT,32,32,32
2015-05-07T11:24:05,2015-05-07T11:24:05,0,,0,,,d621229af4dd11e4aa85002590713bc0,0,0,1899-12-30T00:00:00,d62121ebf4dd11e4aa85002590713bc0,FRAMEWORXTOUCHPOINT,d621229cf4dd11e4aa85002590713bc0,FRAMEWORXTOUCHPOINT,32,32,32
2015-05-07T11:24:05,2015-05-07T11:24:05,0,,0,,,d62122a0f4dd11e4aa85002590713bc0,0,0,1899-12-30T00:00:00,d621229ff4dd11e4aa85002590713bc0,FRAMEWORXTOUCHPOINT,d62122a5f4dd11e4aa85002590713bc0,FRAMEWORXTOUCHPOINT,32,32,32
2015-05-07T11:24:05,2015-05-07T11:24:05,0,,0,,,d62122a7f4dd11e4aa85002590713bc0,0,0,1899-12-30T00:00:00,d621229ff4dd11e4aa85002590713bc0,FRAMEWORXTOUCHPOINT,d62122a9f4dd11e4aa85002590713bc0,FRAMEWORXTOUCHPOINT,32,32,32
2015-05-07T11:24:05,2015-05-07T11:24:05,0,,0,,,d62122acf4dd11e4aa85002590713bc0,0,0,1899-12-30T00:00:00,d621229ff4dd11e4aa85002590713bc0,FRAMEWORXTOUCHPOINT,d62122aef4dd11e4aa85002590713bc0,FRAMEWORXTOUCHPOINT,32,32,32
2015-05-07T11:24:05,2015-05-07T11:24:05,0,,0,,,d62122b0f4dd11e4aa85002590713bc0,0,0,1899-12-30T00:00:00,d621229ff4dd11e4aa85002590713bc0,FRAMEWORXTOUCHPOINT,d62122b2f4dd11e4aa85002590713bc0,FRAMEWORXTOUCHPOINT,32,32,32
2015-05-07T11:24:05,2015-05-07T11:24:05,0,,0,,,d62122b4f4dd11e4aa85002590713bc0,0,0,1899-12-30T00:00:00,d621229ff4dd11e4aa85002590713bc0,FRAMEWORXTOUCHPOINT,d62122b6f4dd11e4aa85002590713bc0,FRAMEWORXTOUCHPOINT,32,32,32
2015-05-07T11:24:05,2015-05-07T11:24:05,0,,0,,,d62122b9f4dd11e4aa85002590713bc0,0,0,1899-12-30T00:00:00,d621229ff4dd11e4aa85002590713bc0,FRAMEWORXTOUCHPOINT,d62122bbf4dd11e4aa85002590713bc0,FRAMEWORXTOUCHPOINT,32,32,32
2015-05-07T11:24:05,2015-05-07T11:24:05,0,,0,,,d62122bef4dd11e4aa85002590713bc0,0,0,1899-12-30T00:00:00,d621229ff4dd11e4aa85002590713bc0,FRAMEWORXTOUCHPOINT,d62122c0f4dd11e4aa85002590713bc0,FRAMEWORXTOUCHPOINT,32,32,32
2015-05-07T11:24:05,2015-05-07T11:24:05,0,,0,,,d62122c2f4dd11e4aa85002590713bc0,0,0,1899-12-30T00:00:00,d621229ff4dd11e4aa85002590713bc0,FRAMEWORXTOUCHPOINT,d62122c4f4dd11e4aa85002590713bc0,FRAMEWORXTOUCHPOINT,32,32,32
2015-05-07T11:24:05,2015-05-07T11:24:05,0,,0,,,d62122c6f4dd11e4aa85002590713bc0,0,0,1899-12-30T00:00:00,d621229ff4dd11e4aa85002590713bc0,FRAMEWORXTOUCHPOINT,d62122c8f4dd11e4aa85002590713bc0,FRAMEWORXTOUCHPOINT,32,32,32
2015-05-07T11:24:06,2015-05-07T11:24:06,0,,0,,,d62122caf4dd11e4aa85002590713bc0,0,0,1899-12-30T00:00:00,d621229ff4dd11e4aa85002590713bc0,FRAMEWORXTOUCHPOINT,dc195538f4dd11e4aa85002590713bc0,FRAMEWORXTOUCHPOINT,32,32,32
2015-05-07T11:24:06,2015-05-07T11:24:06,0,,0,,,dc19553af4dd11e4aa85002590713bc0,0,0,1899-12-30T00:00:00,d621229ff4dd11e4aa85002590713bc0,FRAMEWORXTOUCHPOINT,dc19553cf4dd11e4aa85002590713bc0,FRAMEWORXTOUCHPOINT,32,32,32
2015-05-07T11:24:06,2015-05-07T11:24:06,0,,0,,,dc19553ef4dd11e4aa85002590713bc0,0,0,1899-12-30T00:00:00,d621229ff4dd11e4aa85002590713bc0,FRAMEWORXTOUCHPOINT,dc195540f4dd11e4aa85002590713bc0,FRAMEWORXTOUCHPOINT,32,32,32
2015-05-07T11:24:06,2015-05-07T11:24:06,0,,0,,,dc195542f4dd11e4aa85002590713bc0,0,0,1899-12-30T00:00:00,d621229ff4dd11e4aa85002590713bc0,FRAMEWORXTOUCHPOINT,dc195544f4dd11e4aa85002590713bc0,FRAMEWORXTOUCHPOINT,32,32,32
2015-05-07T11:24:06,2015-05-07T11:24:06,0,,0,,,dc195546f4dd11e4aa85002590713bc0,0,0,1899-12-30T00:00:00,d621229ff4dd11e4aa85002590713bc0,FRAMEWORXTOUCHPOINT,dc195548f4dd11e4aa85002590713bc0,FRAMEWORXTOUCHPOINT,32,32,32
2015-05-07T11:24:06,2015-05-07T11:24:06,0,,0,,,dc19554af4dd11e4aa85002590713bc0,0,0,1899-12-30T00:00:00,d621229ff4dd11e4aa85002590713bc0,FRAMEWORXTOUCHPOINT,dc19554cf4dd11e4aa85002590713bc0,FRAMEWORXTOUCHPOINT,32,32,32
2015-05-07T11:24:06,2015-05-07T11:24:06,0,,0,,,dc19554ef4dd11e4aa85002590713bc0,0,0,1899-12-30T00:00:00,d621229ff4dd11e4aa85002590713bc0,FRAMEWORXTOUCHPOINT,dc195550f4dd11e4aa85002590713bc0,FRAMEWORXTOUCHPOINT,32,32,32
2015-05-07T11:24:06,2015-05-07T11:24:06,0,,0,,,dc195552f4dd11e4aa85002590713bc0,0,0,1899-12-30T00:00:00,d621229ff4dd11e4aa85002590713bc0,FRAMEWORXTOUCHPOINT,dc195554f4dd11e4aa85002590713bc0,FRAMEWORXTOUCHPOINT,32,32,32
