@UNIQUEIDENTIFIER,@WHENUPDATED,@ALLOWAUTOMATICDELETION,@VALIDATED,@TYPE,@DATEVALIDATED,@EXPORTFLAG,@WHENCREATED,@NAME,@DESCRIPTION,@TEMPLATE,RCABOVEOBJECT@UNIQUEIDENTIFIER,RCABOVEOBJECT@ANYOBJECTDESTINATION,RCBELOWOBJECT@UNIQUEIDENTIFIER,RCBELOWOBJECT@ANYOBJECTDESTINATION,RCWHOCREATEDTOUSER@UNIQUEIDENTIFIER,RCWHOOWNSTOUSER@UNIQUEIDENTIFIER,RCWHOUPDATEDTOUSER@UNIQUEIDENTIFIER
a003844b6f1311ec8109000d3a02ed0d,2022-01-06T17:11:03,0,0,,1899-12-30T00:00:00,0,2022-01-06T17:11:03,,,0,26f874415dcf11ec8107000d3a02ed0d,TMFSUBDOMAIN,20ff991f5dcf11ec8107000d3a02ed0d,TMFSUBDOMAIN,ATALMOR,ATALMOR,ATALMOR
a003844c6f1311ec8109000d3a02ed0d,2022-01-06T17:11:03,0,0,,1899-12-30T00:00:00,0,2022-01-06T17:11:03,,,0,26f874805dcf11ec8107000d3a02ed0d,TMFSUBDOMAIN,20ff99345dcf11ec8107000d3a02ed0d,TMFSUBDOMAIN,ATALMOR,ATALMOR,ATALMOR
a003844d6f1311ec8109000d3a02ed0d,2022-01-06T17:11:03,0,0,,1899-12-30T00:00:00,0,2022-01-06T17:11:03,,,0,26f874865dcf11ec8107000d3a02ed0d,TMFSUBDOMAIN,20ff99375dcf11ec8107000d3a02ed0d,TMFSUBDOMAIN,ATALMOR,ATALMOR,ATALMOR
a003844e6f1311ec8109000d3a02ed0d,2022-01-06T17:11:03,0,0,,1899-12-30T00:00:00,0,2022-01-06T17:11:03,,,0,2cf062335dcf11ec8107000d3a02ed0d,TMFSUBDOMAIN,20ff99b75dcf11ec8107000d3a02ed0d,TMFSUBDOMAIN,ATALMOR,ATALMOR,ATALMOR
a003844f6f1311ec8109000d3a02ed0d,2022-01-06T17:11:03,0,0,,1899-12-30T00:00:00,0,2022-01-06T17:11:03,,,0,2cf062085dcf11ec8107000d3a02ed0d,TMFSUBDOMAIN,20ff99a05dcf11ec8107000d3a02ed0d,TMFSUBDOMAIN,ATALMOR,ATALMOR,ATALMOR
a00384506f1311ec8109000d3a02ed0d,2022-01-06T17:11:03,0,0,,1899-12-30T00:00:00,0,2022-01-06T17:11:03,,,0,2cf062265dcf11ec8107000d3a02ed0d,TMFSUBDOMAIN,20ff99af5dcf11ec8107000d3a02ed0d,TMFSUBDOMAIN,ATALMOR,ATALMOR,ATALMOR
a00384516f1311ec8109000d3a02ed0d,2022-01-06T17:11:04,0,0,,1899-12-30T00:00:00,0,2022-01-06T17:11:04,,,0,2cf061f95dcf11ec8107000d3a02ed0d,TMFSUBDOMAIN,20ff99945dcf11ec8107000d3a02ed0d,TMFSUBDOMAIN,ATALMOR,ATALMOR,ATALMOR
a00384526f1311ec8109000d3a02ed0d,2022-01-06T17:11:04,0,0,,1899-12-30T00:00:00,0,2022-01-06T17:11:04,,,0,2cf0622b5dcf11ec8107000d3a02ed0d,TMFSUBDOMAIN,20ff99b45dcf11ec8107000d3a02ed0d,TMFSUBDOMAIN,ATALMOR,ATALMOR,ATALMOR
a00384536f1311ec8109000d3a02ed0d,2022-01-06T17:11:04,0,0,,1899-12-30T00:00:00,0,2022-01-06T17:11:04,,,0,2cf0620b5dcf11ec8107000d3a02ed0d,TMFSUBDOMAIN,20ff99a05dcf11ec8107000d3a02ed0d,TMFSUBDOMAIN,ATALMOR,ATALMOR,ATALMOR
a00384546f1311ec8109000d3a02ed0d,2022-01-06T17:11:04,0,0,,1899-12-30T00:00:00,0,2022-01-06T17:11:04,,,0,2cf0621d5dcf11ec8107000d3a02ed0d,TMFSUBDOMAIN,20ff99ac5dcf11ec8107000d3a02ed0d,TMFSUBDOMAIN,ATALMOR,ATALMOR,ATALMOR
a00384556f1311ec8109000d3a02ed0d,2022-01-06T17:11:04,0,0,,1899-12-30T00:00:00,0,2022-01-06T17:11:04,,,0,2cf062205dcf11ec8107000d3a02ed0d,TMFSUBDOMAIN,20ff99ac5dcf11ec8107000d3a02ed0d,TMFSUBDOMAIN,ATALMOR,ATALMOR,ATALMOR
a00384566f1311ec8109000d3a02ed0d,2022-01-06T17:11:04,0,0,,1899-12-30T00:00:00,0,2022-01-06T17:11:04,,,0,20ff99a35dcf11ec8107000d3a02ed0d,TMFSUBDOMAIN,20ff998b5dcf11ec8107000d3a02ed0d,TMFSUBDOMAIN,ATALMOR,ATALMOR,ATALMOR
a00384576f1311ec8109000d3a02ed0d,2022-01-06T17:11:04,0,0,,1899-12-30T00:00:00,0,2022-01-06T17:11:04,,,0,2cf062115dcf11ec8107000d3a02ed0d,TMFSUBDOMAIN,20ff99a35dcf11ec8107000d3a02ed0d,TMFSUBDOMAIN,ATALMOR,ATALMOR,ATALMOR
a00384586f1311ec8109000d3a02ed0d,2022-01-06T17:11:04,0,0,,1899-12-30T00:00:00,0,2022-01-06T17:11:04,,,0,2cf0621a5dcf11ec8107000d3a02ed0d,TMFSUBDOMAIN,20ff99a95dcf11ec8107000d3a02ed0d,TMFSUBDOMAIN,ATALMOR,ATALMOR,ATALMOR
a00384596f1311ec8109000d3a02ed0d,2022-01-06T17:11:04,0,0,,1899-12-30T00:00:00,0,2022-01-06T17:11:04,,,0,2cf062145dcf11ec8107000d3a02ed0d,TMFSUBDOMAIN,20ff99a65dcf11ec8107000d3a02ed0d,TMFSUBDOMAIN,ATALMOR,ATALMOR,ATALMOR
a003845a6f1311ec8109000d3a02ed0d,2022-01-06T17:11:04,0,0,,1899-12-30T00:00:00,0,2022-01-06T17:11:04,,,0,2cf062055dcf11ec8107000d3a02ed0d,TMFSUBDOMAIN,20ff999d5dcf11ec8107000d3a02ed0d,TMFSUBDOMAIN,ATALMOR,ATALMOR,ATALMOR
a003845b6f1311ec8109000d3a02ed0d,2022-01-06T17:11:04,0,0,,1899-12-30T00:00:00,0,2022-01-06T17:11:04,,,0,2cf062305dcf11ec8107000d3a02ed0d,TMFSUBDOMAIN,20ff99b45dcf11ec8107000d3a02ed0d,TMFSUBDOMAIN,ATALMOR,ATALMOR,ATALMOR
a003845c6f1311ec8109000d3a02ed0d,2022-01-06T17:11:04,0,0,,1899-12-30T00:00:00,0,2022-01-06T17:11:04,,,0,2cf0620e5dcf11ec8107000d3a02ed0d,TMFSUBDOMAIN,20ff99a05dcf11ec8107000d3a02ed0d,TMFSUBDOMAIN,ATALMOR,ATALMOR,ATALMOR
a003845d6f1311ec8109000d3a02ed0d,2022-01-06T17:11:04,0,0,,1899-12-30T00:00:00,0,2022-01-06T17:11:04,,,0,2cf062175dcf11ec8107000d3a02ed0d,TMFSUBDOMAIN,20ff99a65dcf11ec8107000d3a02ed0d,TMFSUBDOMAIN,ATALMOR,ATALMOR,ATALMOR
a003845f6f1311ec8109000d3a02ed0d,2022-01-06T17:11:05,0,0,,1899-12-30T00:00:00,0,2022-01-06T17:11:05,,,0,26f874535dcf11ec8107000d3a02ed0d,TMFSUBDOMAIN,20ff99415dcf11ec8107000d3a02ed0d,TMFSUBDOMAIN,ATALMOR,ATALMOR,ATALMOR
a00384606f1311ec8109000d3a02ed0d,2022-01-06T17:11:05,0,0,,1899-12-30T00:00:00,0,2022-01-06T17:11:05,,,0,2cf062bd5dcf11ec8107000d3a02ed0d,TMFSUBDOMAIN,20ff9a0a5dcf11ec8107000d3a02ed0d,TMFSUBDOMAIN,ATALMOR,ATALMOR,ATALMOR
a00384616f1311ec8109000d3a02ed0d,2022-01-06T17:11:05,0,0,,1899-12-30T00:00:00,0,2022-01-06T17:11:05,,,0,2cf0625d5dcf11ec8107000d3a02ed0d,TMFSUBDOMAIN,20ff99cc5dcf11ec8107000d3a02ed0d,TMFSUBDOMAIN,ATALMOR,ATALMOR,ATALMOR
a00384626f1311ec8109000d3a02ed0d,2022-01-06T17:11:05,0,0,,1899-12-30T00:00:00,0,2022-01-06T17:11:05,,,0,26f874775dcf11ec8107000d3a02ed0d,TMFSUBDOMAIN,20ff99315dcf11ec8107000d3a02ed0d,TMFSUBDOMAIN,ATALMOR,ATALMOR,ATALMOR
a00384636f1311ec8109000d3a02ed0d,2022-01-06T17:11:05,0,0,,1899-12-30T00:00:00,0,2022-01-06T17:11:05,,,0,b320e8b35dcf11ec8107000d3a02ed0d,TMFSUBDOMAIN,20ff99225dcf11ec8107000d3a02ed0d,TMFSUBDOMAIN,ATALMOR,ATALMOR,ATALMOR
a00384646f1311ec8109000d3a02ed0d,2022-01-06T17:11:05,0,0,,1899-12-30T00:00:00,0,2022-01-06T17:11:05,,,0,26f8749a5dcf11ec8107000d3a02ed0d,TMFSUBDOMAIN,20ff99465dcf11ec8107000d3a02ed0d,TMFSUBDOMAIN,ATALMOR,ATALMOR,ATALMOR
a00384656f1311ec8109000d3a02ed0d,2022-01-06T17:11:05,0,0,,1899-12-30T00:00:00,0,2022-01-06T17:11:05,,,0,26f874475dcf11ec8107000d3a02ed0d,TMFSUBDOMAIN,20ff99225dcf11ec8107000d3a02ed0d,TMFSUBDOMAIN,ATALMOR,ATALMOR,ATALMOR
a00384666f1311ec8109000d3a02ed0d,2022-01-06T17:11:06,0,0,,1899-12-30T00:00:00,0,2022-01-06T17:11:06,,,0,26f874565dcf11ec8107000d3a02ed0d,TMFSUBDOMAIN,20ff99285dcf11ec8107000d3a02ed0d,TMFSUBDOMAIN,ATALMOR,ATALMOR,ATALMOR
a00384676f1311ec8109000d3a02ed0d,2022-01-06T17:11:06,0,0,,1899-12-30T00:00:00,0,2022-01-06T17:11:06,,,0,26f874505dcf11ec8107000d3a02ed0d,TMFSUBDOMAIN,20ff99255dcf11ec8107000d3a02ed0d,TMFSUBDOMAIN,ATALMOR,ATALMOR,ATALMOR
a00384686f1311ec8109000d3a02ed0d,2022-01-06T17:11:06,0,0,,1899-12-30T00:00:00,0,2022-01-06T17:11:06,,,0,26f8749f5dcf11ec8107000d3a02ed0d,TMFSUBDOMAIN,20ff99465dcf11ec8107000d3a02ed0d,TMFSUBDOMAIN,ATALMOR,ATALMOR,ATALMOR
a00384696f1311ec8109000d3a02ed0d,2022-01-06T17:11:06,0,0,,1899-12-30T00:00:00,0,2022-01-06T17:11:06,,,0,26f8744a5dcf11ec8107000d3a02ed0d,TMFSUBDOMAIN,20ff99225dcf11ec8107000d3a02ed0d,TMFSUBDOMAIN,ATALMOR,ATALMOR,ATALMOR
a003846a6f1311ec8109000d3a02ed0d,2022-01-06T17:11:06,0,0,,1899-12-30T00:00:00,0,2022-01-06T17:11:06,,,0,26f8746e5dcf11ec8107000d3a02ed0d,TMFSUBDOMAIN,20ff992b5dcf11ec8107000d3a02ed0d,TMFSUBDOMAIN,ATALMOR,ATALMOR,ATALMOR
a003846b6f1311ec8109000d3a02ed0d,2022-01-06T17:11:06,0,0,,1899-12-30T00:00:00,0,2022-01-06T17:11:06,,,0,26f8746b5dcf11ec8107000d3a02ed0d,TMFSUBDOMAIN,20ff992b5dcf11ec8107000d3a02ed0d,TMFSUBDOMAIN,ATALMOR,ATALMOR,ATALMOR
a003846c6f1311ec8109000d3a02ed0d,2022-01-06T17:11:06,0,0,,1899-12-30T00:00:00,0,2022-01-06T17:11:06,,,0,26f874655dcf11ec8107000d3a02ed0d,TMFSUBDOMAIN,20ff992b5dcf11ec8107000d3a02ed0d,TMFSUBDOMAIN,ATALMOR,ATALMOR,ATALMOR
a003846d6f1311ec8109000d3a02ed0d,2022-01-06T17:11:06,0,0,,1899-12-30T00:00:00,0,2022-01-06T17:11:06,,,0,26f8745c5dcf11ec8107000d3a02ed0d,TMFSUBDOMAIN,20ff992b5dcf11ec8107000d3a02ed0d,TMFSUBDOMAIN,ATALMOR,ATALMOR,ATALMOR
a003846e6f1311ec8109000d3a02ed0d,2022-01-06T17:11:06,0,0,,1899-12-30T00:00:00,0,2022-01-06T17:11:06,,,0,26f874745dcf11ec8107000d3a02ed0d,TMFSUBDOMAIN,20ff992b5dcf11ec8107000d3a02ed0d,TMFSUBDOMAIN,ATALMOR,ATALMOR,ATALMOR
a003846f6f1311ec8109000d3a02ed0d,2022-01-06T17:11:06,0,0,,1899-12-30T00:00:00,0,2022-01-06T17:11:06,,,0,26f874685dcf11ec8107000d3a02ed0d,TMFSUBDOMAIN,20ff992b5dcf11ec8107000d3a02ed0d,TMFSUBDOMAIN,ATALMOR,ATALMOR,ATALMOR
a00384706f1311ec8109000d3a02ed0d,2022-01-06T17:11:06,0,0,,1899-12-30T00:00:00,0,2022-01-06T17:11:06,,,0,26f8745f5dcf11ec8107000d3a02ed0d,TMFSUBDOMAIN,20ff992b5dcf11ec8107000d3a02ed0d,TMFSUBDOMAIN,ATALMOR,ATALMOR,ATALMOR
a00384716f1311ec8109000d3a02ed0d,2022-01-06T17:11:06,0,0,,1899-12-30T00:00:00,0,2022-01-06T17:11:06,,,0,26f874715dcf11ec8107000d3a02ed0d,TMFSUBDOMAIN,20ff992b5dcf11ec8107000d3a02ed0d,TMFSUBDOMAIN,ATALMOR,ATALMOR,ATALMOR
a00384726f1311ec8109000d3a02ed0d,2022-01-06T17:11:06,0,0,,1899-12-30T00:00:00,0,2022-01-06T17:11:06,,,0,26f8747a5dcf11ec8107000d3a02ed0d,TMFSUBDOMAIN,20ff99315dcf11ec8107000d3a02ed0d,TMFSUBDOMAIN,ATALMOR,ATALMOR,ATALMOR
a00384736f1311ec8109000d3a02ed0d,2022-01-06T17:11:06,0,0,,1899-12-30T00:00:00,0,2022-01-06T17:11:06,,,0,26f8747d5dcf11ec8107000d3a02ed0d,TMFSUBDOMAIN,20ff99315dcf11ec8107000d3a02ed0d,TMFSUBDOMAIN,ATALMOR,ATALMOR,ATALMOR
a00384746f1311ec8109000d3a02ed0d,2022-01-06T17:11:06,0,0,,1899-12-30T00:00:00,0,2022-01-06T17:11:06,,,0,26f8744d5dcf11ec8107000d3a02ed0d,TMFSUBDOMAIN,20ff99225dcf11ec8107000d3a02ed0d,TMFSUBDOMAIN,ATALMOR,ATALMOR,ATALMOR
a00384756f1311ec8109000d3a02ed0d,2022-01-06T17:11:06,0,0,,1899-12-30T00:00:00,0,2022-01-06T17:11:06,,,0,26f874915dcf11ec8107000d3a02ed0d,TMFSUBDOMAIN,20ff993c5dcf11ec8107000d3a02ed0d,TMFSUBDOMAIN,ATALMOR,ATALMOR,ATALMOR
a00384766f1311ec8109000d3a02ed0d,2022-01-06T17:11:07,0,0,,1899-12-30T00:00:00,0,2022-01-06T17:11:07,,,0,2cf0626f5dcf11ec8107000d3a02ed0d,TMFSUBDOMAIN,20ff99e75dcf11ec8107000d3a02ed0d,TMFSUBDOMAIN,ATALMOR,ATALMOR,ATALMOR
a00384776f1311ec8109000d3a02ed0d,2022-01-06T17:11:07,0,0,,1899-12-30T00:00:00,0,2022-01-06T17:11:07,,,0,2cf062c95dcf11ec8107000d3a02ed0d,TMFSUBDOMAIN,20ff9a0d5dcf11ec8107000d3a02ed0d,TMFSUBDOMAIN,ATALMOR,ATALMOR,ATALMOR
a00384786f1311ec8109000d3a02ed0d,2022-01-06T17:11:07,0,0,,1899-12-30T00:00:00,0,2022-01-06T17:11:07,,,0,2cf062cc5dcf11ec8107000d3a02ed0d,TMFSUBDOMAIN,20ff9a0d5dcf11ec8107000d3a02ed0d,TMFSUBDOMAIN,ATALMOR,ATALMOR,ATALMOR
a00384796f1311ec8109000d3a02ed0d,2022-01-06T17:11:07,0,0,,1899-12-30T00:00:00,0,2022-01-06T17:11:07,,,0,2cf062c05dcf11ec8107000d3a02ed0d,TMFSUBDOMAIN,20ff9a0a5dcf11ec8107000d3a02ed0d,TMFSUBDOMAIN,ATALMOR,ATALMOR,ATALMOR
a003847a6f1311ec8109000d3a02ed0d,2022-01-06T17:11:07,0,0,,1899-12-30T00:00:00,0,2022-01-06T17:11:07,,,0,26f874895dcf11ec8107000d3a02ed0d,TMFSUBDOMAIN,20ff99375dcf11ec8107000d3a02ed0d,TMFSUBDOMAIN,ATALMOR,ATALMOR,ATALMOR
a003847b6f1311ec8109000d3a02ed0d,2022-01-06T17:11:07,0,0,,1899-12-30T00:00:00,0,2022-01-06T17:11:07,,,0,2cf062665dcf11ec8107000d3a02ed0d,TMFSUBDOMAIN,20ff99d55dcf11ec8107000d3a02ed0d,TMFSUBDOMAIN,ATALMOR,ATALMOR,ATALMOR
a003847c6f1311ec8109000d3a02ed0d,2022-01-06T17:11:07,0,0,,1899-12-30T00:00:00,0,2022-01-06T17:11:07,,,0,2cf062695dcf11ec8107000d3a02ed0d,TMFSUBDOMAIN,20ff99d55dcf11ec8107000d3a02ed0d,TMFSUBDOMAIN,ATALMOR,ATALMOR,ATALMOR
a003847d6f1311ec8109000d3a02ed0d,2022-01-06T17:11:07,0,0,,1899-12-30T00:00:00,0,2022-01-06T17:11:07,,,0,2cf062725dcf11ec8107000d3a02ed0d,TMFSUBDOMAIN,20ff99e75dcf11ec8107000d3a02ed0d,TMFSUBDOMAIN,ATALMOR,ATALMOR,ATALMOR
a003847e6f1311ec8109000d3a02ed0d,2022-01-06T17:11:07,0,0,,1899-12-30T00:00:00,0,2022-01-06T17:11:07,,,0,2cf0626c5dcf11ec8107000d3a02ed0d,TMFSUBDOMAIN,20ff99de5dcf11ec8107000d3a02ed0d,TMFSUBDOMAIN,ATALMOR,ATALMOR,ATALMOR
a003847f6f1311ec8109000d3a02ed0d,2022-01-06T17:11:07,0,0,,1899-12-30T00:00:00,0,2022-01-06T17:11:07,,,0,2cf062905dcf11ec8107000d3a02ed0d,TMFSUBDOMAIN,20ff99f45dcf11ec8107000d3a02ed0d,TMFSUBDOMAIN,ATALMOR,ATALMOR,ATALMOR
a00384806f1311ec8109000d3a02ed0d,2022-01-06T17:11:07,0,0,,1899-12-30T00:00:00,0,2022-01-06T17:11:07,,,0,2cf062935dcf11ec8107000d3a02ed0d,TMFSUBDOMAIN,20ff99f45dcf11ec8107000d3a02ed0d,TMFSUBDOMAIN,ATALMOR,ATALMOR,ATALMOR
a00384816f1311ec8109000d3a02ed0d,2022-01-06T17:11:07,0,0,,1899-12-30T00:00:00,0,2022-01-06T17:11:07,,,0,2cf0624e5dcf11ec8107000d3a02ed0d,TMFSUBDOMAIN,20ff99c65dcf11ec8107000d3a02ed0d,TMFSUBDOMAIN,ATALMOR,ATALMOR,ATALMOR
a00384826f1311ec8109000d3a02ed0d,2022-01-06T17:11:07,0,0,,1899-12-30T00:00:00,0,2022-01-06T17:11:07,,,0,2cf062785dcf11ec8107000d3a02ed0d,TMFSUBDOMAIN,20ff99f05dcf11ec8107000d3a02ed0d,TMFSUBDOMAIN,ATALMOR,ATALMOR,ATALMOR
a00384836f1311ec8109000d3a02ed0d,2022-01-06T17:11:07,0,0,,1899-12-30T00:00:00,0,2022-01-06T17:11:07,,,0,2cf0627b5dcf11ec8107000d3a02ed0d,TMFSUBDOMAIN,20ff99f05dcf11ec8107000d3a02ed0d,TMFSUBDOMAIN,ATALMOR,ATALMOR,ATALMOR
a00384846f1311ec8109000d3a02ed0d,2022-01-06T17:11:07,0,0,,1899-12-30T00:00:00,0,2022-01-06T17:11:07,,,0,2cf0627e5dcf11ec8107000d3a02ed0d,TMFSUBDOMAIN,20ff99f05dcf11ec8107000d3a02ed0d,TMFSUBDOMAIN,ATALMOR,ATALMOR,ATALMOR
a00384856f1311ec8109000d3a02ed0d,2022-01-06T17:11:08,0,0,,1899-12-30T00:00:00,0,2022-01-06T17:11:08,,,0,2cf0624b5dcf11ec8107000d3a02ed0d,TMFSUBDOMAIN,20ff99c35dcf11ec8107000d3a02ed0d,TMFSUBDOMAIN,ATALMOR,ATALMOR,ATALMOR
a00384866f1311ec8109000d3a02ed0d,2022-01-06T17:11:08,0,0,,1899-12-30T00:00:00,0,2022-01-06T17:11:08,,,0,2cf062db5dcf11ec8107000d3a02ed0d,TMFSUBDOMAIN,20ff9a135dcf11ec8107000d3a02ed0d,TMFSUBDOMAIN,ATALMOR,ATALMOR,ATALMOR
a00384876f1311ec8109000d3a02ed0d,2022-01-06T17:11:08,0,0,,1899-12-30T00:00:00,0,2022-01-06T17:11:08,,,0,2cf062815dcf11ec8107000d3a02ed0d,TMFSUBDOMAIN,20ff99f05dcf11ec8107000d3a02ed0d,TMFSUBDOMAIN,ATALMOR,ATALMOR,ATALMOR
a00384886f1311ec8109000d3a02ed0d,2022-01-06T17:11:08,0,0,,1899-12-30T00:00:00,0,2022-01-06T17:11:08,,,0,2cf062605dcf11ec8107000d3a02ed0d,TMFSUBDOMAIN,20ff99cc5dcf11ec8107000d3a02ed0d,TMFSUBDOMAIN,ATALMOR,ATALMOR,ATALMOR
a00384896f1311ec8109000d3a02ed0d,2022-01-06T17:11:08,0,0,,1899-12-30T00:00:00,0,2022-01-06T17:11:08,,,0,26f8748c5dcf11ec8107000d3a02ed0d,TMFSUBDOMAIN,20ff99375dcf11ec8107000d3a02ed0d,TMFSUBDOMAIN,ATALMOR,ATALMOR,ATALMOR
a003848a6f1311ec8109000d3a02ed0d,2022-01-06T17:11:08,0,0,,1899-12-30T00:00:00,0,2022-01-06T17:11:08,,,0,2cf062a85dcf11ec8107000d3a02ed0d,TMFSUBDOMAIN,20ff99fd5dcf11ec8107000d3a02ed0d,TMFSUBDOMAIN,ATALMOR,ATALMOR,ATALMOR
a003848b6f1311ec8109000d3a02ed0d,2022-01-06T17:11:08,0,0,,1899-12-30T00:00:00,0,2022-01-06T17:11:08,,,0,2cf062515dcf11ec8107000d3a02ed0d,TMFSUBDOMAIN,20ff99c65dcf11ec8107000d3a02ed0d,TMFSUBDOMAIN,ATALMOR,ATALMOR,ATALMOR
a003848c6f1311ec8109000d3a02ed0d,2022-01-06T17:11:08,0,0,,1899-12-30T00:00:00,0,2022-01-06T17:11:08,,,0,2cf0629f5dcf11ec8107000d3a02ed0d,TMFSUBDOMAIN,20ff99fa5dcf11ec8107000d3a02ed0d,TMFSUBDOMAIN,ATALMOR,ATALMOR,ATALMOR
a003848d6f1311ec8109000d3a02ed0d,2022-01-06T17:11:08,0,0,,1899-12-30T00:00:00,0,2022-01-06T17:11:08,,,0,26f875135dcf11ec8107000d3a02ed0d,TMFSUBDOMAIN,20ff997f5dcf11ec8107000d3a02ed0d,TMFSUBDOMAIN,ATALMOR,ATALMOR,ATALMOR
a003848e6f1311ec8109000d3a02ed0d,2022-01-06T17:11:08,0,0,,1899-12-30T00:00:00,0,2022-01-06T17:11:08,,,0,20ff9a555dcf11ec8107000d3a02ed0d,TMFSUBDOMAIN,20ff99135dcf11ec8107000d3a02ed0d,TMFSUBDOMAIN,ATALMOR,ATALMOR,ATALMOR
a003848f6f1311ec8109000d3a02ed0d,2022-01-06T17:11:08,0,0,,1899-12-30T00:00:00,0,2022-01-06T17:11:08,,,0,20ff9a165dcf11ec8107000d3a02ed0d,TMFSUBDOMAIN,20ff98f25dcf11ec8107000d3a02ed0d,TMFSUBDOMAIN,ATALMOR,ATALMOR,ATALMOR
a00384906f1311ec8109000d3a02ed0d,2022-01-06T17:11:08,0,0,,1899-12-30T00:00:00,0,2022-01-06T17:11:08,,,0,20ff9a195dcf11ec8107000d3a02ed0d,TMFSUBDOMAIN,20ff98f55dcf11ec8107000d3a02ed0d,TMFSUBDOMAIN,ATALMOR,ATALMOR,ATALMOR
a00384916f1311ec8109000d3a02ed0d,2022-01-06T17:11:08,0,0,,1899-12-30T00:00:00,0,2022-01-06T17:11:08,,,0,20ff9a1c5dcf11ec8107000d3a02ed0d,TMFSUBDOMAIN,20ff98f85dcf11ec8107000d3a02ed0d,TMFSUBDOMAIN,ATALMOR,ATALMOR,ATALMOR
a00384926f1311ec8109000d3a02ed0d,2022-01-06T17:11:08,0,0,,1899-12-30T00:00:00,0,2022-01-06T17:11:08,,,0,20ff9a255dcf11ec8107000d3a02ed0d,TMFSUBDOMAIN,20ff98fe5dcf11ec8107000d3a02ed0d,TMFSUBDOMAIN,ATALMOR,ATALMOR,ATALMOR
a00384936f1311ec8109000d3a02ed0d,2022-01-06T17:11:09,0,0,,1899-12-30T00:00:00,0,2022-01-06T17:11:09,,,0,20ff9a285dcf11ec8107000d3a02ed0d,TMFSUBDOMAIN,20ff98fe5dcf11ec8107000d3a02ed0d,TMFSUBDOMAIN,ATALMOR,ATALMOR,ATALMOR
a00384946f1311ec8109000d3a02ed0d,2022-01-06T17:11:09,0,0,,1899-12-30T00:00:00,0,2022-01-06T17:11:09,,,0,20ff9a1f5dcf11ec8107000d3a02ed0d,TMFSUBDOMAIN,20ff98f85dcf11ec8107000d3a02ed0d,TMFSUBDOMAIN,ATALMOR,ATALMOR,ATALMOR
a00384956f1311ec8109000d3a02ed0d,2022-01-06T17:11:09,0,0,,1899-12-30T00:00:00,0,2022-01-06T17:11:09,,,0,26f874625dcf11ec8107000d3a02ed0d,TMFSUBDOMAIN,20ff992b5dcf11ec8107000d3a02ed0d,TMFSUBDOMAIN,ATALMOR,ATALMOR,ATALMOR
a00384966f1311ec8109000d3a02ed0d,2022-01-06T17:11:09,0,0,,1899-12-30T00:00:00,0,2022-01-06T17:11:09,,,0,20ff9a375dcf11ec8107000d3a02ed0d,TMFSUBDOMAIN,20ff99075dcf11ec8107000d3a02ed0d,TMFSUBDOMAIN,ATALMOR,ATALMOR,ATALMOR
a00384976f1311ec8109000d3a02ed0d,2022-01-06T17:11:09,0,0,,1899-12-30T00:00:00,0,2022-01-06T17:11:09,,,0,20ff9a495dcf11ec8107000d3a02ed0d,TMFSUBDOMAIN,20ff99105dcf11ec8107000d3a02ed0d,TMFSUBDOMAIN,ATALMOR,ATALMOR,ATALMOR
a00384986f1311ec8109000d3a02ed0d,2022-01-06T17:11:09,0,0,,1899-12-30T00:00:00,0,2022-01-06T17:11:09,,,0,2cf062755dcf11ec8107000d3a02ed0d,TMFSUBDOMAIN,20ff99e75dcf11ec8107000d3a02ed0d,TMFSUBDOMAIN,ATALMOR,ATALMOR,ATALMOR
a00384996f1311ec8109000d3a02ed0d,2022-01-06T17:11:09,0,0,,1899-12-30T00:00:00,0,2022-01-06T17:11:09,,,0,26f874835dcf11ec8107000d3a02ed0d,TMFSUBDOMAIN,20ff99345dcf11ec8107000d3a02ed0d,TMFSUBDOMAIN,ATALMOR,ATALMOR,ATALMOR
a003849a6f1311ec8109000d3a02ed0d,2022-01-06T17:11:09,0,0,,1899-12-30T00:00:00,0,2022-01-06T17:11:09,,,0,2cf062845dcf11ec8107000d3a02ed0d,TMFSUBDOMAIN,20ff99c95dcf11ec8107000d3a02ed0d,TMFSUBDOMAIN,ATALMOR,ATALMOR,ATALMOR
a003849b6f1311ec8109000d3a02ed0d,2022-01-06T17:11:09,0,0,,1899-12-30T00:00:00,0,2022-01-06T17:11:09,,,0,2cf062de5dcf11ec8107000d3a02ed0d,TMFSUBDOMAIN,20ff9a135dcf11ec8107000d3a02ed0d,TMFSUBDOMAIN,ATALMOR,ATALMOR,ATALMOR
a003849c6f1311ec8109000d3a02ed0d,2022-01-06T17:11:09,0,0,,1899-12-30T00:00:00,0,2022-01-06T17:11:09,,,0,2cf062e15dcf11ec8107000d3a02ed0d,TMFSUBDOMAIN,20ff9a135dcf11ec8107000d3a02ed0d,TMFSUBDOMAIN,ATALMOR,ATALMOR,ATALMOR
a003849d6f1311ec8109000d3a02ed0d,2022-01-06T17:11:09,0,0,,1899-12-30T00:00:00,0,2022-01-06T17:11:09,,,0,26f874595dcf11ec8107000d3a02ed0d,TMFSUBDOMAIN,20ff99285dcf11ec8107000d3a02ed0d,TMFSUBDOMAIN,ATALMOR,ATALMOR,ATALMOR
a003849e6f1311ec8109000d3a02ed0d,2022-01-06T17:11:09,0,0,,1899-12-30T00:00:00,0,2022-01-06T17:11:09,,,0,2cf062ae5dcf11ec8107000d3a02ed0d,TMFSUBDOMAIN,20ff9a045dcf11ec8107000d3a02ed0d,TMFSUBDOMAIN,ATALMOR,ATALMOR,ATALMOR
a003849f6f1311ec8109000d3a02ed0d,2022-01-06T17:11:09,0,0,,1899-12-30T00:00:00,0,2022-01-06T17:11:09,,,0,2cf062ab5dcf11ec8107000d3a02ed0d,TMFSUBDOMAIN,20ff9a015dcf11ec8107000d3a02ed0d,TMFSUBDOMAIN,ATALMOR,ATALMOR,ATALMOR
a00384a06f1311ec8109000d3a02ed0d,2022-01-06T17:11:09,0,0,,1899-12-30T00:00:00,0,2022-01-06T17:11:09,,,0,2cf062b15dcf11ec8107000d3a02ed0d,TMFSUBDOMAIN,20ff9a045dcf11ec8107000d3a02ed0d,TMFSUBDOMAIN,ATALMOR,ATALMOR,ATALMOR
a00384a16f1311ec8109000d3a02ed0d,2022-01-06T17:11:09,0,0,,1899-12-30T00:00:00,0,2022-01-06T17:11:09,,,0,26f8743e5dcf11ec8107000d3a02ed0d,TMFSUBDOMAIN,20ff991c5dcf11ec8107000d3a02ed0d,TMFSUBDOMAIN,ATALMOR,ATALMOR,ATALMOR
a00384a26f1311ec8109000d3a02ed0d,2022-01-06T17:11:10,0,0,,1899-12-30T00:00:00,0,2022-01-06T17:11:10,,,0,20ff9a4c5dcf11ec8107000d3a02ed0d,TMFSUBDOMAIN,20ff99105dcf11ec8107000d3a02ed0d,TMFSUBDOMAIN,ATALMOR,ATALMOR,ATALMOR
a00384a36f1311ec8109000d3a02ed0d,2022-01-06T17:11:10,0,0,,1899-12-30T00:00:00,0,2022-01-06T17:11:10,,,0,26f8742c5dcf11ec8107000d3a02ed0d,TMFSUBDOMAIN,20ff99165dcf11ec8107000d3a02ed0d,TMFSUBDOMAIN,ATALMOR,ATALMOR,ATALMOR
a00384a46f1311ec8109000d3a02ed0d,2022-01-06T17:11:10,0,0,,1899-12-30T00:00:00,0,2022-01-06T17:11:10,,,0,26f874295dcf11ec8107000d3a02ed0d,TMFSUBDOMAIN,20ff99135dcf11ec8107000d3a02ed0d,TMFSUBDOMAIN,ATALMOR,ATALMOR,ATALMOR
a00384a56f1311ec8109000d3a02ed0d,2022-01-06T17:11:10,0,0,,1899-12-30T00:00:00,0,2022-01-06T17:11:10,,,0,20ff9a4f5dcf11ec8107000d3a02ed0d,TMFSUBDOMAIN,20ff99105dcf11ec8107000d3a02ed0d,TMFSUBDOMAIN,ATALMOR,ATALMOR,ATALMOR
a00384a66f1311ec8109000d3a02ed0d,2022-01-06T17:11:10,0,0,,1899-12-30T00:00:00,0,2022-01-06T17:11:10,,,0,26f8742f5dcf11ec8107000d3a02ed0d,TMFSUBDOMAIN,20ff99165dcf11ec8107000d3a02ed0d,TMFSUBDOMAIN,ATALMOR,ATALMOR,ATALMOR
a00384a76f1311ec8109000d3a02ed0d,2022-01-06T17:11:10,0,0,,1899-12-30T00:00:00,0,2022-01-06T17:11:10,,,0,26f874325dcf11ec8107000d3a02ed0d,TMFSUBDOMAIN,20ff99165dcf11ec8107000d3a02ed0d,TMFSUBDOMAIN,ATALMOR,ATALMOR,ATALMOR
a00384a86f1311ec8109000d3a02ed0d,2022-01-06T17:11:10,0,0,,1899-12-30T00:00:00,0,2022-01-06T17:11:10,,,0,26f874355dcf11ec8107000d3a02ed0d,TMFSUBDOMAIN,20ff99165dcf11ec8107000d3a02ed0d,TMFSUBDOMAIN,ATALMOR,ATALMOR,ATALMOR
a00384a96f1311ec8109000d3a02ed0d,2022-01-06T17:11:10,0,0,,1899-12-30T00:00:00,0,2022-01-06T17:11:10,,,0,20ff9a405dcf11ec8107000d3a02ed0d,TMFSUBDOMAIN,20ff990a5dcf11ec8107000d3a02ed0d,TMFSUBDOMAIN,ATALMOR,ATALMOR,ATALMOR
a00384aa6f1311ec8109000d3a02ed0d,2022-01-06T17:11:10,0,0,,1899-12-30T00:00:00,0,2022-01-06T17:11:10,,,0,20ff9a525dcf11ec8107000d3a02ed0d,TMFSUBDOMAIN,20ff99105dcf11ec8107000d3a02ed0d,TMFSUBDOMAIN,ATALMOR,ATALMOR,ATALMOR
a00384ab6f1311ec8109000d3a02ed0d,2022-01-06T17:11:10,0,0,,1899-12-30T00:00:00,0,2022-01-06T17:11:10,,,0,20ff9a465dcf11ec8107000d3a02ed0d,TMFSUBDOMAIN,20ff990d5dcf11ec8107000d3a02ed0d,TMFSUBDOMAIN,ATALMOR,ATALMOR,ATALMOR
a00384ac6f1311ec8109000d3a02ed0d,2022-01-06T17:11:10,0,0,,1899-12-30T00:00:00,0,2022-01-06T17:11:10,,,0,c514d3535dcf11ec8107000d3a02ed0d,TMFSUBDOMAIN,20ff990d5dcf11ec8107000d3a02ed0d,TMFSUBDOMAIN,ATALMOR,ATALMOR,ATALMOR
a00384ad6f1311ec8109000d3a02ed0d,2022-01-06T17:11:10,0,0,,1899-12-30T00:00:00,0,2022-01-06T17:11:10,,,0,26f874385dcf11ec8107000d3a02ed0d,TMFSUBDOMAIN,20ff99195dcf11ec8107000d3a02ed0d,TMFSUBDOMAIN,ATALMOR,ATALMOR,ATALMOR
a00384ae6f1311ec8109000d3a02ed0d,2022-01-06T17:11:10,0,0,,1899-12-30T00:00:00,0,2022-01-06T17:11:10,,,0,26f8743b5dcf11ec8107000d3a02ed0d,TMFSUBDOMAIN,20ff99195dcf11ec8107000d3a02ed0d,TMFSUBDOMAIN,ATALMOR,ATALMOR,ATALMOR
a00384af6f1311ec8109000d3a02ed0d,2022-01-06T17:11:10,0,0,,1899-12-30T00:00:00,0,2022-01-06T17:11:10,,,0,20ff9a435dcf11ec8107000d3a02ed0d,TMFSUBDOMAIN,20ff990a5dcf11ec8107000d3a02ed0d,TMFSUBDOMAIN,ATALMOR,ATALMOR,ATALMOR
a00384b06f1311ec8109000d3a02ed0d,2022-01-06T17:11:10,0,0,,1899-12-30T00:00:00,0,2022-01-06T17:11:10,,,0,2cf062d55dcf11ec8107000d3a02ed0d,TMFSUBDOMAIN,20ff9a105dcf11ec8107000d3a02ed0d,TMFSUBDOMAIN,ATALMOR,ATALMOR,ATALMOR
a00384b16f1311ec8109000d3a02ed0d,2022-01-06T17:11:11,0,0,,1899-12-30T00:00:00,0,2022-01-06T17:11:11,,,0,2cf062d85dcf11ec8107000d3a02ed0d,TMFSUBDOMAIN,20ff9a105dcf11ec8107000d3a02ed0d,TMFSUBDOMAIN,ATALMOR,ATALMOR,ATALMOR
a00384b26f1311ec8109000d3a02ed0d,2022-01-06T17:11:11,0,0,,1899-12-30T00:00:00,0,2022-01-06T17:11:11,,,0,2cf061fc5dcf11ec8107000d3a02ed0d,TMFSUBDOMAIN,20ff99975dcf11ec8107000d3a02ed0d,TMFSUBDOMAIN,ATALMOR,ATALMOR,ATALMOR
a00384b36f1311ec8109000d3a02ed0d,2022-01-06T17:11:11,0,0,,1899-12-30T00:00:00,0,2022-01-06T17:11:11,,,0,2cf061ff5dcf11ec8107000d3a02ed0d,TMFSUBDOMAIN,20ff999a5dcf11ec8107000d3a02ed0d,TMFSUBDOMAIN,ATALMOR,ATALMOR,ATALMOR
a00384b46f1311ec8109000d3a02ed0d,2022-01-06T17:11:11,0,0,,1899-12-30T00:00:00,0,2022-01-06T17:11:11,,,0,2cf062025dcf11ec8107000d3a02ed0d,TMFSUBDOMAIN,20ff999a5dcf11ec8107000d3a02ed0d,TMFSUBDOMAIN,ATALMOR,ATALMOR,ATALMOR
a00384b56f1311ec8109000d3a02ed0d,2022-01-06T17:11:11,0,0,,1899-12-30T00:00:00,0,2022-01-06T17:11:11,,,0,2cf062b45dcf11ec8107000d3a02ed0d,TMFSUBDOMAIN,20ff9a075dcf11ec8107000d3a02ed0d,TMFSUBDOMAIN,ATALMOR,ATALMOR,ATALMOR
a00384b66f1311ec8109000d3a02ed0d,2022-01-06T17:11:11,0,0,,1899-12-30T00:00:00,0,2022-01-06T17:11:11,,,0,26f875045dcf11ec8107000d3a02ed0d,TMFSUBDOMAIN,20ff99765dcf11ec8107000d3a02ed0d,TMFSUBDOMAIN,ATALMOR,ATALMOR,ATALMOR
a00384b76f1311ec8109000d3a02ed0d,2022-01-06T17:11:11,0,0,,1899-12-30T00:00:00,0,2022-01-06T17:11:11,,,0,26f875165dcf11ec8107000d3a02ed0d,TMFSUBDOMAIN,20ff997f5dcf11ec8107000d3a02ed0d,TMFSUBDOMAIN,ATALMOR,ATALMOR,ATALMOR
a00384b86f1311ec8109000d3a02ed0d,2022-01-06T17:11:11,0,0,,1899-12-30T00:00:00,0,2022-01-06T17:11:11,,,0,2cf062a25dcf11ec8107000d3a02ed0d,TMFSUBDOMAIN,20ff99fa5dcf11ec8107000d3a02ed0d,TMFSUBDOMAIN,ATALMOR,ATALMOR,ATALMOR
a00384b96f1311ec8109000d3a02ed0d,2022-01-06T17:11:11,0,0,,1899-12-30T00:00:00,0,2022-01-06T17:11:11,,,0,2cf062a55dcf11ec8107000d3a02ed0d,TMFSUBDOMAIN,20ff99fa5dcf11ec8107000d3a02ed0d,TMFSUBDOMAIN,ATALMOR,ATALMOR,ATALMOR
a00384ba6f1311ec8109000d3a02ed0d,2022-01-06T17:11:11,0,0,,1899-12-30T00:00:00,0,2022-01-06T17:11:11,,,0,26f8755d5dcf11ec8107000d3a02ed0d,TMFSUBDOMAIN,20ff998e5dcf11ec8107000d3a02ed0d,TMFSUBDOMAIN,ATALMOR,ATALMOR,ATALMOR
a00384bb6f1311ec8109000d3a02ed0d,2022-01-06T17:11:11,0,0,,1899-12-30T00:00:00,0,2022-01-06T17:11:11,,,0,2cf061ea5dcf11ec8107000d3a02ed0d,TMFSUBDOMAIN,20ff998e5dcf11ec8107000d3a02ed0d,TMFSUBDOMAIN,ATALMOR,ATALMOR,ATALMOR
a00384bc6f1311ec8109000d3a02ed0d,2022-01-06T17:11:11,0,0,,1899-12-30T00:00:00,0,2022-01-06T17:11:11,,,0,26f875195dcf11ec8107000d3a02ed0d,TMFSUBDOMAIN,20ff997f5dcf11ec8107000d3a02ed0d,TMFSUBDOMAIN,ATALMOR,ATALMOR,ATALMOR
a00384bd6f1311ec8109000d3a02ed0d,2022-01-06T17:11:11,0,0,,1899-12-30T00:00:00,0,2022-01-06T17:11:11,,,0,26f8751c5dcf11ec8107000d3a02ed0d,TMFSUBDOMAIN,20ff997f5dcf11ec8107000d3a02ed0d,TMFSUBDOMAIN,ATALMOR,ATALMOR,ATALMOR
a00384be6f1311ec8109000d3a02ed0d,2022-01-06T17:11:11,0,0,,1899-12-30T00:00:00,0,2022-01-06T17:11:11,,,0,26f8753a5dcf11ec8107000d3a02ed0d,TMFSUBDOMAIN,20ff997f5dcf11ec8107000d3a02ed0d,TMFSUBDOMAIN,ATALMOR,ATALMOR,ATALMOR
a00384bf6f1311ec8109000d3a02ed0d,2022-01-06T17:11:12,0,0,,1899-12-30T00:00:00,0,2022-01-06T17:11:12,,,0,2cf061ed5dcf11ec8107000d3a02ed0d,TMFSUBDOMAIN,20ff99915dcf11ec8107000d3a02ed0d,TMFSUBDOMAIN,ATALMOR,ATALMOR,ATALMOR
a00384c06f1311ec8109000d3a02ed0d,2022-01-06T17:11:12,0,0,,1899-12-30T00:00:00,0,2022-01-06T17:11:12,,,0,26f874f85dcf11ec8107000d3a02ed0d,TMFSUBDOMAIN,20ff996d5dcf11ec8107000d3a02ed0d,TMFSUBDOMAIN,ATALMOR,ATALMOR,ATALMOR
a00384c16f1311ec8109000d3a02ed0d,2022-01-06T17:11:12,0,0,,1899-12-30T00:00:00,0,2022-01-06T17:11:12,,,0,cb0df3ee5dcf11ec8107000d3a02ed0d,TMFSUBDOMAIN,20ff997f5dcf11ec8107000d3a02ed0d,TMFSUBDOMAIN,ATALMOR,ATALMOR,ATALMOR
a00384c26f1311ec8109000d3a02ed0d,2022-01-06T17:11:12,0,0,,1899-12-30T00:00:00,0,2022-01-06T17:11:12,,,0,26f8751f5dcf11ec8107000d3a02ed0d,TMFSUBDOMAIN,20ff997f5dcf11ec8107000d3a02ed0d,TMFSUBDOMAIN,ATALMOR,ATALMOR,ATALMOR
a00384c36f1311ec8109000d3a02ed0d,2022-01-06T17:11:12,0,0,,1899-12-30T00:00:00,0,2022-01-06T17:11:12,,,0,26f8753d5dcf11ec8107000d3a02ed0d,TMFSUBDOMAIN,20ff99885dcf11ec8107000d3a02ed0d,TMFSUBDOMAIN,ATALMOR,ATALMOR,ATALMOR
a00384c46f1311ec8109000d3a02ed0d,2022-01-06T17:11:12,0,0,,1899-12-30T00:00:00,0,2022-01-06T17:11:12,,,0,26f875405dcf11ec8107000d3a02ed0d,TMFSUBDOMAIN,20ff99885dcf11ec8107000d3a02ed0d,TMFSUBDOMAIN,ATALMOR,ATALMOR,ATALMOR
a00384c56f1311ec8109000d3a02ed0d,2022-01-06T17:11:12,0,0,,1899-12-30T00:00:00,0,2022-01-06T17:11:12,,,0,26f875435dcf11ec8107000d3a02ed0d,TMFSUBDOMAIN,20ff99885dcf11ec8107000d3a02ed0d,TMFSUBDOMAIN,ATALMOR,ATALMOR,ATALMOR
a00384c66f1311ec8109000d3a02ed0d,2022-01-06T17:11:12,0,0,,1899-12-30T00:00:00,0,2022-01-06T17:11:12,,,0,26f875465dcf11ec8107000d3a02ed0d,TMFSUBDOMAIN,20ff99885dcf11ec8107000d3a02ed0d,TMFSUBDOMAIN,ATALMOR,ATALMOR,ATALMOR
a00384c76f1311ec8109000d3a02ed0d,2022-01-06T17:11:12,0,0,,1899-12-30T00:00:00,0,2022-01-06T17:11:12,,,0,26f875575dcf11ec8107000d3a02ed0d,TMFSUBDOMAIN,20ff998e5dcf11ec8107000d3a02ed0d,TMFSUBDOMAIN,ATALMOR,ATALMOR,ATALMOR
a00384c86f1311ec8109000d3a02ed0d,2022-01-06T17:11:12,0,0,,1899-12-30T00:00:00,0,2022-01-06T17:11:12,,,0,26f8755a5dcf11ec8107000d3a02ed0d,TMFSUBDOMAIN,20ff998e5dcf11ec8107000d3a02ed0d,TMFSUBDOMAIN,ATALMOR,ATALMOR,ATALMOR
a00384c96f1311ec8109000d3a02ed0d,2022-01-06T17:11:12,0,0,,1899-12-30T00:00:00,0,2022-01-06T17:11:12,,,0,c514d3745dcf11ec8107000d3a02ed0d,TMFSUBDOMAIN,20ff998e5dcf11ec8107000d3a02ed0d,TMFSUBDOMAIN,ATALMOR,ATALMOR,ATALMOR
a00384ca6f1311ec8109000d3a02ed0d,2022-01-06T17:11:12,0,0,,1899-12-30T00:00:00,0,2022-01-06T17:11:12,,,0,26f875225dcf11ec8107000d3a02ed0d,TMFSUBDOMAIN,20ff997f5dcf11ec8107000d3a02ed0d,TMFSUBDOMAIN,ATALMOR,ATALMOR,ATALMOR
a00384cb6f1311ec8109000d3a02ed0d,2022-01-06T17:11:12,0,0,,1899-12-30T00:00:00,0,2022-01-06T17:11:12,,,0,26f875015dcf11ec8107000d3a02ed0d,TMFSUBDOMAIN,20ff99735dcf11ec8107000d3a02ed0d,TMFSUBDOMAIN,ATALMOR,ATALMOR,ATALMOR
a00384cc6f1311ec8109000d3a02ed0d,2022-01-06T17:11:12,0,0,,1899-12-30T00:00:00,0,2022-01-06T17:11:12,,,0,26f875075dcf11ec8107000d3a02ed0d,TMFSUBDOMAIN,20ff99765dcf11ec8107000d3a02ed0d,TMFSUBDOMAIN,ATALMOR,ATALMOR,ATALMOR
a00384cd6f1311ec8109000d3a02ed0d,2022-01-06T17:11:12,0,0,,1899-12-30T00:00:00,0,2022-01-06T17:11:12,,,0,20ff99765dcf11ec8107000d3a02ed0d,TMFSUBDOMAIN,20ff99765dcf11ec8107000d3a02ed0d,TMFSUBDOMAIN,ATALMOR,ATALMOR,ATALMOR
a00384ce6f1311ec8109000d3a02ed0d,2022-01-06T17:11:13,0,0,,1899-12-30T00:00:00,0,2022-01-06T17:11:13,,,0,26f874fe5dcf11ec8107000d3a02ed0d,TMFSUBDOMAIN,20ff99705dcf11ec8107000d3a02ed0d,TMFSUBDOMAIN,ATALMOR,ATALMOR,ATALMOR
a00384cf6f1311ec8109000d3a02ed0d,2022-01-06T17:11:13,0,0,,1899-12-30T00:00:00,0,2022-01-06T17:11:13,,,0,26f8752e5dcf11ec8107000d3a02ed0d,TMFSUBDOMAIN,20ff99825dcf11ec8107000d3a02ed0d,TMFSUBDOMAIN,ATALMOR,ATALMOR,ATALMOR
a00384d06f1311ec8109000d3a02ed0d,2022-01-06T17:11:13,0,0,,1899-12-30T00:00:00,0,2022-01-06T17:11:13,,,0,26f875255dcf11ec8107000d3a02ed0d,TMFSUBDOMAIN,20ff99825dcf11ec8107000d3a02ed0d,TMFSUBDOMAIN,ATALMOR,ATALMOR,ATALMOR
a00384d16f1311ec8109000d3a02ed0d,2022-01-06T17:11:13,0,0,,1899-12-30T00:00:00,0,2022-01-06T17:11:13,,,0,26f875285dcf11ec8107000d3a02ed0d,TMFSUBDOMAIN,20ff99825dcf11ec8107000d3a02ed0d,TMFSUBDOMAIN,ATALMOR,ATALMOR,ATALMOR
a00384d36f1311ec8109000d3a02ed0d,2022-01-06T17:11:13,0,0,,1899-12-30T00:00:00,0,2022-01-06T17:11:13,,,0,26f8750a5dcf11ec8107000d3a02ed0d,TMFSUBDOMAIN,a00384d26f1311ec8109000d3a02ed0d,TMFSUBDOMAIN,ATALMOR,ATALMOR,ATALMOR
a5fc27ea6f1311ec8109000d3a02ed0d,2022-01-06T17:11:13,0,0,,1899-12-30T00:00:00,0,2022-01-06T17:11:13,,,0,26f8752b5dcf11ec8107000d3a02ed0d,TMFSUBDOMAIN,20ff99825dcf11ec8107000d3a02ed0d,TMFSUBDOMAIN,ATALMOR,ATALMOR,ATALMOR
a5fc27eb6f1311ec8109000d3a02ed0d,2022-01-06T17:11:13,0,0,,1899-12-30T00:00:00,0,2022-01-06T17:11:13,,,0,26f8750d5dcf11ec8107000d3a02ed0d,TMFSUBDOMAIN,a00384d26f1311ec8109000d3a02ed0d,TMFSUBDOMAIN,ATALMOR,ATALMOR,ATALMOR
a5fc27ec6f1311ec8109000d3a02ed0d,2022-01-06T17:11:13,0,0,,1899-12-30T00:00:00,0,2022-01-06T17:11:13,,,0,2cf061f05dcf11ec8107000d3a02ed0d,TMFSUBDOMAIN,20ff99915dcf11ec8107000d3a02ed0d,TMFSUBDOMAIN,ATALMOR,ATALMOR,ATALMOR
a5fc27ed6f1311ec8109000d3a02ed0d,2022-01-06T17:11:14,0,0,,1899-12-30T00:00:00,0,2022-01-06T17:11:14,,,0,2cf061f35dcf11ec8107000d3a02ed0d,TMFSUBDOMAIN,20ff99915dcf11ec8107000d3a02ed0d,TMFSUBDOMAIN,ATALMOR,ATALMOR,ATALMOR
a5fc27ee6f1311ec8109000d3a02ed0d,2022-01-06T17:11:14,0,0,,1899-12-30T00:00:00,0,2022-01-06T17:11:14,,,0,2cf061f65dcf11ec8107000d3a02ed0d,TMFSUBDOMAIN,20ff99915dcf11ec8107000d3a02ed0d,TMFSUBDOMAIN,ATALMOR,ATALMOR,ATALMOR
a5fc27ef6f1311ec8109000d3a02ed0d,2022-01-06T17:11:14,0,0,,1899-12-30T00:00:00,0,2022-01-06T17:11:14,,,0,2cf062425dcf11ec8107000d3a02ed0d,TMFSUBDOMAIN,20ff99c05dcf11ec8107000d3a02ed0d,TMFSUBDOMAIN,ATALMOR,ATALMOR,ATALMOR
a5fc27f06f1311ec8109000d3a02ed0d,2022-01-06T17:11:14,0,0,,1899-12-30T00:00:00,0,2022-01-06T17:11:14,,,0,2cf062455dcf11ec8107000d3a02ed0d,TMFSUBDOMAIN,20ff99c05dcf11ec8107000d3a02ed0d,TMFSUBDOMAIN,ATALMOR,ATALMOR,ATALMOR
a5fc27f16f1311ec8109000d3a02ed0d,2022-01-06T17:11:14,0,0,,1899-12-30T00:00:00,0,2022-01-06T17:11:14,,,0,2cf062485dcf11ec8107000d3a02ed0d,TMFSUBDOMAIN,20ff99c05dcf11ec8107000d3a02ed0d,TMFSUBDOMAIN,ATALMOR,ATALMOR,ATALMOR
a5fc27f26f1311ec8109000d3a02ed0d,2022-01-06T17:11:14,0,0,,1899-12-30T00:00:00,0,2022-01-06T17:11:14,,,0,2cf062995dcf11ec8107000d3a02ed0d,TMFSUBDOMAIN,20ff99f75dcf11ec8107000d3a02ed0d,TMFSUBDOMAIN,ATALMOR,ATALMOR,ATALMOR
a5fc27f36f1311ec8109000d3a02ed0d,2022-01-06T17:11:14,0,0,,1899-12-30T00:00:00,0,2022-01-06T17:11:14,,,0,20ff9a2b5dcf11ec8107000d3a02ed0d,TMFSUBDOMAIN,20ff99015dcf11ec8107000d3a02ed0d,TMFSUBDOMAIN,ATALMOR,ATALMOR,ATALMOR
a5fc27f46f1311ec8109000d3a02ed0d,2022-01-06T17:11:14,0,0,,1899-12-30T00:00:00,0,2022-01-06T17:11:14,,,0,20ff9a3a5dcf11ec8107000d3a02ed0d,TMFSUBDOMAIN,20ff99075dcf11ec8107000d3a02ed0d,TMFSUBDOMAIN,ATALMOR,ATALMOR,ATALMOR
a5fc27f56f1311ec8109000d3a02ed0d,2022-01-06T17:11:15,0,0,,1899-12-30T00:00:00,0,2022-01-06T17:11:15,,,0,20ff9a2e5dcf11ec8107000d3a02ed0d,TMFSUBDOMAIN,20ff99015dcf11ec8107000d3a02ed0d,TMFSUBDOMAIN,ATALMOR,ATALMOR,ATALMOR
a5fc27f66f1311ec8109000d3a02ed0d,2022-01-06T17:11:15,0,0,,1899-12-30T00:00:00,0,2022-01-06T17:11:15,,,0,20ff9a225dcf11ec8107000d3a02ed0d,TMFSUBDOMAIN,20ff98fb5dcf11ec8107000d3a02ed0d,TMFSUBDOMAIN,ATALMOR,ATALMOR,ATALMOR
a5fc27f76f1311ec8109000d3a02ed0d,2022-01-06T17:11:15,0,0,,1899-12-30T00:00:00,0,2022-01-06T17:11:15,,,0,20ff9a315dcf11ec8107000d3a02ed0d,TMFSUBDOMAIN,20ff99015dcf11ec8107000d3a02ed0d,TMFSUBDOMAIN,ATALMOR,ATALMOR,ATALMOR
a5fc27f86f1311ec8109000d3a02ed0d,2022-01-06T17:11:15,0,0,,1899-12-30T00:00:00,0,2022-01-06T17:11:15,,,0,20ff9a345dcf11ec8107000d3a02ed0d,TMFSUBDOMAIN,20ff99045dcf11ec8107000d3a02ed0d,TMFSUBDOMAIN,ATALMOR,ATALMOR,ATALMOR
a5fc27f96f1311ec8109000d3a02ed0d,2022-01-06T17:11:15,0,0,,1899-12-30T00:00:00,0,2022-01-06T17:11:15,,,0,20ff9a3d5dcf11ec8107000d3a02ed0d,TMFSUBDOMAIN,20ff99075dcf11ec8107000d3a02ed0d,TMFSUBDOMAIN,ATALMOR,ATALMOR,ATALMOR
a5fc27fa6f1311ec8109000d3a02ed0d,2022-01-06T17:11:15,0,0,,1899-12-30T00:00:00,0,2022-01-06T17:11:15,,,0,26f874d25dcf11ec8107000d3a02ed0d,TMFSUBDOMAIN,20ff99615dcf11ec8107000d3a02ed0d,TMFSUBDOMAIN,ATALMOR,ATALMOR,ATALMOR
a5fc27fc6f1311ec8109000d3a02ed0d,2022-01-06T17:11:16,0,0,,1899-12-30T00:00:00,0,2022-01-06T17:11:16,,,0,26f874d85dcf11ec8107000d3a02ed0d,TMFSUBDOMAIN,d109b9485dcf11ec8107000d3a02ed0d,TMFSUBDOMAIN,ATALMOR,ATALMOR,ATALMOR
a5fc27fd6f1311ec8109000d3a02ed0d,2022-01-06T17:11:16,0,0,,1899-12-30T00:00:00,0,2022-01-06T17:11:16,,,0,26f874d55dcf11ec8107000d3a02ed0d,TMFSUBDOMAIN,20ff99615dcf11ec8107000d3a02ed0d,TMFSUBDOMAIN,ATALMOR,ATALMOR,ATALMOR
a5fc27fe6f1311ec8109000d3a02ed0d,2022-01-06T17:11:16,0,0,,1899-12-30T00:00:00,0,2022-01-06T17:11:16,,,0,26f874ab5dcf11ec8107000d3a02ed0d,TMFSUBDOMAIN,20ff994c5dcf11ec8107000d3a02ed0d,TMFSUBDOMAIN,ATALMOR,ATALMOR,ATALMOR
a5fc27ff6f1311ec8109000d3a02ed0d,2022-01-06T17:11:16,0,0,,1899-12-30T00:00:00,0,2022-01-06T17:11:16,,,0,26f874c05dcf11ec8107000d3a02ed0d,TMFSUBDOMAIN,20ff995b5dcf11ec8107000d3a02ed0d,TMFSUBDOMAIN,ATALMOR,ATALMOR,ATALMOR
a5fc28006f1311ec8109000d3a02ed0d,2022-01-06T17:11:16,0,0,,1899-12-30T00:00:00,0,2022-01-06T17:11:16,,,0,26f874db5dcf11ec8107000d3a02ed0d,TMFSUBDOMAIN,20ff99645dcf11ec8107000d3a02ed0d,TMFSUBDOMAIN,ATALMOR,ATALMOR,ATALMOR
a5fc28016f1311ec8109000d3a02ed0d,2022-01-06T17:11:16,0,0,,1899-12-30T00:00:00,0,2022-01-06T17:11:16,,,0,26f874de5dcf11ec8107000d3a02ed0d,TMFSUBDOMAIN,20ff99645dcf11ec8107000d3a02ed0d,TMFSUBDOMAIN,ATALMOR,ATALMOR,ATALMOR
a5fc28026f1311ec8109000d3a02ed0d,2022-01-06T17:11:16,0,0,,1899-12-30T00:00:00,0,2022-01-06T17:11:16,,,0,26f874e15dcf11ec8107000d3a02ed0d,TMFSUBDOMAIN,20ff99645dcf11ec8107000d3a02ed0d,TMFSUBDOMAIN,ATALMOR,ATALMOR,ATALMOR
a5fc28036f1311ec8109000d3a02ed0d,2022-01-06T17:11:16,0,0,,1899-12-30T00:00:00,0,2022-01-06T17:11:16,,,0,26f874e45dcf11ec8107000d3a02ed0d,TMFSUBDOMAIN,20ff99645dcf11ec8107000d3a02ed0d,TMFSUBDOMAIN,ATALMOR,ATALMOR,ATALMOR
a5fc28046f1311ec8109000d3a02ed0d,2022-01-06T17:11:16,0,0,,1899-12-30T00:00:00,0,2022-01-06T17:11:16,,,0,26f874b15dcf11ec8107000d3a02ed0d,TMFSUBDOMAIN,20ff99525dcf11ec8107000d3a02ed0d,TMFSUBDOMAIN,ATALMOR,ATALMOR,ATALMOR
a5fc28056f1311ec8109000d3a02ed0d,2022-01-06T17:11:16,0,0,,1899-12-30T00:00:00,0,2022-01-06T17:11:16,,,0,26f874ea5dcf11ec8107000d3a02ed0d,TMFSUBDOMAIN,20ff99675dcf11ec8107000d3a02ed0d,TMFSUBDOMAIN,ATALMOR,ATALMOR,ATALMOR
a5fc28066f1311ec8109000d3a02ed0d,2022-01-06T17:11:16,0,0,,1899-12-30T00:00:00,0,2022-01-06T17:11:16,,,0,26f874ed5dcf11ec8107000d3a02ed0d,TMFSUBDOMAIN,20ff99675dcf11ec8107000d3a02ed0d,TMFSUBDOMAIN,ATALMOR,ATALMOR,ATALMOR
a5fc28086f1311ec8109000d3a02ed0d,2022-01-06T17:11:17,0,0,,1899-12-30T00:00:00,0,2022-01-06T17:11:17,,,0,26f874a55dcf11ec8107000d3a02ed0d,TMFSUBDOMAIN,20ff99495dcf11ec8107000d3a02ed0d,TMFSUBDOMAIN,ATALMOR,ATALMOR,ATALMOR
a5fc28096f1311ec8109000d3a02ed0d,2022-01-06T17:11:17,0,0,,1899-12-30T00:00:00,0,2022-01-06T17:11:17,,,0,26f874f25dcf11ec8107000d3a02ed0d,TMFSUBDOMAIN,20ff996a5dcf11ec8107000d3a02ed0d,TMFSUBDOMAIN,ATALMOR,ATALMOR,ATALMOR
a5fc280a6f1311ec8109000d3a02ed0d,2022-01-06T17:11:17,0,0,,1899-12-30T00:00:00,0,2022-01-06T17:11:17,,,0,26f874a85dcf11ec8107000d3a02ed0d,TMFSUBDOMAIN,20ff99495dcf11ec8107000d3a02ed0d,TMFSUBDOMAIN,ATALMOR,ATALMOR,ATALMOR
a5fc280b6f1311ec8109000d3a02ed0d,2022-01-06T17:11:17,0,0,,1899-12-30T00:00:00,0,2022-01-06T17:11:17,,,0,26f874f55dcf11ec8107000d3a02ed0d,TMFSUBDOMAIN,20ff996a5dcf11ec8107000d3a02ed0d,TMFSUBDOMAIN,ATALMOR,ATALMOR,ATALMOR
a5fc280c6f1311ec8109000d3a02ed0d,2022-01-06T17:11:17,0,0,,1899-12-30T00:00:00,0,2022-01-06T17:11:17,,,0,26f874b45dcf11ec8107000d3a02ed0d,TMFSUBDOMAIN,20ff99525dcf11ec8107000d3a02ed0d,TMFSUBDOMAIN,ATALMOR,ATALMOR,ATALMOR
a5fc280d6f1311ec8109000d3a02ed0d,2022-01-06T17:11:17,0,0,,1899-12-30T00:00:00,0,2022-01-06T17:11:17,,,0,26f874c35dcf11ec8107000d3a02ed0d,TMFSUBDOMAIN,20ff995b5dcf11ec8107000d3a02ed0d,TMFSUBDOMAIN,ATALMOR,ATALMOR,ATALMOR
a5fc280e6f1311ec8109000d3a02ed0d,2022-01-06T17:11:17,0,0,,1899-12-30T00:00:00,0,2022-01-06T17:11:17,,,0,26f874b75dcf11ec8107000d3a02ed0d,TMFSUBDOMAIN,20ff99555dcf11ec8107000d3a02ed0d,TMFSUBDOMAIN,ATALMOR,ATALMOR,ATALMOR
a5fc280f6f1311ec8109000d3a02ed0d,2022-01-06T17:11:17,0,0,,1899-12-30T00:00:00,0,2022-01-06T17:11:17,,,0,26f874e75dcf11ec8107000d3a02ed0d,TMFSUBDOMAIN,20ff99645dcf11ec8107000d3a02ed0d,TMFSUBDOMAIN,ATALMOR,ATALMOR,ATALMOR
a5fc28106f1311ec8109000d3a02ed0d,2022-01-06T17:11:17,0,0,,1899-12-30T00:00:00,0,2022-01-06T17:11:17,,,0,26f874c65dcf11ec8107000d3a02ed0d,TMFSUBDOMAIN,20ff995e5dcf11ec8107000d3a02ed0d,TMFSUBDOMAIN,ATALMOR,ATALMOR,ATALMOR
a5fc28116f1311ec8109000d3a02ed0d,2022-01-06T17:11:17,0,0,,1899-12-30T00:00:00,0,2022-01-06T17:11:17,,,0,26f874c95dcf11ec8107000d3a02ed0d,TMFSUBDOMAIN,20ff995e5dcf11ec8107000d3a02ed0d,TMFSUBDOMAIN,ATALMOR,ATALMOR,ATALMOR
a5fc28126f1311ec8109000d3a02ed0d,2022-01-06T17:11:17,0,0,,1899-12-30T00:00:00,0,2022-01-06T17:11:17,,,0,26f874cc5dcf11ec8107000d3a02ed0d,TMFSUBDOMAIN,20ff995e5dcf11ec8107000d3a02ed0d,TMFSUBDOMAIN,ATALMOR,ATALMOR,ATALMOR
a5fc28136f1311ec8109000d3a02ed0d,2022-01-06T17:11:17,0,0,,1899-12-30T00:00:00,0,2022-01-06T17:11:17,,,0,26f874ba5dcf11ec8107000d3a02ed0d,TMFSUBDOMAIN,20ff99585dcf11ec8107000d3a02ed0d,TMFSUBDOMAIN,ATALMOR,ATALMOR,ATALMOR
a5fc28146f1311ec8109000d3a02ed0d,2022-01-06T17:11:18,0,0,,1899-12-30T00:00:00,0,2022-01-06T17:11:18,,,0,26f874cf5dcf11ec8107000d3a02ed0d,TMFSUBDOMAIN,20ff995e5dcf11ec8107000d3a02ed0d,TMFSUBDOMAIN,ATALMOR,ATALMOR,ATALMOR
a5fc28156f1311ec8109000d3a02ed0d,2022-01-06T17:11:18,0,0,,1899-12-30T00:00:00,0,2022-01-06T17:11:18,,,0,26f874ae5dcf11ec8107000d3a02ed0d,TMFSUBDOMAIN,20ff994f5dcf11ec8107000d3a02ed0d,TMFSUBDOMAIN,ATALMOR,ATALMOR,ATALMOR
a5fc28166f1311ec8109000d3a02ed0d,2022-01-06T17:11:18,0,0,,1899-12-30T00:00:00,0,2022-01-06T17:11:18,,,0,26f874bd5dcf11ec8107000d3a02ed0d,TMFSUBDOMAIN,20ff99585dcf11ec8107000d3a02ed0d,TMFSUBDOMAIN,ATALMOR,ATALMOR,ATALMOR
a5fc28176f1311ec8109000d3a02ed0d,2022-01-06T17:11:18,0,0,,1899-12-30T00:00:00,0,2022-01-06T17:11:18,,,0,26f874a25dcf11ec8107000d3a02ed0d,TMFSUBDOMAIN,20ff99495dcf11ec8107000d3a02ed0d,TMFSUBDOMAIN,ATALMOR,ATALMOR,ATALMOR
a5fc28186f1311ec8109000d3a02ed0d,2022-01-06T17:11:18,0,0,,1899-12-30T00:00:00,0,2022-01-06T17:11:18,,,0,2cf062235dcf11ec8107000d3a02ed0d,TMFSUBDOMAIN,20ff99ac5dcf11ec8107000d3a02ed0d,TMFSUBDOMAIN,ATALMOR,ATALMOR,ATALMOR
a5fc28196f1311ec8109000d3a02ed0d,2022-01-06T17:11:18,0,0,,1899-12-30T00:00:00,0,2022-01-06T17:11:18,,,0,2cf0629c5dcf11ec8107000d3a02ed0d,TMFSUBDOMAIN,20ff99f75dcf11ec8107000d3a02ed0d,TMFSUBDOMAIN,ATALMOR,ATALMOR,ATALMOR
a5fc281a6f1311ec8109000d3a02ed0d,2022-01-06T17:11:18,0,0,,1899-12-30T00:00:00,0,2022-01-06T17:11:18,,,0,2cf062875dcf11ec8107000d3a02ed0d,TMFSUBDOMAIN,20ff99f05dcf11ec8107000d3a02ed0d,TMFSUBDOMAIN,ATALMOR,ATALMOR,ATALMOR
a5fc281b6f1311ec8109000d3a02ed0d,2022-01-06T17:11:18,0,0,,1899-12-30T00:00:00,0,2022-01-06T17:11:18,,,0,26f8754b5dcf11ec8107000d3a02ed0d,TMFSUBDOMAIN,20ff998b5dcf11ec8107000d3a02ed0d,TMFSUBDOMAIN,ATALMOR,ATALMOR,ATALMOR
a5fc281c6f1311ec8109000d3a02ed0d,2022-01-06T17:11:18,0,0,,1899-12-30T00:00:00,0,2022-01-06T17:11:18,,,0,26f8754e5dcf11ec8107000d3a02ed0d,TMFSUBDOMAIN,20ff998b5dcf11ec8107000d3a02ed0d,TMFSUBDOMAIN,ATALMOR,ATALMOR,ATALMOR
a5fc281d6f1311ec8109000d3a02ed0d,2022-01-06T17:11:18,0,0,,1899-12-30T00:00:00,0,2022-01-06T17:11:18,,,0,26f875515dcf11ec8107000d3a02ed0d,TMFSUBDOMAIN,20ff998b5dcf11ec8107000d3a02ed0d,TMFSUBDOMAIN,ATALMOR,ATALMOR,ATALMOR
a5fc281e6f1311ec8109000d3a02ed0d,2022-01-06T17:11:18,0,0,,1899-12-30T00:00:00,0,2022-01-06T17:11:18,,,0,26f875545dcf11ec8107000d3a02ed0d,TMFSUBDOMAIN,20ff998b5dcf11ec8107000d3a02ed0d,TMFSUBDOMAIN,ATALMOR,ATALMOR,ATALMOR
a5fc281f6f1311ec8109000d3a02ed0d,2022-01-06T17:11:18,0,0,,1899-12-30T00:00:00,0,2022-01-06T17:11:18,,,0,2cf062545dcf11ec8107000d3a02ed0d,TMFSUBDOMAIN,20ff99c65dcf11ec8107000d3a02ed0d,TMFSUBDOMAIN,ATALMOR,ATALMOR,ATALMOR
a5fc28206f1311ec8109000d3a02ed0d,2022-01-06T17:11:18,0,0,,1899-12-30T00:00:00,0,2022-01-06T17:11:18,,,0,26f874fb5dcf11ec8107000d3a02ed0d,TMFSUBDOMAIN,20ff996d5dcf11ec8107000d3a02ed0d,TMFSUBDOMAIN,ATALMOR,ATALMOR,ATALMOR
a5fc28216f1311ec8109000d3a02ed0d,2022-01-06T17:11:18,0,0,,1899-12-30T00:00:00,0,2022-01-06T17:11:18,,,0,26f874445dcf11ec8107000d3a02ed0d,TMFSUBDOMAIN,20ff991f5dcf11ec8107000d3a02ed0d,TMFSUBDOMAIN,ATALMOR,ATALMOR,ATALMOR
a5fc28226f1311ec8109000d3a02ed0d,2022-01-06T17:11:19,0,0,,1899-12-30T00:00:00,0,2022-01-06T17:11:19,,,0,2cf062575dcf11ec8107000d3a02ed0d,TMFSUBDOMAIN,20ff99c65dcf11ec8107000d3a02ed0d,TMFSUBDOMAIN,ATALMOR,ATALMOR,ATALMOR
a5fc28236f1311ec8109000d3a02ed0d,2022-01-06T17:11:19,0,0,,1899-12-30T00:00:00,0,2022-01-06T17:11:19,,,0,2cf062965dcf11ec8107000d3a02ed0d,TMFSUBDOMAIN,20ff99f45dcf11ec8107000d3a02ed0d,TMFSUBDOMAIN,ATALMOR,ATALMOR,ATALMOR
a5fc28256f1311ec8109000d3a02ed0d,2022-01-06T17:11:19,0,0,,1899-12-30T00:00:00,0,2022-01-06T17:11:19,,,0,2cf0628a5dcf11ec8107000d3a02ed0d,TMFSUBDOMAIN,20ff99c95dcf11ec8107000d3a02ed0d,TMFSUBDOMAIN,ATALMOR,ATALMOR,ATALMOR
a5fc28266f1311ec8109000d3a02ed0d,2022-01-06T17:11:19,0,0,,1899-12-30T00:00:00,0,2022-01-06T17:11:19,,,0,2cf0623f5dcf11ec8107000d3a02ed0d,TMFSUBDOMAIN,20ff99bd5dcf11ec8107000d3a02ed0d,TMFSUBDOMAIN,ATALMOR,ATALMOR,ATALMOR
a5fc28276f1311ec8109000d3a02ed0d,2022-01-06T17:11:19,0,0,,1899-12-30T00:00:00,0,2022-01-06T17:11:19,,,0,2cf062635dcf11ec8107000d3a02ed0d,TMFSUBDOMAIN,20ff99cc5dcf11ec8107000d3a02ed0d,TMFSUBDOMAIN,ATALMOR,ATALMOR,ATALMOR
a5fc28286f1311ec8109000d3a02ed0d,2022-01-06T17:11:19,0,0,,1899-12-30T00:00:00,0,2022-01-06T17:11:19,,,0,26f875105dcf11ec8107000d3a02ed0d,TMFSUBDOMAIN,20ff997c5dcf11ec8107000d3a02ed0d,TMFSUBDOMAIN,ATALMOR,ATALMOR,ATALMOR
a5fc28296f1311ec8109000d3a02ed0d,2022-01-06T17:11:19,0,0,,1899-12-30T00:00:00,0,2022-01-06T17:11:19,,,0,26f875315dcf11ec8107000d3a02ed0d,TMFSUBDOMAIN,20ff99855dcf11ec8107000d3a02ed0d,TMFSUBDOMAIN,ATALMOR,ATALMOR,ATALMOR
a5fc282a6f1311ec8109000d3a02ed0d,2022-01-06T17:11:19,0,0,,1899-12-30T00:00:00,0,2022-01-06T17:11:19,,,0,26f875345dcf11ec8107000d3a02ed0d,TMFSUBDOMAIN,20ff99855dcf11ec8107000d3a02ed0d,TMFSUBDOMAIN,ATALMOR,ATALMOR,ATALMOR
a5fc282b6f1311ec8109000d3a02ed0d,2022-01-06T17:11:19,0,0,,1899-12-30T00:00:00,0,2022-01-06T17:11:19,,,0,26f875375dcf11ec8107000d3a02ed0d,TMFSUBDOMAIN,20ff99855dcf11ec8107000d3a02ed0d,TMFSUBDOMAIN,ATALMOR,ATALMOR,ATALMOR
a5fc282c6f1311ec8109000d3a02ed0d,2022-01-06T17:11:20,0,0,,1899-12-30T00:00:00,0,2022-01-06T17:11:20,,,0,2cf062365dcf11ec8107000d3a02ed0d,TMFSUBDOMAIN,20ff99ba5dcf11ec8107000d3a02ed0d,TMFSUBDOMAIN,ATALMOR,ATALMOR,ATALMOR
a5fc282d6f1311ec8109000d3a02ed0d,2022-01-06T17:11:20,0,0,,1899-12-30T00:00:00,0,2022-01-06T17:11:20,,,0,2cf062395dcf11ec8107000d3a02ed0d,TMFSUBDOMAIN,20ff99ba5dcf11ec8107000d3a02ed0d,TMFSUBDOMAIN,ATALMOR,ATALMOR,ATALMOR
a5fc282e6f1311ec8109000d3a02ed0d,2022-01-06T17:11:20,0,0,,1899-12-30T00:00:00,0,2022-01-06T17:11:20,,,0,2cf0623c5dcf11ec8107000d3a02ed0d,TMFSUBDOMAIN,20ff99ba5dcf11ec8107000d3a02ed0d,TMFSUBDOMAIN,ATALMOR,ATALMOR,ATALMOR
a5fc282f6f1311ec8109000d3a02ed0d,2022-01-06T17:11:20,0,0,,1899-12-30T00:00:00,0,2022-01-06T17:11:20,,,0,2cf0628d5dcf11ec8107000d3a02ed0d,TMFSUBDOMAIN,20ff99f05dcf11ec8107000d3a02ed0d,TMFSUBDOMAIN,ATALMOR,ATALMOR,ATALMOR
