@TEMPLATE,@TYPE,@ALLOWAUTOMATICDELETION,@NAME,@DESCRIPTION,@VALIDATED,@EXPORTFLAG,@UNIQUEIDENTIFIER,@DATEVALIDATED,@WHENCREATED,@WHENUPDATED,RCABOVEOBJECT@UNIQUEIDENTIFIER,RCABOVEOBJECT@ANYOBJECTDESTINATION,RCBELOWOBJECT@UNIQUEIDENTIFIER,RCBELOWOBJECT@ANYOBJECTDESTINATION,RCWHOCREATEDTOUSER@UNIQUEIDENTIFIER,RCWHOOWNSTOUSER@UNIQUEIDENTIFIER,RCWHOUPDATEDTOUSER@UNIQUEIDENTIFIER
0,,0,,,0,0,20ff98f15dcf11ec8107000d3a02ed0d,1899-12-30T00:00:00,2021-12-15T17:47:55,2021-12-15T17:47:55,bd2c8884815f11db9401000e3573f0d3,TAMDOMAIN,20ff98f25dcf11ec8107000d3a02ed0d,TMFSUBDOMAIN,DFREED,DFREED,DFREED
0,,0,,,0,0,20ff98f45dcf11ec8107000d3a02ed0d,1899-12-30T00:00:00,2021-12-15T17:47:55,2021-12-15T17:47:55,bd2c8884815f11db9401000e3573f0d3,TAMDOMAIN,20ff98f55dcf11ec8107000d3a02ed0d,TMFSUBDOMAIN,DFREED,DFREED,DFREED
0,,0,,,0,0,20ff98f75dcf11ec8107000d3a02ed0d,1899-12-30T00:00:00,2021-12-15T17:47:55,2021-12-15T17:47:55,bd2c8884815f11db9401000e3573f0d3,TAMDOMAIN,20ff98f85dcf11ec8107000d3a02ed0d,TMFSUBDOMAIN,DFREED,DFREED,DFREED
0,,0,,,0,0,20ff98fa5dcf11ec8107000d3a02ed0d,1899-12-30T00:00:00,2021-12-15T17:47:55,2021-12-15T17:47:55,bd2c8884815f11db9401000e3573f0d3,TAMDOMAIN,20ff98fb5dcf11ec8107000d3a02ed0d,TMFSUBDOMAIN,DFREED,DFREED,DFREED
0,,0,,,0,0,20ff98fd5dcf11ec8107000d3a02ed0d,1899-12-30T00:00:00,2021-12-15T17:47:55,2021-12-15T17:47:55,bd2c8884815f11db9401000e3573f0d3,TAMDOMAIN,20ff98fe5dcf11ec8107000d3a02ed0d,TMFSUBDOMAIN,DFREED,DFREED,DFREED
0,,0,,,0,0,20ff99005dcf11ec8107000d3a02ed0d,1899-12-30T00:00:00,2021-12-15T17:47:55,2021-12-15T17:47:55,bd2c8884815f11db9401000e3573f0d3,TAMDOMAIN,20ff99015dcf11ec8107000d3a02ed0d,TMFSUBDOMAIN,DFREED,DFREED,DFREED
0,,0,,,0,0,20ff99035dcf11ec8107000d3a02ed0d,1899-12-30T00:00:00,2021-12-15T17:47:55,2021-12-15T17:47:55,bd2c8884815f11db9401000e3573f0d3,TAMDOMAIN,20ff99045dcf11ec8107000d3a02ed0d,TMFSUBDOMAIN,DFREED,DFREED,DFREED
0,,0,,,0,0,20ff99065dcf11ec8107000d3a02ed0d,1899-12-30T00:00:00,2021-12-15T17:47:55,2021-12-15T17:47:55,bd2c8884815f11db9401000e3573f0d3,TAMDOMAIN,20ff99075dcf11ec8107000d3a02ed0d,TMFSUBDOMAIN,DFREED,DFREED,DFREED
0,,0,,,0,0,20ff99095dcf11ec8107000d3a02ed0d,1899-12-30T00:00:00,2021-12-15T17:47:55,2021-12-15T17:47:55,bd2c8887815f11db9401000e3573f0d3,TAMDOMAIN,20ff990a5dcf11ec8107000d3a02ed0d,TMFSUBDOMAIN,DFREED,DFREED,DFREED
0,,0,,,0,0,20ff990c5dcf11ec8107000d3a02ed0d,1899-12-30T00:00:00,2021-12-15T17:47:55,2021-12-15T17:47:55,bd2c8887815f11db9401000e3573f0d3,TAMDOMAIN,20ff990d5dcf11ec8107000d3a02ed0d,TMFSUBDOMAIN,DFREED,DFREED,DFREED
0,,0,,,0,0,20ff990f5dcf11ec8107000d3a02ed0d,1899-12-30T00:00:00,2021-12-15T17:47:55,2021-12-15T17:47:55,bd2c8887815f11db9401000e3573f0d3,TAMDOMAIN,20ff99105dcf11ec8107000d3a02ed0d,TMFSUBDOMAIN,DFREED,DFREED,DFREED
0,,0,,,0,0,20ff99125dcf11ec8107000d3a02ed0d,1899-12-30T00:00:00,2021-12-15T17:47:55,2021-12-15T17:47:55,bd2c8887815f11db9401000e3573f0d3,TAMDOMAIN,20ff99135dcf11ec8107000d3a02ed0d,TMFSUBDOMAIN,DFREED,DFREED,DFREED
0,,0,,,0,0,20ff99155dcf11ec8107000d3a02ed0d,1899-12-30T00:00:00,2021-12-15T17:47:56,2021-12-15T17:47:56,bd2c8887815f11db9401000e3573f0d3,TAMDOMAIN,20ff99165dcf11ec8107000d3a02ed0d,TMFSUBDOMAIN,DFREED,DFREED,DFREED
0,,0,,,0,0,20ff99185dcf11ec8107000d3a02ed0d,1899-12-30T00:00:00,2021-12-15T17:47:56,2021-12-15T17:47:56,bd2c8887815f11db9401000e3573f0d3,TAMDOMAIN,20ff99195dcf11ec8107000d3a02ed0d,TMFSUBDOMAIN,DFREED,DFREED,DFREED
0,,0,,,0,0,20ff991b5dcf11ec8107000d3a02ed0d,1899-12-30T00:00:00,2021-12-15T17:47:56,2021-12-15T17:47:56,bd2c8887815f11db9401000e3573f0d3,TAMDOMAIN,20ff991c5dcf11ec8107000d3a02ed0d,TMFSUBDOMAIN,DFREED,DFREED,DFREED
0,,0,,,0,0,20ff991e5dcf11ec8107000d3a02ed0d,1899-12-30T00:00:00,2021-12-15T17:47:56,2021-12-15T17:47:56,bd2c8887815f11db9401000e3573f0d3,TAMDOMAIN,20ff991f5dcf11ec8107000d3a02ed0d,TMFSUBDOMAIN,DFREED,DFREED,DFREED
0,,0,,,0,0,20ff99215dcf11ec8107000d3a02ed0d,1899-12-30T00:00:00,2021-12-15T17:47:56,2021-12-15T17:47:56,bd2c886f815f11db9401000e3573f0d3,TAMDOMAIN,20ff99225dcf11ec8107000d3a02ed0d,TMFSUBDOMAIN,DFREED,DFREED,DFREED
0,,0,,,0,0,20ff99245dcf11ec8107000d3a02ed0d,1899-12-30T00:00:00,2021-12-15T17:47:56,2021-12-15T17:47:56,bd2c886f815f11db9401000e3573f0d3,TAMDOMAIN,20ff99255dcf11ec8107000d3a02ed0d,TMFSUBDOMAIN,DFREED,DFREED,DFREED
0,,0,,,0,0,20ff99275dcf11ec8107000d3a02ed0d,1899-12-30T00:00:00,2021-12-15T17:47:56,2021-12-15T17:47:56,bd2c886f815f11db9401000e3573f0d3,TAMDOMAIN,20ff99285dcf11ec8107000d3a02ed0d,TMFSUBDOMAIN,DFREED,DFREED,DFREED
0,,0,,,0,0,20ff992a5dcf11ec8107000d3a02ed0d,1899-12-30T00:00:00,2021-12-15T17:47:56,2021-12-15T17:47:56,bd2c886f815f11db9401000e3573f0d3,TAMDOMAIN,20ff992b5dcf11ec8107000d3a02ed0d,TMFSUBDOMAIN,DFREED,DFREED,DFREED
0,,0,,,0,0,20ff992d5dcf11ec8107000d3a02ed0d,1899-12-30T00:00:00,2021-12-15T17:47:56,2021-12-15T17:47:56,bd2c886f815f11db9401000e3573f0d3,TAMDOMAIN,20ff992e5dcf11ec8107000d3a02ed0d,TMFSUBDOMAIN,DFREED,DFREED,DFREED
0,,0,,,0,0,20ff99305dcf11ec8107000d3a02ed0d,1899-12-30T00:00:00,2021-12-15T17:47:56,2021-12-15T17:47:56,bd2c886f815f11db9401000e3573f0d3,TAMDOMAIN,20ff99315dcf11ec8107000d3a02ed0d,TMFSUBDOMAIN,DFREED,DFREED,DFREED
0,,0,,,0,0,20ff99335dcf11ec8107000d3a02ed0d,1899-12-30T00:00:00,2021-12-15T17:47:56,2021-12-15T17:47:56,bd2c886f815f11db9401000e3573f0d3,TAMDOMAIN,20ff99345dcf11ec8107000d3a02ed0d,TMFSUBDOMAIN,DFREED,DFREED,DFREED
0,,0,,,0,0,20ff99365dcf11ec8107000d3a02ed0d,1899-12-30T00:00:00,2021-12-15T17:47:56,2021-12-15T17:47:56,bd2c886f815f11db9401000e3573f0d3,TAMDOMAIN,20ff99375dcf11ec8107000d3a02ed0d,TMFSUBDOMAIN,DFREED,DFREED,DFREED
0,,0,,,0,0,20ff993b5dcf11ec8107000d3a02ed0d,1899-12-30T00:00:00,2021-12-15T17:47:57,2021-12-15T17:47:57,bd2c886f815f11db9401000e3573f0d3,TAMDOMAIN,20ff993c5dcf11ec8107000d3a02ed0d,TMFSUBDOMAIN,DFREED,DFREED,DFREED
0,,0,,,0,0,20ff99405dcf11ec8107000d3a02ed0d,1899-12-30T00:00:00,2021-12-15T17:47:57,2021-12-15T17:47:57,bd2c886f815f11db9401000e3573f0d3,TAMDOMAIN,20ff99415dcf11ec8107000d3a02ed0d,TMFSUBDOMAIN,DFREED,DFREED,DFREED
0,,0,,,0,0,20ff99455dcf11ec8107000d3a02ed0d,1899-12-30T00:00:00,2021-12-15T17:47:57,2021-12-15T17:47:57,bd2c886f815f11db9401000e3573f0d3,TAMDOMAIN,20ff99465dcf11ec8107000d3a02ed0d,TMFSUBDOMAIN,DFREED,DFREED,DFREED
0,,0,,,0,0,20ff99485dcf11ec8107000d3a02ed0d,1899-12-30T00:00:00,2021-12-15T17:47:57,2021-12-15T17:47:57,bd2c888c815f11db9401000e3573f0d3,TAMDOMAIN,20ff99495dcf11ec8107000d3a02ed0d,TMFSUBDOMAIN,DFREED,DFREED,DFREED
0,,0,,,0,0,20ff994b5dcf11ec8107000d3a02ed0d,1899-12-30T00:00:00,2021-12-15T17:47:57,2021-12-15T17:47:57,bd2c888c815f11db9401000e3573f0d3,TAMDOMAIN,20ff994c5dcf11ec8107000d3a02ed0d,TMFSUBDOMAIN,DFREED,DFREED,DFREED
0,,0,,,0,0,20ff994e5dcf11ec8107000d3a02ed0d,1899-12-30T00:00:00,2021-12-15T17:47:57,2021-12-15T17:47:57,bd2c888c815f11db9401000e3573f0d3,TAMDOMAIN,20ff994f5dcf11ec8107000d3a02ed0d,TMFSUBDOMAIN,DFREED,DFREED,DFREED
0,,0,,,0,0,20ff99515dcf11ec8107000d3a02ed0d,1899-12-30T00:00:00,2021-12-15T17:47:57,2021-12-15T17:47:57,bd2c888c815f11db9401000e3573f0d3,TAMDOMAIN,20ff99525dcf11ec8107000d3a02ed0d,TMFSUBDOMAIN,DFREED,DFREED,DFREED
0,,0,,,0,0,20ff99545dcf11ec8107000d3a02ed0d,1899-12-30T00:00:00,2021-12-15T17:47:58,2021-12-15T17:47:58,bd2c888c815f11db9401000e3573f0d3,TAMDOMAIN,20ff99555dcf11ec8107000d3a02ed0d,TMFSUBDOMAIN,DFREED,DFREED,DFREED
0,,0,,,0,0,20ff99575dcf11ec8107000d3a02ed0d,1899-12-30T00:00:00,2021-12-15T17:47:58,2021-12-15T17:47:58,bd2c888c815f11db9401000e3573f0d3,TAMDOMAIN,20ff99585dcf11ec8107000d3a02ed0d,TMFSUBDOMAIN,DFREED,DFREED,DFREED
0,,0,,,0,0,20ff995a5dcf11ec8107000d3a02ed0d,1899-12-30T00:00:00,2021-12-15T17:47:58,2021-12-15T17:47:58,bd2c888c815f11db9401000e3573f0d3,TAMDOMAIN,20ff995b5dcf11ec8107000d3a02ed0d,TMFSUBDOMAIN,DFREED,DFREED,DFREED
0,,0,,,0,0,20ff995d5dcf11ec8107000d3a02ed0d,1899-12-30T00:00:00,2021-12-15T17:47:58,2021-12-15T17:47:58,bd2c888c815f11db9401000e3573f0d3,TAMDOMAIN,20ff995e5dcf11ec8107000d3a02ed0d,TMFSUBDOMAIN,DFREED,DFREED,DFREED
0,,0,,,0,0,20ff99605dcf11ec8107000d3a02ed0d,1899-12-30T00:00:00,2021-12-15T17:47:58,2021-12-15T17:47:58,bd2c888c815f11db9401000e3573f0d3,TAMDOMAIN,20ff99615dcf11ec8107000d3a02ed0d,TMFSUBDOMAIN,DFREED,DFREED,DFREED
0,,0,,,0,0,20ff99635dcf11ec8107000d3a02ed0d,1899-12-30T00:00:00,2021-12-15T17:47:58,2021-12-15T17:47:58,bd2c888c815f11db9401000e3573f0d3,TAMDOMAIN,20ff99645dcf11ec8107000d3a02ed0d,TMFSUBDOMAIN,DFREED,DFREED,DFREED
0,,0,,,0,0,20ff99665dcf11ec8107000d3a02ed0d,1899-12-30T00:00:00,2021-12-15T17:47:58,2021-12-15T17:47:58,bd2c888c815f11db9401000e3573f0d3,TAMDOMAIN,20ff99675dcf11ec8107000d3a02ed0d,TMFSUBDOMAIN,DFREED,DFREED,DFREED
0,,0,,,0,0,20ff99695dcf11ec8107000d3a02ed0d,1899-12-30T00:00:00,2021-12-15T17:47:58,2021-12-15T17:47:58,bd2c888c815f11db9401000e3573f0d3,TAMDOMAIN,20ff996a5dcf11ec8107000d3a02ed0d,TMFSUBDOMAIN,DFREED,DFREED,DFREED
0,,0,,,0,0,20ff996c5dcf11ec8107000d3a02ed0d,1899-12-30T00:00:00,2021-12-15T17:47:59,2021-12-15T17:47:59,2a1be77e23fd11dc87cb00059a3c7800,TAMDOMAIN,20ff996d5dcf11ec8107000d3a02ed0d,TMFSUBDOMAIN,DFREED,DFREED,DFREED
0,,0,,,0,0,20ff996f5dcf11ec8107000d3a02ed0d,1899-12-30T00:00:00,2021-12-15T17:47:59,2021-12-15T17:47:59,2a1be77e23fd11dc87cb00059a3c7800,TAMDOMAIN,20ff99705dcf11ec8107000d3a02ed0d,TMFSUBDOMAIN,DFREED,DFREED,DFREED
0,,0,,,0,0,20ff99725dcf11ec8107000d3a02ed0d,1899-12-30T00:00:00,2021-12-15T17:47:59,2021-12-15T17:47:59,2a1be77e23fd11dc87cb00059a3c7800,TAMDOMAIN,20ff99735dcf11ec8107000d3a02ed0d,TMFSUBDOMAIN,DFREED,DFREED,DFREED
0,,0,,,0,0,20ff99755dcf11ec8107000d3a02ed0d,1899-12-30T00:00:00,2021-12-15T17:47:59,2021-12-15T17:47:59,2a1be77e23fd11dc87cb00059a3c7800,TAMDOMAIN,20ff99765dcf11ec8107000d3a02ed0d,TMFSUBDOMAIN,DFREED,DFREED,DFREED
0,,0,,,0,0,20ff99785dcf11ec8107000d3a02ed0d,1899-12-30T00:00:00,2021-12-15T17:47:59,2021-12-15T17:47:59,2a1be77e23fd11dc87cb00059a3c7800,TAMDOMAIN,20ff99795dcf11ec8107000d3a02ed0d,TMFSUBDOMAIN,DFREED,DFREED,DFREED
0,,0,,,0,0,20ff997b5dcf11ec8107000d3a02ed0d,1899-12-30T00:00:00,2021-12-15T17:47:59,2021-12-15T17:47:59,2a1be77e23fd11dc87cb00059a3c7800,TAMDOMAIN,20ff997c5dcf11ec8107000d3a02ed0d,TMFSUBDOMAIN,DFREED,DFREED,DFREED
0,,0,,,0,0,20ff997e5dcf11ec8107000d3a02ed0d,1899-12-30T00:00:00,2021-12-15T17:47:59,2021-12-15T17:47:59,2a1be77e23fd11dc87cb00059a3c7800,TAMDOMAIN,20ff997f5dcf11ec8107000d3a02ed0d,TMFSUBDOMAIN,DFREED,DFREED,DFREED
0,,0,,,0,0,20ff99815dcf11ec8107000d3a02ed0d,1899-12-30T00:00:00,2021-12-15T17:47:59,2021-12-15T17:47:59,2a1be77e23fd11dc87cb00059a3c7800,TAMDOMAIN,20ff99825dcf11ec8107000d3a02ed0d,TMFSUBDOMAIN,DFREED,DFREED,DFREED
0,,0,,,0,0,20ff99845dcf11ec8107000d3a02ed0d,1899-12-30T00:00:00,2021-12-15T17:47:59,2021-12-15T17:47:59,2a1be77e23fd11dc87cb00059a3c7800,TAMDOMAIN,20ff99855dcf11ec8107000d3a02ed0d,TMFSUBDOMAIN,DFREED,DFREED,DFREED
0,,0,,,0,0,20ff99875dcf11ec8107000d3a02ed0d,1899-12-30T00:00:00,2021-12-15T17:47:59,2021-12-15T17:47:59,2a1be77e23fd11dc87cb00059a3c7800,TAMDOMAIN,20ff99885dcf11ec8107000d3a02ed0d,TMFSUBDOMAIN,DFREED,DFREED,DFREED
0,,0,,,0,0,20ff998a5dcf11ec8107000d3a02ed0d,1899-12-30T00:00:00,2021-12-15T17:48:00,2021-12-15T17:48:00,2a1be77e23fd11dc87cb00059a3c7800,TAMDOMAIN,20ff998b5dcf11ec8107000d3a02ed0d,TMFSUBDOMAIN,DFREED,DFREED,DFREED
0,,0,,,0,0,20ff998d5dcf11ec8107000d3a02ed0d,1899-12-30T00:00:00,2021-12-15T17:48:00,2021-12-15T17:48:00,2a1be77e23fd11dc87cb00059a3c7800,TAMDOMAIN,20ff998e5dcf11ec8107000d3a02ed0d,TMFSUBDOMAIN,DFREED,DFREED,DFREED
0,,0,,,0,0,20ff99905dcf11ec8107000d3a02ed0d,1899-12-30T00:00:00,2021-12-15T17:48:00,2021-12-15T17:48:00,2a1be77e23fd11dc87cb00059a3c7800,TAMDOMAIN,20ff99915dcf11ec8107000d3a02ed0d,TMFSUBDOMAIN,DFREED,DFREED,DFREED
0,,0,,,0,0,20ff99935dcf11ec8107000d3a02ed0d,1899-12-30T00:00:00,2021-12-15T17:48:00,2021-12-15T17:48:00,271efcfde24d11e392b26817294aebff,TAMDOMAIN,20ff99945dcf11ec8107000d3a02ed0d,TMFSUBDOMAIN,DFREED,DFREED,DFREED
0,,0,,,0,0,20ff99965dcf11ec8107000d3a02ed0d,1899-12-30T00:00:00,2021-12-15T17:48:00,2021-12-15T17:48:00,271efcfde24d11e392b26817294aebff,TAMDOMAIN,20ff99975dcf11ec8107000d3a02ed0d,TMFSUBDOMAIN,DFREED,DFREED,DFREED
0,,0,,,0,0,20ff99995dcf11ec8107000d3a02ed0d,1899-12-30T00:00:00,2021-12-15T17:48:00,2021-12-15T17:48:00,271efcfde24d11e392b26817294aebff,TAMDOMAIN,20ff999a5dcf11ec8107000d3a02ed0d,TMFSUBDOMAIN,DFREED,DFREED,DFREED
0,,0,,,0,0,20ff999c5dcf11ec8107000d3a02ed0d,1899-12-30T00:00:00,2021-12-15T17:48:00,2021-12-15T17:48:00,271efcfde24d11e392b26817294aebff,TAMDOMAIN,20ff999d5dcf11ec8107000d3a02ed0d,TMFSUBDOMAIN,DFREED,DFREED,DFREED
0,,0,,,0,0,20ff999f5dcf11ec8107000d3a02ed0d,1899-12-30T00:00:00,2021-12-15T17:48:00,2021-12-15T17:48:00,271efcfde24d11e392b26817294aebff,TAMDOMAIN,20ff99a05dcf11ec8107000d3a02ed0d,TMFSUBDOMAIN,DFREED,DFREED,DFREED
0,,0,,,0,0,20ff99a55dcf11ec8107000d3a02ed0d,1899-12-30T00:00:00,2021-12-15T17:48:00,2021-12-15T17:48:00,271efcfde24d11e392b26817294aebff,TAMDOMAIN,20ff99a65dcf11ec8107000d3a02ed0d,TMFSUBDOMAIN,DFREED,DFREED,DFREED
0,,0,,,0,0,20ff99a85dcf11ec8107000d3a02ed0d,1899-12-30T00:00:00,2021-12-15T17:48:00,2021-12-15T17:48:00,271efcfde24d11e392b26817294aebff,TAMDOMAIN,20ff99a95dcf11ec8107000d3a02ed0d,TMFSUBDOMAIN,DFREED,DFREED,DFREED
0,,0,,,0,0,20ff99ab5dcf11ec8107000d3a02ed0d,1899-12-30T00:00:00,2021-12-15T17:48:01,2021-12-15T17:48:01,271efcfde24d11e392b26817294aebff,TAMDOMAIN,20ff99ac5dcf11ec8107000d3a02ed0d,TMFSUBDOMAIN,DFREED,DFREED,DFREED
0,,0,,,0,0,20ff99ae5dcf11ec8107000d3a02ed0d,1899-12-30T00:00:00,2021-12-15T17:48:01,2021-12-15T17:48:01,271efcfde24d11e392b26817294aebff,TAMDOMAIN,20ff99af5dcf11ec8107000d3a02ed0d,TMFSUBDOMAIN,DFREED,DFREED,DFREED
0,,0,,,0,0,20ff99b35dcf11ec8107000d3a02ed0d,1899-12-30T00:00:00,2021-12-15T17:48:01,2021-12-15T17:48:01,271efcfde24d11e392b26817294aebff,TAMDOMAIN,20ff99b45dcf11ec8107000d3a02ed0d,TMFSUBDOMAIN,DFREED,DFREED,DFREED
0,,0,,,0,0,20ff99b65dcf11ec8107000d3a02ed0d,1899-12-30T00:00:00,2021-12-15T17:48:01,2021-12-15T17:48:01,bd2c887c815f11db9401000e3573f0d3,TAMDOMAIN,20ff99b75dcf11ec8107000d3a02ed0d,TMFSUBDOMAIN,DFREED,DFREED,DFREED
0,,0,,,0,0,20ff99b95dcf11ec8107000d3a02ed0d,1899-12-30T00:00:00,2021-12-15T17:48:01,2021-12-15T17:48:01,bd2c887c815f11db9401000e3573f0d3,TAMDOMAIN,20ff99ba5dcf11ec8107000d3a02ed0d,TMFSUBDOMAIN,DFREED,DFREED,DFREED
0,,0,,,0,0,20ff99bc5dcf11ec8107000d3a02ed0d,1899-12-30T00:00:00,2021-12-15T17:48:01,2021-12-15T17:48:01,bd2c887c815f11db9401000e3573f0d3,TAMDOMAIN,20ff99bd5dcf11ec8107000d3a02ed0d,TMFSUBDOMAIN,DFREED,DFREED,DFREED
0,,0,,,0,0,20ff99bf5dcf11ec8107000d3a02ed0d,1899-12-30T00:00:00,2021-12-15T17:48:01,2021-12-15T17:48:01,bd2c887c815f11db9401000e3573f0d3,TAMDOMAIN,20ff99c05dcf11ec8107000d3a02ed0d,TMFSUBDOMAIN,DFREED,DFREED,DFREED
0,,0,,,0,0,20ff99c25dcf11ec8107000d3a02ed0d,1899-12-30T00:00:00,2021-12-15T17:48:01,2021-12-15T17:48:01,bd2c887c815f11db9401000e3573f0d3,TAMDOMAIN,20ff99c35dcf11ec8107000d3a02ed0d,TMFSUBDOMAIN,DFREED,DFREED,DFREED
0,,0,,,0,0,20ff99c55dcf11ec8107000d3a02ed0d,1899-12-30T00:00:00,2021-12-15T17:48:01,2021-12-15T17:48:01,bd2c887c815f11db9401000e3573f0d3,TAMDOMAIN,20ff99c65dcf11ec8107000d3a02ed0d,TMFSUBDOMAIN,DFREED,DFREED,DFREED
0,,0,,,0,0,20ff99c85dcf11ec8107000d3a02ed0d,1899-12-30T00:00:00,2021-12-15T17:48:01,2021-12-15T17:48:01,bd2c887c815f11db9401000e3573f0d3,TAMDOMAIN,20ff99c95dcf11ec8107000d3a02ed0d,TMFSUBDOMAIN,DFREED,DFREED,DFREED
0,,0,,,0,0,20ff99cb5dcf11ec8107000d3a02ed0d,1899-12-30T00:00:00,2021-12-15T17:48:01,2021-12-15T17:48:01,bd2c887c815f11db9401000e3573f0d3,TAMDOMAIN,20ff99cc5dcf11ec8107000d3a02ed0d,TMFSUBDOMAIN,DFREED,DFREED,DFREED
0,,0,,,0,0,20ff99d45dcf11ec8107000d3a02ed0d,1899-12-30T00:00:00,2021-12-15T17:48:02,2021-12-15T17:48:02,bd2c887c815f11db9401000e3573f0d3,TAMDOMAIN,20ff99d55dcf11ec8107000d3a02ed0d,TMFSUBDOMAIN,DFREED,DFREED,DFREED
0,,0,,,0,0,20ff99dd5dcf11ec8107000d3a02ed0d,1899-12-30T00:00:00,2021-12-15T17:48:02,2021-12-15T17:48:02,bd2c887c815f11db9401000e3573f0d3,TAMDOMAIN,20ff99de5dcf11ec8107000d3a02ed0d,TMFSUBDOMAIN,DFREED,DFREED,DFREED
0,,0,,,0,0,20ff99e65dcf11ec8107000d3a02ed0d,1899-12-30T00:00:00,2021-12-15T17:48:02,2021-12-15T17:48:02,bd2c887c815f11db9401000e3573f0d3,TAMDOMAIN,20ff99e75dcf11ec8107000d3a02ed0d,TMFSUBDOMAIN,DFREED,DFREED,DFREED
0,,0,,,0,0,20ff99ef5dcf11ec8107000d3a02ed0d,1899-12-30T00:00:00,2021-12-15T17:48:02,2021-12-15T17:48:02,bd2c887c815f11db9401000e3573f0d3,TAMDOMAIN,20ff99f05dcf11ec8107000d3a02ed0d,TMFSUBDOMAIN,DFREED,DFREED,DFREED
0,,0,,,0,0,20ff99f35dcf11ec8107000d3a02ed0d,1899-12-30T00:00:00,2021-12-15T17:48:02,2021-12-15T17:48:02,bd2c887c815f11db9401000e3573f0d3,TAMDOMAIN,20ff99f45dcf11ec8107000d3a02ed0d,TMFSUBDOMAIN,DFREED,DFREED,DFREED
0,,0,,,0,0,20ff99f65dcf11ec8107000d3a02ed0d,1899-12-30T00:00:00,2021-12-15T17:48:02,2021-12-15T17:48:02,bd2c887c815f11db9401000e3573f0d3,TAMDOMAIN,20ff99f75dcf11ec8107000d3a02ed0d,TMFSUBDOMAIN,DFREED,DFREED,DFREED
0,,0,,,0,0,20ff99f95dcf11ec8107000d3a02ed0d,1899-12-30T00:00:00,2021-12-15T17:48:02,2021-12-15T17:48:02,bd2c887c815f11db9401000e3573f0d3,TAMDOMAIN,20ff99fa5dcf11ec8107000d3a02ed0d,TMFSUBDOMAIN,DFREED,DFREED,DFREED
0,,0,,,0,0,20ff99fc5dcf11ec8107000d3a02ed0d,1899-12-30T00:00:00,2021-12-15T17:48:02,2021-12-15T17:48:02,bd2c887c815f11db9401000e3573f0d3,TAMDOMAIN,20ff99fd5dcf11ec8107000d3a02ed0d,TMFSUBDOMAIN,DFREED,DFREED,DFREED
0,,0,,,0,0,20ff9a005dcf11ec8107000d3a02ed0d,1899-12-30T00:00:00,2021-12-15T17:48:02,2021-12-15T17:48:02,20ff99ff5dcf11ec8107000d3a02ed0d,TAMDOMAIN,20ff9a015dcf11ec8107000d3a02ed0d,TMFSUBDOMAIN,DFREED,DFREED,DFREED
0,,0,,,0,0,20ff9a035dcf11ec8107000d3a02ed0d,1899-12-30T00:00:00,2021-12-15T17:48:02,2021-12-15T17:48:02,20ff99ff5dcf11ec8107000d3a02ed0d,TAMDOMAIN,20ff9a045dcf11ec8107000d3a02ed0d,TMFSUBDOMAIN,DFREED,DFREED,DFREED
0,,0,,,0,0,20ff9a065dcf11ec8107000d3a02ed0d,1899-12-30T00:00:00,2021-12-15T17:48:03,2021-12-15T17:48:03,20ff99ff5dcf11ec8107000d3a02ed0d,TAMDOMAIN,20ff9a075dcf11ec8107000d3a02ed0d,TMFSUBDOMAIN,DFREED,DFREED,DFREED
0,,0,,,0,0,20ff9a095dcf11ec8107000d3a02ed0d,1899-12-30T00:00:00,2021-12-15T17:48:03,2021-12-15T17:48:03,20ff99ff5dcf11ec8107000d3a02ed0d,TAMDOMAIN,20ff9a0a5dcf11ec8107000d3a02ed0d,TMFSUBDOMAIN,DFREED,DFREED,DFREED
0,,0,,,0,0,20ff9a0c5dcf11ec8107000d3a02ed0d,1899-12-30T00:00:00,2021-12-15T17:48:03,2021-12-15T17:48:03,20ff99ff5dcf11ec8107000d3a02ed0d,TAMDOMAIN,20ff9a0d5dcf11ec8107000d3a02ed0d,TMFSUBDOMAIN,DFREED,DFREED,DFREED
0,,0,,,0,0,20ff9a0f5dcf11ec8107000d3a02ed0d,1899-12-30T00:00:00,2021-12-15T17:48:03,2021-12-15T17:48:03,20ff99ff5dcf11ec8107000d3a02ed0d,TAMDOMAIN,20ff9a105dcf11ec8107000d3a02ed0d,TMFSUBDOMAIN,DFREED,DFREED,DFREED
0,,0,,,0,0,20ff9a125dcf11ec8107000d3a02ed0d,1899-12-30T00:00:00,2021-12-15T17:48:03,2021-12-15T17:48:03,20ff99ff5dcf11ec8107000d3a02ed0d,TAMDOMAIN,20ff9a135dcf11ec8107000d3a02ed0d,TMFSUBDOMAIN,DFREED,DFREED,DFREED
0,,0,,,0,0,20ff9a155dcf11ec8107000d3a02ed0d,1899-12-30T00:00:00,2021-12-15T17:48:03,2021-12-15T17:48:03,bd2c8884815f11db9401000e3573f0d3,TAMDOMAIN,20ff9a165dcf11ec8107000d3a02ed0d,TMFSUBDOMAIN,DFREED,DFREED,DFREED
0,,0,,,0,0,20ff9a185dcf11ec8107000d3a02ed0d,1899-12-30T00:00:00,2021-12-15T17:48:03,2021-12-15T17:48:03,bd2c8884815f11db9401000e3573f0d3,TAMDOMAIN,20ff9a195dcf11ec8107000d3a02ed0d,TMFSUBDOMAIN,DFREED,DFREED,DFREED
0,,0,,,0,0,20ff9a1b5dcf11ec8107000d3a02ed0d,1899-12-30T00:00:00,2021-12-15T17:48:03,2021-12-15T17:48:03,bd2c8884815f11db9401000e3573f0d3,TAMDOMAIN,20ff9a1c5dcf11ec8107000d3a02ed0d,TMFSUBDOMAIN,DFREED,DFREED,DFREED
0,,0,,,0,0,20ff9a1e5dcf11ec8107000d3a02ed0d,1899-12-30T00:00:00,2021-12-15T17:48:03,2021-12-15T17:48:03,bd2c8884815f11db9401000e3573f0d3,TAMDOMAIN,20ff9a1f5dcf11ec8107000d3a02ed0d,TMFSUBDOMAIN,DFREED,DFREED,DFREED
0,,0,,,0,0,20ff9a215dcf11ec8107000d3a02ed0d,1899-12-30T00:00:00,2021-12-15T17:48:03,2021-12-15T17:48:03,bd2c8884815f11db9401000e3573f0d3,TAMDOMAIN,20ff9a225dcf11ec8107000d3a02ed0d,TMFSUBDOMAIN,DFREED,DFREED,DFREED
0,,0,,,0,0,20ff9a245dcf11ec8107000d3a02ed0d,1899-12-30T00:00:00,2021-12-15T17:48:03,2021-12-15T17:48:03,bd2c8884815f11db9401000e3573f0d3,TAMDOMAIN,20ff9a255dcf11ec8107000d3a02ed0d,TMFSUBDOMAIN,DFREED,DFREED,DFREED
0,,0,,,0,0,20ff9a275dcf11ec8107000d3a02ed0d,1899-12-30T00:00:00,2021-12-15T17:48:03,2021-12-15T17:48:03,bd2c8884815f11db9401000e3573f0d3,TAMDOMAIN,20ff9a285dcf11ec8107000d3a02ed0d,TMFSUBDOMAIN,DFREED,DFREED,DFREED
0,,0,,,0,0,20ff9a2a5dcf11ec8107000d3a02ed0d,1899-12-30T00:00:00,2021-12-15T17:48:03,2021-12-15T17:48:03,bd2c8884815f11db9401000e3573f0d3,TAMDOMAIN,20ff9a2b5dcf11ec8107000d3a02ed0d,TMFSUBDOMAIN,DFREED,DFREED,DFREED
0,,0,,,0,0,20ff9a2d5dcf11ec8107000d3a02ed0d,1899-12-30T00:00:00,2021-12-15T17:48:03,2021-12-15T17:48:03,bd2c8884815f11db9401000e3573f0d3,TAMDOMAIN,20ff9a2e5dcf11ec8107000d3a02ed0d,TMFSUBDOMAIN,DFREED,DFREED,DFREED
0,,0,,,0,0,20ff9a305dcf11ec8107000d3a02ed0d,1899-12-30T00:00:00,2021-12-15T17:48:04,2021-12-15T17:48:04,bd2c8884815f11db9401000e3573f0d3,TAMDOMAIN,20ff9a315dcf11ec8107000d3a02ed0d,TMFSUBDOMAIN,DFREED,DFREED,DFREED
0,,0,,,0,0,20ff9a335dcf11ec8107000d3a02ed0d,1899-12-30T00:00:00,2021-12-15T17:48:04,2021-12-15T17:48:04,bd2c8884815f11db9401000e3573f0d3,TAMDOMAIN,20ff9a345dcf11ec8107000d3a02ed0d,TMFSUBDOMAIN,DFREED,DFREED,DFREED
0,,0,,,0,0,20ff9a365dcf11ec8107000d3a02ed0d,1899-12-30T00:00:00,2021-12-15T17:48:04,2021-12-15T17:48:04,bd2c8884815f11db9401000e3573f0d3,TAMDOMAIN,20ff9a375dcf11ec8107000d3a02ed0d,TMFSUBDOMAIN,DFREED,DFREED,DFREED
0,,0,,,0,0,20ff9a395dcf11ec8107000d3a02ed0d,1899-12-30T00:00:00,2021-12-15T17:48:04,2021-12-15T17:48:04,bd2c8884815f11db9401000e3573f0d3,TAMDOMAIN,20ff9a3a5dcf11ec8107000d3a02ed0d,TMFSUBDOMAIN,DFREED,DFREED,DFREED
0,,0,,,0,0,20ff9a3c5dcf11ec8107000d3a02ed0d,1899-12-30T00:00:00,2021-12-15T17:48:04,2021-12-15T17:48:04,bd2c8884815f11db9401000e3573f0d3,TAMDOMAIN,20ff9a3d5dcf11ec8107000d3a02ed0d,TMFSUBDOMAIN,DFREED,DFREED,DFREED
0,,0,,,0,0,20ff9a3f5dcf11ec8107000d3a02ed0d,1899-12-30T00:00:00,2021-12-15T17:48:04,2021-12-15T17:48:04,bd2c8887815f11db9401000e3573f0d3,TAMDOMAIN,20ff9a405dcf11ec8107000d3a02ed0d,TMFSUBDOMAIN,DFREED,DFREED,DFREED
0,,0,,,0,0,20ff9a425dcf11ec8107000d3a02ed0d,1899-12-30T00:00:00,2021-12-15T17:48:04,2021-12-15T17:48:04,bd2c8887815f11db9401000e3573f0d3,TAMDOMAIN,20ff9a435dcf11ec8107000d3a02ed0d,TMFSUBDOMAIN,DFREED,DFREED,DFREED
0,,0,,,0,0,20ff9a455dcf11ec8107000d3a02ed0d,1899-12-30T00:00:00,2021-12-15T17:48:04,2021-12-15T17:48:04,bd2c8887815f11db9401000e3573f0d3,TAMDOMAIN,20ff9a465dcf11ec8107000d3a02ed0d,TMFSUBDOMAIN,DFREED,DFREED,DFREED
0,,0,,,0,0,20ff9a485dcf11ec8107000d3a02ed0d,1899-12-30T00:00:00,2021-12-15T17:48:04,2021-12-15T17:48:04,bd2c8887815f11db9401000e3573f0d3,TAMDOMAIN,20ff9a495dcf11ec8107000d3a02ed0d,TMFSUBDOMAIN,DFREED,DFREED,DFREED
0,,0,,,0,0,20ff9a4b5dcf11ec8107000d3a02ed0d,1899-12-30T00:00:00,2021-12-15T17:48:04,2021-12-15T17:48:04,bd2c8887815f11db9401000e3573f0d3,TAMDOMAIN,20ff9a4c5dcf11ec8107000d3a02ed0d,TMFSUBDOMAIN,DFREED,DFREED,DFREED
0,,0,,,0,0,20ff9a4e5dcf11ec8107000d3a02ed0d,1899-12-30T00:00:00,2021-12-15T17:48:04,2021-12-15T17:48:04,bd2c8887815f11db9401000e3573f0d3,TAMDOMAIN,20ff9a4f5dcf11ec8107000d3a02ed0d,TMFSUBDOMAIN,DFREED,DFREED,DFREED
0,,0,,,0,0,20ff9a515dcf11ec8107000d3a02ed0d,1899-12-30T00:00:00,2021-12-15T17:48:04,2021-12-15T17:48:04,bd2c8887815f11db9401000e3573f0d3,TAMDOMAIN,20ff9a525dcf11ec8107000d3a02ed0d,TMFSUBDOMAIN,DFREED,DFREED,DFREED
0,,0,,,0,0,20ff9a545dcf11ec8107000d3a02ed0d,1899-12-30T00:00:00,2021-12-15T17:48:04,2021-12-15T17:48:04,bd2c8887815f11db9401000e3573f0d3,TAMDOMAIN,20ff9a555dcf11ec8107000d3a02ed0d,TMFSUBDOMAIN,DFREED,DFREED,DFREED
0,,0,,,0,0,26f874285dcf11ec8107000d3a02ed0d,1899-12-30T00:00:00,2021-12-15T17:48:05,2021-12-15T17:48:05,bd2c8887815f11db9401000e3573f0d3,TAMDOMAIN,26f874295dcf11ec8107000d3a02ed0d,TMFSUBDOMAIN,DFREED,DFREED,DFREED
0,,0,,,0,0,26f8742b5dcf11ec8107000d3a02ed0d,1899-12-30T00:00:00,2021-12-15T17:48:05,2021-12-15T17:48:05,bd2c8887815f11db9401000e3573f0d3,TAMDOMAIN,26f8742c5dcf11ec8107000d3a02ed0d,TMFSUBDOMAIN,DFREED,DFREED,DFREED
0,,0,,,0,0,26f8742e5dcf11ec8107000d3a02ed0d,1899-12-30T00:00:00,2021-12-15T17:48:05,2021-12-15T17:48:05,bd2c8887815f11db9401000e3573f0d3,TAMDOMAIN,26f8742f5dcf11ec8107000d3a02ed0d,TMFSUBDOMAIN,DFREED,DFREED,DFREED
0,,0,,,0,0,26f874315dcf11ec8107000d3a02ed0d,1899-12-30T00:00:00,2021-12-15T17:48:05,2021-12-15T17:48:05,bd2c8887815f11db9401000e3573f0d3,TAMDOMAIN,26f874325dcf11ec8107000d3a02ed0d,TMFSUBDOMAIN,DFREED,DFREED,DFREED
0,,0,,,0,0,26f874345dcf11ec8107000d3a02ed0d,1899-12-30T00:00:00,2021-12-15T17:48:05,2021-12-15T17:48:05,bd2c8887815f11db9401000e3573f0d3,TAMDOMAIN,26f874355dcf11ec8107000d3a02ed0d,TMFSUBDOMAIN,DFREED,DFREED,DFREED
0,,0,,,0,0,26f874375dcf11ec8107000d3a02ed0d,1899-12-30T00:00:00,2021-12-15T17:48:05,2021-12-15T17:48:05,bd2c8887815f11db9401000e3573f0d3,TAMDOMAIN,26f874385dcf11ec8107000d3a02ed0d,TMFSUBDOMAIN,DFREED,DFREED,DFREED
0,,0,,,0,0,26f8743a5dcf11ec8107000d3a02ed0d,1899-12-30T00:00:00,2021-12-15T17:48:05,2021-12-15T17:48:05,bd2c8887815f11db9401000e3573f0d3,TAMDOMAIN,26f8743b5dcf11ec8107000d3a02ed0d,TMFSUBDOMAIN,DFREED,DFREED,DFREED
0,,0,,,0,0,26f8743d5dcf11ec8107000d3a02ed0d,1899-12-30T00:00:00,2021-12-15T17:48:05,2021-12-15T17:48:05,bd2c8887815f11db9401000e3573f0d3,TAMDOMAIN,26f8743e5dcf11ec8107000d3a02ed0d,TMFSUBDOMAIN,DFREED,DFREED,DFREED
0,,0,,,0,0,26f874405dcf11ec8107000d3a02ed0d,1899-12-30T00:00:00,2021-12-15T17:48:05,2021-12-15T17:48:05,bd2c8887815f11db9401000e3573f0d3,TAMDOMAIN,26f874415dcf11ec8107000d3a02ed0d,TMFSUBDOMAIN,DFREED,DFREED,DFREED
0,,0,,,0,0,26f874435dcf11ec8107000d3a02ed0d,1899-12-30T00:00:00,2021-12-15T17:48:05,2021-12-15T17:48:05,bd2c8887815f11db9401000e3573f0d3,TAMDOMAIN,26f874445dcf11ec8107000d3a02ed0d,TMFSUBDOMAIN,DFREED,DFREED,DFREED
0,,0,,,0,0,26f874465dcf11ec8107000d3a02ed0d,1899-12-30T00:00:00,2021-12-15T17:48:05,2021-12-15T17:48:05,bd2c886f815f11db9401000e3573f0d3,TAMDOMAIN,26f874475dcf11ec8107000d3a02ed0d,TMFSUBDOMAIN,DFREED,DFREED,DFREED
0,,0,,,0,0,26f874495dcf11ec8107000d3a02ed0d,1899-12-30T00:00:00,2021-12-15T17:48:05,2021-12-15T17:48:05,bd2c886f815f11db9401000e3573f0d3,TAMDOMAIN,26f8744a5dcf11ec8107000d3a02ed0d,TMFSUBDOMAIN,DFREED,DFREED,DFREED
0,,0,,,0,0,26f8744c5dcf11ec8107000d3a02ed0d,1899-12-30T00:00:00,2021-12-15T17:48:05,2021-12-15T17:48:05,bd2c886f815f11db9401000e3573f0d3,TAMDOMAIN,26f8744d5dcf11ec8107000d3a02ed0d,TMFSUBDOMAIN,DFREED,DFREED,DFREED
0,,0,,,0,0,26f8744f5dcf11ec8107000d3a02ed0d,1899-12-30T00:00:00,2021-12-15T17:48:05,2021-12-15T17:48:05,bd2c886f815f11db9401000e3573f0d3,TAMDOMAIN,26f874505dcf11ec8107000d3a02ed0d,TMFSUBDOMAIN,DFREED,DFREED,DFREED
0,,0,,,0,0,26f874555dcf11ec8107000d3a02ed0d,1899-12-30T00:00:00,2021-12-15T17:48:06,2021-12-15T17:48:06,bd2c886f815f11db9401000e3573f0d3,TAMDOMAIN,26f874565dcf11ec8107000d3a02ed0d,TMFSUBDOMAIN,DFREED,DFREED,DFREED
0,,0,,,0,0,26f874585dcf11ec8107000d3a02ed0d,1899-12-30T00:00:00,2021-12-15T17:48:06,2021-12-15T17:48:06,bd2c886f815f11db9401000e3573f0d3,TAMDOMAIN,26f874595dcf11ec8107000d3a02ed0d,TMFSUBDOMAIN,DFREED,DFREED,DFREED
0,,0,,,0,0,26f8745b5dcf11ec8107000d3a02ed0d,1899-12-30T00:00:00,2021-12-15T17:48:06,2021-12-15T17:48:06,bd2c886f815f11db9401000e3573f0d3,TAMDOMAIN,26f8745c5dcf11ec8107000d3a02ed0d,TMFSUBDOMAIN,DFREED,DFREED,DFREED
0,,0,,,0,0,26f8745e5dcf11ec8107000d3a02ed0d,1899-12-30T00:00:00,2021-12-15T17:48:06,2021-12-15T17:48:06,bd2c886f815f11db9401000e3573f0d3,TAMDOMAIN,26f8745f5dcf11ec8107000d3a02ed0d,TMFSUBDOMAIN,DFREED,DFREED,DFREED
0,,0,,,0,0,26f874615dcf11ec8107000d3a02ed0d,1899-12-30T00:00:00,2021-12-15T17:48:06,2021-12-15T17:48:06,bd2c886f815f11db9401000e3573f0d3,TAMDOMAIN,26f874625dcf11ec8107000d3a02ed0d,TMFSUBDOMAIN,DFREED,DFREED,DFREED
0,,0,,,0,0,26f874645dcf11ec8107000d3a02ed0d,1899-12-30T00:00:00,2021-12-15T17:48:06,2021-12-15T17:48:06,bd2c886f815f11db9401000e3573f0d3,TAMDOMAIN,26f874655dcf11ec8107000d3a02ed0d,TMFSUBDOMAIN,DFREED,DFREED,DFREED
0,,0,,,0,0,26f874675dcf11ec8107000d3a02ed0d,1899-12-30T00:00:00,2021-12-15T17:48:06,2021-12-15T17:48:06,bd2c886f815f11db9401000e3573f0d3,TAMDOMAIN,26f874685dcf11ec8107000d3a02ed0d,TMFSUBDOMAIN,DFREED,DFREED,DFREED
0,,0,,,0,0,26f8746a5dcf11ec8107000d3a02ed0d,1899-12-30T00:00:00,2021-12-15T17:48:06,2021-12-15T17:48:06,bd2c886f815f11db9401000e3573f0d3,TAMDOMAIN,26f8746b5dcf11ec8107000d3a02ed0d,TMFSUBDOMAIN,DFREED,DFREED,DFREED
0,,0,,,0,0,26f8746d5dcf11ec8107000d3a02ed0d,1899-12-30T00:00:00,2021-12-15T17:48:06,2021-12-15T17:48:06,bd2c886f815f11db9401000e3573f0d3,TAMDOMAIN,26f8746e5dcf11ec8107000d3a02ed0d,TMFSUBDOMAIN,DFREED,DFREED,DFREED
0,,0,,,0,0,26f874705dcf11ec8107000d3a02ed0d,1899-12-30T00:00:00,2021-12-15T17:48:06,2021-12-15T17:48:06,bd2c886f815f11db9401000e3573f0d3,TAMDOMAIN,26f874715dcf11ec8107000d3a02ed0d,TMFSUBDOMAIN,DFREED,DFREED,DFREED
0,,0,,,0,0,26f874735dcf11ec8107000d3a02ed0d,1899-12-30T00:00:00,2021-12-15T17:48:06,2021-12-15T17:48:06,bd2c886f815f11db9401000e3573f0d3,TAMDOMAIN,26f874745dcf11ec8107000d3a02ed0d,TMFSUBDOMAIN,DFREED,DFREED,DFREED
0,,0,,,0,0,26f874765dcf11ec8107000d3a02ed0d,1899-12-30T00:00:00,2021-12-15T17:48:06,2021-12-15T17:48:06,bd2c886f815f11db9401000e3573f0d3,TAMDOMAIN,26f874775dcf11ec8107000d3a02ed0d,TMFSUBDOMAIN,DFREED,DFREED,DFREED
0,,0,,,0,0,26f874795dcf11ec8107000d3a02ed0d,1899-12-30T00:00:00,2021-12-15T17:48:06,2021-12-15T17:48:06,bd2c886f815f11db9401000e3573f0d3,TAMDOMAIN,26f8747a5dcf11ec8107000d3a02ed0d,TMFSUBDOMAIN,DFREED,DFREED,DFREED
0,,0,,,0,0,26f8747c5dcf11ec8107000d3a02ed0d,1899-12-30T00:00:00,2021-12-15T17:48:07,2021-12-15T17:48:07,bd2c886f815f11db9401000e3573f0d3,TAMDOMAIN,26f8747d5dcf11ec8107000d3a02ed0d,TMFSUBDOMAIN,DFREED,DFREED,DFREED
0,,0,,,0,0,26f8747f5dcf11ec8107000d3a02ed0d,1899-12-30T00:00:00,2021-12-15T17:48:07,2021-12-15T17:48:07,bd2c886f815f11db9401000e3573f0d3,TAMDOMAIN,26f874805dcf11ec8107000d3a02ed0d,TMFSUBDOMAIN,DFREED,DFREED,DFREED
0,,0,,,0,0,26f874825dcf11ec8107000d3a02ed0d,1899-12-30T00:00:00,2021-12-15T17:48:07,2021-12-15T17:48:07,bd2c886f815f11db9401000e3573f0d3,TAMDOMAIN,26f874835dcf11ec8107000d3a02ed0d,TMFSUBDOMAIN,DFREED,DFREED,DFREED
0,,0,,,0,0,26f874855dcf11ec8107000d3a02ed0d,1899-12-30T00:00:00,2021-12-15T17:48:07,2021-12-15T17:48:07,bd2c886f815f11db9401000e3573f0d3,TAMDOMAIN,26f874865dcf11ec8107000d3a02ed0d,TMFSUBDOMAIN,DFREED,DFREED,DFREED
0,,0,,,0,0,26f874885dcf11ec8107000d3a02ed0d,1899-12-30T00:00:00,2021-12-15T17:48:07,2021-12-15T17:48:07,bd2c886f815f11db9401000e3573f0d3,TAMDOMAIN,26f874895dcf11ec8107000d3a02ed0d,TMFSUBDOMAIN,DFREED,DFREED,DFREED
0,,0,,,0,0,26f8748b5dcf11ec8107000d3a02ed0d,1899-12-30T00:00:00,2021-12-15T17:48:07,2021-12-15T17:48:07,bd2c886f815f11db9401000e3573f0d3,TAMDOMAIN,26f8748c5dcf11ec8107000d3a02ed0d,TMFSUBDOMAIN,DFREED,DFREED,DFREED
0,,0,,,0,0,26f874905dcf11ec8107000d3a02ed0d,1899-12-30T00:00:00,2021-12-15T17:48:07,2021-12-15T17:48:07,bd2c886f815f11db9401000e3573f0d3,TAMDOMAIN,26f874915dcf11ec8107000d3a02ed0d,TMFSUBDOMAIN,DFREED,DFREED,DFREED
0,,0,,,0,0,26f874955dcf11ec8107000d3a02ed0d,1899-12-30T00:00:00,2021-12-15T17:48:08,2021-12-15T17:48:08,bd2c886f815f11db9401000e3573f0d3,TAMDOMAIN,26f874535dcf11ec8107000d3a02ed0d,TMFSUBDOMAIN,DFREED,DFREED,DFREED
0,,0,,,0,0,26f874995dcf11ec8107000d3a02ed0d,1899-12-30T00:00:00,2021-12-15T17:48:08,2021-12-15T17:48:08,bd2c886f815f11db9401000e3573f0d3,TAMDOMAIN,26f8749a5dcf11ec8107000d3a02ed0d,TMFSUBDOMAIN,DFREED,DFREED,DFREED
0,,0,,,0,0,26f8749e5dcf11ec8107000d3a02ed0d,1899-12-30T00:00:00,2021-12-15T17:48:08,2021-12-15T17:48:08,bd2c886f815f11db9401000e3573f0d3,TAMDOMAIN,26f8749f5dcf11ec8107000d3a02ed0d,TMFSUBDOMAIN,DFREED,DFREED,DFREED
0,,0,,,0,0,26f874a15dcf11ec8107000d3a02ed0d,1899-12-30T00:00:00,2021-12-15T17:48:08,2021-12-15T17:48:08,bd2c888c815f11db9401000e3573f0d3,TAMDOMAIN,26f874a25dcf11ec8107000d3a02ed0d,TMFSUBDOMAIN,DFREED,DFREED,DFREED
0,,0,,,0,0,26f874a75dcf11ec8107000d3a02ed0d,1899-12-30T00:00:00,2021-12-15T17:48:09,2021-12-15T17:48:09,bd2c888c815f11db9401000e3573f0d3,TAMDOMAIN,26f874a85dcf11ec8107000d3a02ed0d,TMFSUBDOMAIN,DFREED,DFREED,DFREED
0,,0,,,0,0,26f874aa5dcf11ec8107000d3a02ed0d,1899-12-30T00:00:00,2021-12-15T17:48:09,2021-12-15T17:48:09,bd2c888c815f11db9401000e3573f0d3,TAMDOMAIN,26f874ab5dcf11ec8107000d3a02ed0d,TMFSUBDOMAIN,DFREED,DFREED,DFREED
0,,0,,,0,0,26f874ad5dcf11ec8107000d3a02ed0d,1899-12-30T00:00:00,2021-12-15T17:48:09,2021-12-15T17:48:09,bd2c888c815f11db9401000e3573f0d3,TAMDOMAIN,26f874ae5dcf11ec8107000d3a02ed0d,TMFSUBDOMAIN,DFREED,DFREED,DFREED
0,,0,,,0,0,26f874b05dcf11ec8107000d3a02ed0d,1899-12-30T00:00:00,2021-12-15T17:48:09,2021-12-15T17:48:09,bd2c888c815f11db9401000e3573f0d3,TAMDOMAIN,26f874b15dcf11ec8107000d3a02ed0d,TMFSUBDOMAIN,DFREED,DFREED,DFREED
0,,0,,,0,0,26f874b35dcf11ec8107000d3a02ed0d,1899-12-30T00:00:00,2021-12-15T17:48:09,2021-12-15T17:48:09,bd2c888c815f11db9401000e3573f0d3,TAMDOMAIN,26f874b45dcf11ec8107000d3a02ed0d,TMFSUBDOMAIN,DFREED,DFREED,DFREED
0,,0,,,0,0,26f874b65dcf11ec8107000d3a02ed0d,1899-12-30T00:00:00,2021-12-15T17:48:09,2021-12-15T17:48:09,bd2c888c815f11db9401000e3573f0d3,TAMDOMAIN,26f874b75dcf11ec8107000d3a02ed0d,TMFSUBDOMAIN,DFREED,DFREED,DFREED
0,,0,,,0,0,26f874b95dcf11ec8107000d3a02ed0d,1899-12-30T00:00:00,2021-12-15T17:48:09,2021-12-15T17:48:09,bd2c888c815f11db9401000e3573f0d3,TAMDOMAIN,26f874ba5dcf11ec8107000d3a02ed0d,TMFSUBDOMAIN,DFREED,DFREED,DFREED
0,,0,,,0,0,26f874bc5dcf11ec8107000d3a02ed0d,1899-12-30T00:00:00,2021-12-15T17:48:09,2021-12-15T17:48:09,bd2c888c815f11db9401000e3573f0d3,TAMDOMAIN,26f874bd5dcf11ec8107000d3a02ed0d,TMFSUBDOMAIN,DFREED,DFREED,DFREED
0,,0,,,0,0,26f874bf5dcf11ec8107000d3a02ed0d,1899-12-30T00:00:00,2021-12-15T17:48:09,2021-12-15T17:48:09,bd2c888c815f11db9401000e3573f0d3,TAMDOMAIN,26f874c05dcf11ec8107000d3a02ed0d,TMFSUBDOMAIN,DFREED,DFREED,DFREED
0,,0,,,0,0,26f874c25dcf11ec8107000d3a02ed0d,1899-12-30T00:00:00,2021-12-15T17:48:09,2021-12-15T17:48:09,bd2c888c815f11db9401000e3573f0d3,TAMDOMAIN,26f874c35dcf11ec8107000d3a02ed0d,TMFSUBDOMAIN,DFREED,DFREED,DFREED
0,,0,,,0,0,26f874c55dcf11ec8107000d3a02ed0d,1899-12-30T00:00:00,2021-12-15T17:48:09,2021-12-15T17:48:09,bd2c888c815f11db9401000e3573f0d3,TAMDOMAIN,26f874c65dcf11ec8107000d3a02ed0d,TMFSUBDOMAIN,DFREED,DFREED,DFREED
0,,0,,,0,0,26f874c85dcf11ec8107000d3a02ed0d,1899-12-30T00:00:00,2021-12-15T17:48:09,2021-12-15T17:48:09,bd2c888c815f11db9401000e3573f0d3,TAMDOMAIN,26f874c95dcf11ec8107000d3a02ed0d,TMFSUBDOMAIN,DFREED,DFREED,DFREED
0,,0,,,0,0,26f874cb5dcf11ec8107000d3a02ed0d,1899-12-30T00:00:00,2021-12-15T17:48:09,2021-12-15T17:48:09,bd2c888c815f11db9401000e3573f0d3,TAMDOMAIN,26f874cc5dcf11ec8107000d3a02ed0d,TMFSUBDOMAIN,DFREED,DFREED,DFREED
0,,0,,,0,0,26f874ce5dcf11ec8107000d3a02ed0d,1899-12-30T00:00:00,2021-12-15T17:48:09,2021-12-15T17:48:09,bd2c888c815f11db9401000e3573f0d3,TAMDOMAIN,26f874cf5dcf11ec8107000d3a02ed0d,TMFSUBDOMAIN,DFREED,DFREED,DFREED
0,,0,,,0,0,26f874d15dcf11ec8107000d3a02ed0d,1899-12-30T00:00:00,2021-12-15T17:48:10,2021-12-15T17:48:10,bd2c888c815f11db9401000e3573f0d3,TAMDOMAIN,26f874d25dcf11ec8107000d3a02ed0d,TMFSUBDOMAIN,DFREED,DFREED,DFREED
0,,0,,,0,0,26f874d45dcf11ec8107000d3a02ed0d,1899-12-30T00:00:00,2021-12-15T17:48:10,2021-12-15T17:48:10,bd2c888c815f11db9401000e3573f0d3,TAMDOMAIN,26f874d55dcf11ec8107000d3a02ed0d,TMFSUBDOMAIN,DFREED,DFREED,DFREED
0,,0,,,0,0,26f874d75dcf11ec8107000d3a02ed0d,1899-12-30T00:00:00,2021-12-15T17:48:10,2021-12-15T17:48:10,bd2c888c815f11db9401000e3573f0d3,TAMDOMAIN,26f874d85dcf11ec8107000d3a02ed0d,TMFSUBDOMAIN,DFREED,DFREED,DFREED
0,,0,,,0,0,26f874da5dcf11ec8107000d3a02ed0d,1899-12-30T00:00:00,2021-12-15T17:48:10,2021-12-15T17:48:10,bd2c888c815f11db9401000e3573f0d3,TAMDOMAIN,26f874db5dcf11ec8107000d3a02ed0d,TMFSUBDOMAIN,DFREED,DFREED,DFREED
0,,0,,,0,0,26f874dd5dcf11ec8107000d3a02ed0d,1899-12-30T00:00:00,2021-12-15T17:48:10,2021-12-15T17:48:10,bd2c888c815f11db9401000e3573f0d3,TAMDOMAIN,26f874de5dcf11ec8107000d3a02ed0d,TMFSUBDOMAIN,DFREED,DFREED,DFREED
0,,0,,,0,0,26f874e05dcf11ec8107000d3a02ed0d,1899-12-30T00:00:00,2021-12-15T17:48:10,2021-12-15T17:48:10,bd2c888c815f11db9401000e3573f0d3,TAMDOMAIN,26f874e15dcf11ec8107000d3a02ed0d,TMFSUBDOMAIN,DFREED,DFREED,DFREED
0,,0,,,0,0,26f874e35dcf11ec8107000d3a02ed0d,1899-12-30T00:00:00,2021-12-15T17:48:10,2021-12-15T17:48:10,bd2c888c815f11db9401000e3573f0d3,TAMDOMAIN,26f874e45dcf11ec8107000d3a02ed0d,TMFSUBDOMAIN,DFREED,DFREED,DFREED
0,,0,,,0,0,26f874e65dcf11ec8107000d3a02ed0d,1899-12-30T00:00:00,2021-12-15T17:48:10,2021-12-15T17:48:10,bd2c888c815f11db9401000e3573f0d3,TAMDOMAIN,26f874e75dcf11ec8107000d3a02ed0d,TMFSUBDOMAIN,DFREED,DFREED,DFREED
0,,0,,,0,0,26f874e95dcf11ec8107000d3a02ed0d,1899-12-30T00:00:00,2021-12-15T17:48:10,2021-12-15T17:48:10,bd2c888c815f11db9401000e3573f0d3,TAMDOMAIN,26f874ea5dcf11ec8107000d3a02ed0d,TMFSUBDOMAIN,DFREED,DFREED,DFREED
0,,0,,,0,0,26f874ec5dcf11ec8107000d3a02ed0d,1899-12-30T00:00:00,2021-12-15T17:48:10,2021-12-15T17:48:10,bd2c888c815f11db9401000e3573f0d3,TAMDOMAIN,26f874ed5dcf11ec8107000d3a02ed0d,TMFSUBDOMAIN,DFREED,DFREED,DFREED
0,,0,,,0,0,26f874ef5dcf11ec8107000d3a02ed0d,1899-12-30T00:00:00,2021-12-15T17:48:11,2021-12-15T17:48:11,bd2c888c815f11db9401000e3573f0d3,TAMDOMAIN,26f874a55dcf11ec8107000d3a02ed0d,TMFSUBDOMAIN,DFREED,DFREED,DFREED
0,,0,,,0,0,26f874f15dcf11ec8107000d3a02ed0d,1899-12-30T00:00:00,2021-12-15T17:48:11,2021-12-15T17:48:11,bd2c888c815f11db9401000e3573f0d3,TAMDOMAIN,26f874f25dcf11ec8107000d3a02ed0d,TMFSUBDOMAIN,DFREED,DFREED,DFREED
0,,0,,,0,0,26f874f45dcf11ec8107000d3a02ed0d,1899-12-30T00:00:00,2021-12-15T17:48:11,2021-12-15T17:48:11,bd2c888c815f11db9401000e3573f0d3,TAMDOMAIN,26f874f55dcf11ec8107000d3a02ed0d,TMFSUBDOMAIN,DFREED,DFREED,DFREED
0,,0,,,0,0,26f874f75dcf11ec8107000d3a02ed0d,1899-12-30T00:00:00,2021-12-15T17:48:11,2021-12-15T17:48:11,2a1be77e23fd11dc87cb00059a3c7800,TAMDOMAIN,26f874f85dcf11ec8107000d3a02ed0d,TMFSUBDOMAIN,DFREED,DFREED,DFREED
0,,0,,,0,0,26f874fa5dcf11ec8107000d3a02ed0d,1899-12-30T00:00:00,2021-12-15T17:48:11,2021-12-15T17:48:11,2a1be77e23fd11dc87cb00059a3c7800,TAMDOMAIN,26f874fb5dcf11ec8107000d3a02ed0d,TMFSUBDOMAIN,DFREED,DFREED,DFREED
0,,0,,,0,0,26f874fd5dcf11ec8107000d3a02ed0d,1899-12-30T00:00:00,2021-12-15T17:48:11,2021-12-15T17:48:11,2a1be77e23fd11dc87cb00059a3c7800,TAMDOMAIN,26f874fe5dcf11ec8107000d3a02ed0d,TMFSUBDOMAIN,DFREED,DFREED,DFREED
0,,0,,,0,0,26f875005dcf11ec8107000d3a02ed0d,1899-12-30T00:00:00,2021-12-15T17:48:11,2021-12-15T17:48:11,2a1be77e23fd11dc87cb00059a3c7800,TAMDOMAIN,26f875015dcf11ec8107000d3a02ed0d,TMFSUBDOMAIN,DFREED,DFREED,DFREED
0,,0,,,0,0,26f875035dcf11ec8107000d3a02ed0d,1899-12-30T00:00:00,2021-12-15T17:48:11,2021-12-15T17:48:11,2a1be77e23fd11dc87cb00059a3c7800,TAMDOMAIN,26f875045dcf11ec8107000d3a02ed0d,TMFSUBDOMAIN,DFREED,DFREED,DFREED
0,,0,,,0,0,26f875065dcf11ec8107000d3a02ed0d,1899-12-30T00:00:00,2021-12-15T17:48:12,2021-12-15T17:48:12,2a1be77e23fd11dc87cb00059a3c7800,TAMDOMAIN,26f875075dcf11ec8107000d3a02ed0d,TMFSUBDOMAIN,DFREED,DFREED,DFREED
0,,0,,,0,0,26f875095dcf11ec8107000d3a02ed0d,1899-12-30T00:00:00,2021-12-15T17:48:12,2021-12-15T17:48:12,2a1be77e23fd11dc87cb00059a3c7800,TAMDOMAIN,26f8750a5dcf11ec8107000d3a02ed0d,TMFSUBDOMAIN,DFREED,DFREED,DFREED
0,,0,,,0,0,26f8750c5dcf11ec8107000d3a02ed0d,1899-12-30T00:00:00,2021-12-15T17:48:12,2021-12-15T17:48:12,2a1be77e23fd11dc87cb00059a3c7800,TAMDOMAIN,26f8750d5dcf11ec8107000d3a02ed0d,TMFSUBDOMAIN,DFREED,DFREED,DFREED
0,,0,,,0,0,26f8750f5dcf11ec8107000d3a02ed0d,1899-12-30T00:00:00,2021-12-15T17:48:12,2021-12-15T17:48:12,2a1be77e23fd11dc87cb00059a3c7800,TAMDOMAIN,26f875105dcf11ec8107000d3a02ed0d,TMFSUBDOMAIN,DFREED,DFREED,DFREED
0,,0,,,0,0,26f875125dcf11ec8107000d3a02ed0d,1899-12-30T00:00:00,2021-12-15T17:48:12,2021-12-15T17:48:12,2a1be77e23fd11dc87cb00059a3c7800,TAMDOMAIN,26f875135dcf11ec8107000d3a02ed0d,TMFSUBDOMAIN,DFREED,DFREED,DFREED
0,,0,,,0,0,26f875155dcf11ec8107000d3a02ed0d,1899-12-30T00:00:00,2021-12-15T17:48:12,2021-12-15T17:48:12,2a1be77e23fd11dc87cb00059a3c7800,TAMDOMAIN,26f875165dcf11ec8107000d3a02ed0d,TMFSUBDOMAIN,DFREED,DFREED,DFREED
0,,0,,,0,0,26f875185dcf11ec8107000d3a02ed0d,1899-12-30T00:00:00,2021-12-15T17:48:12,2021-12-15T17:48:12,2a1be77e23fd11dc87cb00059a3c7800,TAMDOMAIN,26f875195dcf11ec8107000d3a02ed0d,TMFSUBDOMAIN,DFREED,DFREED,DFREED
0,,0,,,0,0,26f8751b5dcf11ec8107000d3a02ed0d,1899-12-30T00:00:00,2021-12-15T17:48:12,2021-12-15T17:48:12,2a1be77e23fd11dc87cb00059a3c7800,TAMDOMAIN,26f8751c5dcf11ec8107000d3a02ed0d,TMFSUBDOMAIN,DFREED,DFREED,DFREED
0,,0,,,0,0,26f8751e5dcf11ec8107000d3a02ed0d,1899-12-30T00:00:00,2021-12-15T17:48:12,2021-12-15T17:48:12,2a1be77e23fd11dc87cb00059a3c7800,TAMDOMAIN,26f8751f5dcf11ec8107000d3a02ed0d,TMFSUBDOMAIN,DFREED,DFREED,DFREED
0,,0,,,0,0,26f875215dcf11ec8107000d3a02ed0d,1899-12-30T00:00:00,2021-12-15T17:48:12,2021-12-15T17:48:12,2a1be77e23fd11dc87cb00059a3c7800,TAMDOMAIN,26f875225dcf11ec8107000d3a02ed0d,TMFSUBDOMAIN,DFREED,DFREED,DFREED
0,,0,,,0,0,26f875245dcf11ec8107000d3a02ed0d,1899-12-30T00:00:00,2021-12-15T17:48:12,2021-12-15T17:48:12,2a1be77e23fd11dc87cb00059a3c7800,TAMDOMAIN,26f875255dcf11ec8107000d3a02ed0d,TMFSUBDOMAIN,DFREED,DFREED,DFREED
0,,0,,,0,0,26f875275dcf11ec8107000d3a02ed0d,1899-12-30T00:00:00,2021-12-15T17:48:12,2021-12-15T17:48:12,2a1be77e23fd11dc87cb00059a3c7800,TAMDOMAIN,26f875285dcf11ec8107000d3a02ed0d,TMFSUBDOMAIN,DFREED,DFREED,DFREED
0,,0,,,0,0,26f8752a5dcf11ec8107000d3a02ed0d,1899-12-30T00:00:00,2021-12-15T17:48:12,2021-12-15T17:48:12,2a1be77e23fd11dc87cb00059a3c7800,TAMDOMAIN,26f8752b5dcf11ec8107000d3a02ed0d,TMFSUBDOMAIN,DFREED,DFREED,DFREED
0,,0,,,0,0,26f8752d5dcf11ec8107000d3a02ed0d,1899-12-30T00:00:00,2021-12-15T17:48:13,2021-12-15T17:48:13,2a1be77e23fd11dc87cb00059a3c7800,TAMDOMAIN,26f8752e5dcf11ec8107000d3a02ed0d,TMFSUBDOMAIN,DFREED,DFREED,DFREED
0,,0,,,0,0,26f875305dcf11ec8107000d3a02ed0d,1899-12-30T00:00:00,2021-12-15T17:48:13,2021-12-15T17:48:13,2a1be77e23fd11dc87cb00059a3c7800,TAMDOMAIN,26f875315dcf11ec8107000d3a02ed0d,TMFSUBDOMAIN,DFREED,DFREED,DFREED
0,,0,,,0,0,26f875335dcf11ec8107000d3a02ed0d,1899-12-30T00:00:00,2021-12-15T17:48:13,2021-12-15T17:48:13,2a1be77e23fd11dc87cb00059a3c7800,TAMDOMAIN,26f875345dcf11ec8107000d3a02ed0d,TMFSUBDOMAIN,DFREED,DFREED,DFREED
0,,0,,,0,0,26f875365dcf11ec8107000d3a02ed0d,1899-12-30T00:00:00,2021-12-15T17:48:13,2021-12-15T17:48:13,2a1be77e23fd11dc87cb00059a3c7800,TAMDOMAIN,26f875375dcf11ec8107000d3a02ed0d,TMFSUBDOMAIN,DFREED,DFREED,DFREED
0,,0,,,0,0,26f875395dcf11ec8107000d3a02ed0d,1899-12-30T00:00:00,2021-12-15T17:48:13,2021-12-15T17:48:13,2a1be77e23fd11dc87cb00059a3c7800,TAMDOMAIN,26f8753a5dcf11ec8107000d3a02ed0d,TMFSUBDOMAIN,DFREED,DFREED,DFREED
0,,0,,,0,0,26f8753c5dcf11ec8107000d3a02ed0d,1899-12-30T00:00:00,2021-12-15T17:48:13,2021-12-15T17:48:13,2a1be77e23fd11dc87cb00059a3c7800,TAMDOMAIN,26f8753d5dcf11ec8107000d3a02ed0d,TMFSUBDOMAIN,DFREED,DFREED,DFREED
0,,0,,,0,0,26f8753f5dcf11ec8107000d3a02ed0d,1899-12-30T00:00:00,2021-12-15T17:48:13,2021-12-15T17:48:13,2a1be77e23fd11dc87cb00059a3c7800,TAMDOMAIN,26f875405dcf11ec8107000d3a02ed0d,TMFSUBDOMAIN,DFREED,DFREED,DFREED
0,,0,,,0,0,26f875425dcf11ec8107000d3a02ed0d,1899-12-30T00:00:00,2021-12-15T17:48:13,2021-12-15T17:48:13,2a1be77e23fd11dc87cb00059a3c7800,TAMDOMAIN,26f875435dcf11ec8107000d3a02ed0d,TMFSUBDOMAIN,DFREED,DFREED,DFREED
0,,0,,,0,0,26f875455dcf11ec8107000d3a02ed0d,1899-12-30T00:00:00,2021-12-15T17:48:13,2021-12-15T17:48:13,2a1be77e23fd11dc87cb00059a3c7800,TAMDOMAIN,26f875465dcf11ec8107000d3a02ed0d,TMFSUBDOMAIN,DFREED,DFREED,DFREED
0,,0,,,0,0,26f875485dcf11ec8107000d3a02ed0d,1899-12-30T00:00:00,2021-12-15T17:48:14,2021-12-15T17:48:14,2a1be77e23fd11dc87cb00059a3c7800,TAMDOMAIN,20ff99a35dcf11ec8107000d3a02ed0d,TMFSUBDOMAIN,DFREED,DFREED,DFREED
0,,0,,,0,0,26f8754a5dcf11ec8107000d3a02ed0d,1899-12-30T00:00:00,2021-12-15T17:48:14,2021-12-15T17:48:14,2a1be77e23fd11dc87cb00059a3c7800,TAMDOMAIN,26f8754b5dcf11ec8107000d3a02ed0d,TMFSUBDOMAIN,DFREED,DFREED,DFREED
0,,0,,,0,0,26f8754d5dcf11ec8107000d3a02ed0d,1899-12-30T00:00:00,2021-12-15T17:48:14,2021-12-15T17:48:14,2a1be77e23fd11dc87cb00059a3c7800,TAMDOMAIN,26f8754e5dcf11ec8107000d3a02ed0d,TMFSUBDOMAIN,DFREED,DFREED,DFREED
0,,0,,,0,0,26f875505dcf11ec8107000d3a02ed0d,1899-12-30T00:00:00,2021-12-15T17:48:14,2021-12-15T17:48:14,2a1be77e23fd11dc87cb00059a3c7800,TAMDOMAIN,26f875515dcf11ec8107000d3a02ed0d,TMFSUBDOMAIN,DFREED,DFREED,DFREED
0,,0,,,0,0,26f875535dcf11ec8107000d3a02ed0d,1899-12-30T00:00:00,2021-12-15T17:48:14,2021-12-15T17:48:14,2a1be77e23fd11dc87cb00059a3c7800,TAMDOMAIN,26f875545dcf11ec8107000d3a02ed0d,TMFSUBDOMAIN,DFREED,DFREED,DFREED
0,,0,,,0,0,26f875565dcf11ec8107000d3a02ed0d,1899-12-30T00:00:00,2021-12-15T17:48:14,2021-12-15T17:48:14,2a1be77e23fd11dc87cb00059a3c7800,TAMDOMAIN,26f875575dcf11ec8107000d3a02ed0d,TMFSUBDOMAIN,DFREED,DFREED,DFREED
0,,0,,,0,0,26f875595dcf11ec8107000d3a02ed0d,1899-12-30T00:00:00,2021-12-15T17:48:14,2021-12-15T17:48:14,2a1be77e23fd11dc87cb00059a3c7800,TAMDOMAIN,26f8755a5dcf11ec8107000d3a02ed0d,TMFSUBDOMAIN,DFREED,DFREED,DFREED
0,,0,,,0,0,26f8755c5dcf11ec8107000d3a02ed0d,1899-12-30T00:00:00,2021-12-15T17:48:14,2021-12-15T17:48:14,2a1be77e23fd11dc87cb00059a3c7800,TAMDOMAIN,26f8755d5dcf11ec8107000d3a02ed0d,TMFSUBDOMAIN,DFREED,DFREED,DFREED
0,,0,,,0,0,2cf061e95dcf11ec8107000d3a02ed0d,1899-12-30T00:00:00,2021-12-15T17:48:15,2021-12-15T17:48:15,2a1be77e23fd11dc87cb00059a3c7800,TAMDOMAIN,2cf061ea5dcf11ec8107000d3a02ed0d,TMFSUBDOMAIN,DFREED,DFREED,DFREED
0,,0,,,0,0,2cf061ec5dcf11ec8107000d3a02ed0d,1899-12-30T00:00:00,2021-12-15T17:48:15,2021-12-15T17:48:15,2a1be77e23fd11dc87cb00059a3c7800,TAMDOMAIN,2cf061ed5dcf11ec8107000d3a02ed0d,TMFSUBDOMAIN,DFREED,DFREED,DFREED
0,,0,,,0,0,2cf061ef5dcf11ec8107000d3a02ed0d,1899-12-30T00:00:00,2021-12-15T17:48:15,2021-12-15T17:48:15,2a1be77e23fd11dc87cb00059a3c7800,TAMDOMAIN,2cf061f05dcf11ec8107000d3a02ed0d,TMFSUBDOMAIN,DFREED,DFREED,DFREED
0,,0,,,0,0,2cf061f25dcf11ec8107000d3a02ed0d,1899-12-30T00:00:00,2021-12-15T17:48:15,2021-12-15T17:48:15,2a1be77e23fd11dc87cb00059a3c7800,TAMDOMAIN,2cf061f35dcf11ec8107000d3a02ed0d,TMFSUBDOMAIN,DFREED,DFREED,DFREED
0,,0,,,0,0,2cf061f55dcf11ec8107000d3a02ed0d,1899-12-30T00:00:00,2021-12-15T17:48:15,2021-12-15T17:48:15,2a1be77e23fd11dc87cb00059a3c7800,TAMDOMAIN,2cf061f65dcf11ec8107000d3a02ed0d,TMFSUBDOMAIN,DFREED,DFREED,DFREED
0,,0,,,0,0,2cf061f85dcf11ec8107000d3a02ed0d,1899-12-30T00:00:00,2021-12-15T17:48:15,2021-12-15T17:48:15,271efcfde24d11e392b26817294aebff,TAMDOMAIN,2cf061f95dcf11ec8107000d3a02ed0d,TMFSUBDOMAIN,DFREED,DFREED,DFREED
0,,0,,,0,0,2cf061fb5dcf11ec8107000d3a02ed0d,1899-12-30T00:00:00,2021-12-15T17:48:15,2021-12-15T17:48:15,271efcfde24d11e392b26817294aebff,TAMDOMAIN,2cf061fc5dcf11ec8107000d3a02ed0d,TMFSUBDOMAIN,DFREED,DFREED,DFREED
0,,0,,,0,0,2cf061fe5dcf11ec8107000d3a02ed0d,1899-12-30T00:00:00,2021-12-15T17:48:15,2021-12-15T17:48:15,271efcfde24d11e392b26817294aebff,TAMDOMAIN,2cf061ff5dcf11ec8107000d3a02ed0d,TMFSUBDOMAIN,DFREED,DFREED,DFREED
0,,0,,,0,0,2cf062015dcf11ec8107000d3a02ed0d,1899-12-30T00:00:00,2021-12-15T17:48:15,2021-12-15T17:48:15,271efcfde24d11e392b26817294aebff,TAMDOMAIN,2cf062025dcf11ec8107000d3a02ed0d,TMFSUBDOMAIN,DFREED,DFREED,DFREED
0,,0,,,0,0,2cf062045dcf11ec8107000d3a02ed0d,1899-12-30T00:00:00,2021-12-15T17:48:15,2021-12-15T17:48:15,271efcfde24d11e392b26817294aebff,TAMDOMAIN,2cf062055dcf11ec8107000d3a02ed0d,TMFSUBDOMAIN,DFREED,DFREED,DFREED
0,,0,,,0,0,2cf062075dcf11ec8107000d3a02ed0d,1899-12-30T00:00:00,2021-12-15T17:48:15,2021-12-15T17:48:15,271efcfde24d11e392b26817294aebff,TAMDOMAIN,2cf062085dcf11ec8107000d3a02ed0d,TMFSUBDOMAIN,DFREED,DFREED,DFREED
0,,0,,,0,0,2cf0620a5dcf11ec8107000d3a02ed0d,1899-12-30T00:00:00,2021-12-15T17:48:15,2021-12-15T17:48:15,271efcfde24d11e392b26817294aebff,TAMDOMAIN,2cf0620b5dcf11ec8107000d3a02ed0d,TMFSUBDOMAIN,DFREED,DFREED,DFREED
0,,0,,,0,0,2cf0620d5dcf11ec8107000d3a02ed0d,1899-12-30T00:00:00,2021-12-15T17:48:15,2021-12-15T17:48:15,271efcfde24d11e392b26817294aebff,TAMDOMAIN,2cf0620e5dcf11ec8107000d3a02ed0d,TMFSUBDOMAIN,DFREED,DFREED,DFREED
0,,0,,,0,0,2cf062105dcf11ec8107000d3a02ed0d,1899-12-30T00:00:00,2021-12-15T17:48:16,2021-12-15T17:48:16,271efcfde24d11e392b26817294aebff,TAMDOMAIN,2cf062115dcf11ec8107000d3a02ed0d,TMFSUBDOMAIN,DFREED,DFREED,DFREED
0,,0,,,0,0,2cf062135dcf11ec8107000d3a02ed0d,1899-12-30T00:00:00,2021-12-15T17:48:16,2021-12-15T17:48:16,271efcfde24d11e392b26817294aebff,TAMDOMAIN,2cf062145dcf11ec8107000d3a02ed0d,TMFSUBDOMAIN,DFREED,DFREED,DFREED
0,,0,,,0,0,2cf062165dcf11ec8107000d3a02ed0d,1899-12-30T00:00:00,2021-12-15T17:48:16,2021-12-15T17:48:16,271efcfde24d11e392b26817294aebff,TAMDOMAIN,2cf062175dcf11ec8107000d3a02ed0d,TMFSUBDOMAIN,DFREED,DFREED,DFREED
0,,0,,,0,0,2cf062195dcf11ec8107000d3a02ed0d,1899-12-30T00:00:00,2021-12-15T17:48:16,2021-12-15T17:48:16,271efcfde24d11e392b26817294aebff,TAMDOMAIN,2cf0621a5dcf11ec8107000d3a02ed0d,TMFSUBDOMAIN,DFREED,DFREED,DFREED
0,,0,,,0,0,2cf0621c5dcf11ec8107000d3a02ed0d,1899-12-30T00:00:00,2021-12-15T17:48:16,2021-12-15T17:48:16,271efcfde24d11e392b26817294aebff,TAMDOMAIN,2cf0621d5dcf11ec8107000d3a02ed0d,TMFSUBDOMAIN,DFREED,DFREED,DFREED
0,,0,,,0,0,2cf0621f5dcf11ec8107000d3a02ed0d,1899-12-30T00:00:00,2021-12-15T17:48:16,2021-12-15T17:48:16,271efcfde24d11e392b26817294aebff,TAMDOMAIN,2cf062205dcf11ec8107000d3a02ed0d,TMFSUBDOMAIN,DFREED,DFREED,DFREED
0,,0,,,0,0,2cf062225dcf11ec8107000d3a02ed0d,1899-12-30T00:00:00,2021-12-15T17:48:16,2021-12-15T17:48:16,271efcfde24d11e392b26817294aebff,TAMDOMAIN,2cf062235dcf11ec8107000d3a02ed0d,TMFSUBDOMAIN,DFREED,DFREED,DFREED
0,,0,,,0,0,2cf062255dcf11ec8107000d3a02ed0d,1899-12-30T00:00:00,2021-12-15T17:48:16,2021-12-15T17:48:16,271efcfde24d11e392b26817294aebff,TAMDOMAIN,2cf062265dcf11ec8107000d3a02ed0d,TMFSUBDOMAIN,DFREED,DFREED,DFREED
0,,0,,,0,0,2cf0622a5dcf11ec8107000d3a02ed0d,1899-12-30T00:00:00,2021-12-15T17:48:16,2021-12-15T17:48:16,271efcfde24d11e392b26817294aebff,TAMDOMAIN,2cf0622b5dcf11ec8107000d3a02ed0d,TMFSUBDOMAIN,DFREED,DFREED,DFREED
0,,0,,,0,0,2cf0622f5dcf11ec8107000d3a02ed0d,1899-12-30T00:00:00,2021-12-15T17:48:16,2021-12-15T17:48:16,271efcfde24d11e392b26817294aebff,TAMDOMAIN,2cf062305dcf11ec8107000d3a02ed0d,TMFSUBDOMAIN,DFREED,DFREED,DFREED
0,,0,,,0,0,2cf062325dcf11ec8107000d3a02ed0d,1899-12-30T00:00:00,2021-12-15T17:48:16,2021-12-15T17:48:16,bd2c887c815f11db9401000e3573f0d3,TAMDOMAIN,2cf062335dcf11ec8107000d3a02ed0d,TMFSUBDOMAIN,DFREED,DFREED,DFREED
0,,0,,,0,0,2cf062355dcf11ec8107000d3a02ed0d,1899-12-30T00:00:00,2021-12-15T17:48:16,2021-12-15T17:48:16,bd2c887c815f11db9401000e3573f0d3,TAMDOMAIN,2cf062365dcf11ec8107000d3a02ed0d,TMFSUBDOMAIN,DFREED,DFREED,DFREED
0,,0,,,0,0,2cf062385dcf11ec8107000d3a02ed0d,1899-12-30T00:00:00,2021-12-15T17:48:17,2021-12-15T17:48:17,bd2c887c815f11db9401000e3573f0d3,TAMDOMAIN,2cf062395dcf11ec8107000d3a02ed0d,TMFSUBDOMAIN,DFREED,DFREED,DFREED
0,,0,,,0,0,2cf0623b5dcf11ec8107000d3a02ed0d,1899-12-30T00:00:00,2021-12-15T17:48:17,2021-12-15T17:48:17,bd2c887c815f11db9401000e3573f0d3,TAMDOMAIN,2cf0623c5dcf11ec8107000d3a02ed0d,TMFSUBDOMAIN,DFREED,DFREED,DFREED
0,,0,,,0,0,2cf0623e5dcf11ec8107000d3a02ed0d,1899-12-30T00:00:00,2021-12-15T17:48:17,2021-12-15T17:48:17,bd2c887c815f11db9401000e3573f0d3,TAMDOMAIN,2cf0623f5dcf11ec8107000d3a02ed0d,TMFSUBDOMAIN,DFREED,DFREED,DFREED
0,,0,,,0,0,2cf062415dcf11ec8107000d3a02ed0d,1899-12-30T00:00:00,2021-12-15T17:48:17,2021-12-15T17:48:17,bd2c887c815f11db9401000e3573f0d3,TAMDOMAIN,2cf062425dcf11ec8107000d3a02ed0d,TMFSUBDOMAIN,DFREED,DFREED,DFREED
0,,0,,,0,0,2cf062445dcf11ec8107000d3a02ed0d,1899-12-30T00:00:00,2021-12-15T17:48:17,2021-12-15T17:48:17,bd2c887c815f11db9401000e3573f0d3,TAMDOMAIN,2cf062455dcf11ec8107000d3a02ed0d,TMFSUBDOMAIN,DFREED,DFREED,DFREED
0,,0,,,0,0,2cf062475dcf11ec8107000d3a02ed0d,1899-12-30T00:00:00,2021-12-15T17:48:17,2021-12-15T17:48:17,bd2c887c815f11db9401000e3573f0d3,TAMDOMAIN,2cf062485dcf11ec8107000d3a02ed0d,TMFSUBDOMAIN,DFREED,DFREED,DFREED
0,,0,,,0,0,2cf0624a5dcf11ec8107000d3a02ed0d,1899-12-30T00:00:00,2021-12-15T17:48:17,2021-12-15T17:48:17,bd2c887c815f11db9401000e3573f0d3,TAMDOMAIN,2cf0624b5dcf11ec8107000d3a02ed0d,TMFSUBDOMAIN,DFREED,DFREED,DFREED
0,,0,,,0,0,2cf0624d5dcf11ec8107000d3a02ed0d,1899-12-30T00:00:00,2021-12-15T17:48:17,2021-12-15T17:48:17,bd2c887c815f11db9401000e3573f0d3,TAMDOMAIN,2cf0624e5dcf11ec8107000d3a02ed0d,TMFSUBDOMAIN,DFREED,DFREED,DFREED
0,,0,,,0,0,2cf062505dcf11ec8107000d3a02ed0d,1899-12-30T00:00:00,2021-12-15T17:48:17,2021-12-15T17:48:17,bd2c887c815f11db9401000e3573f0d3,TAMDOMAIN,2cf062515dcf11ec8107000d3a02ed0d,TMFSUBDOMAIN,DFREED,DFREED,DFREED
0,,0,,,0,0,2cf062535dcf11ec8107000d3a02ed0d,1899-12-30T00:00:00,2021-12-15T17:48:17,2021-12-15T17:48:17,bd2c887c815f11db9401000e3573f0d3,TAMDOMAIN,2cf062545dcf11ec8107000d3a02ed0d,TMFSUBDOMAIN,DFREED,DFREED,DFREED
0,,0,,,0,0,2cf062565dcf11ec8107000d3a02ed0d,1899-12-30T00:00:00,2021-12-15T17:48:17,2021-12-15T17:48:17,bd2c887c815f11db9401000e3573f0d3,TAMDOMAIN,2cf062575dcf11ec8107000d3a02ed0d,TMFSUBDOMAIN,DFREED,DFREED,DFREED
0,,0,,,0,0,2cf062595dcf11ec8107000d3a02ed0d,1899-12-30T00:00:00,2021-12-15T17:48:17,2021-12-15T17:48:17,bd2c887c815f11db9401000e3573f0d3,TAMDOMAIN,2cf0625a5dcf11ec8107000d3a02ed0d,TMFSUBDOMAIN,DFREED,DFREED,DFREED
0,,0,,,0,0,2cf0625c5dcf11ec8107000d3a02ed0d,1899-12-30T00:00:00,2021-12-15T17:48:17,2021-12-15T17:48:17,bd2c887c815f11db9401000e3573f0d3,TAMDOMAIN,2cf0625d5dcf11ec8107000d3a02ed0d,TMFSUBDOMAIN,DFREED,DFREED,DFREED
0,,0,,,0,0,2cf0625f5dcf11ec8107000d3a02ed0d,1899-12-30T00:00:00,2021-12-15T17:48:17,2021-12-15T17:48:17,bd2c887c815f11db9401000e3573f0d3,TAMDOMAIN,2cf062605dcf11ec8107000d3a02ed0d,TMFSUBDOMAIN,DFREED,DFREED,DFREED
0,,0,,,0,0,2cf062625dcf11ec8107000d3a02ed0d,1899-12-30T00:00:00,2021-12-15T17:48:18,2021-12-15T17:48:18,bd2c887c815f11db9401000e3573f0d3,TAMDOMAIN,2cf062635dcf11ec8107000d3a02ed0d,TMFSUBDOMAIN,DFREED,DFREED,DFREED
0,,0,,,0,0,2cf062655dcf11ec8107000d3a02ed0d,1899-12-30T00:00:00,2021-12-15T17:48:18,2021-12-15T17:48:18,bd2c887c815f11db9401000e3573f0d3,TAMDOMAIN,2cf062665dcf11ec8107000d3a02ed0d,TMFSUBDOMAIN,DFREED,DFREED,DFREED
0,,0,,,0,0,2cf062685dcf11ec8107000d3a02ed0d,1899-12-30T00:00:00,2021-12-15T17:48:18,2021-12-15T17:48:18,bd2c887c815f11db9401000e3573f0d3,TAMDOMAIN,2cf062695dcf11ec8107000d3a02ed0d,TMFSUBDOMAIN,DFREED,DFREED,DFREED
0,,0,,,0,0,2cf0626b5dcf11ec8107000d3a02ed0d,1899-12-30T00:00:00,2021-12-15T17:48:18,2021-12-15T17:48:18,bd2c887c815f11db9401000e3573f0d3,TAMDOMAIN,2cf0626c5dcf11ec8107000d3a02ed0d,TMFSUBDOMAIN,DFREED,DFREED,DFREED
0,,0,,,0,0,2cf0626e5dcf11ec8107000d3a02ed0d,1899-12-30T00:00:00,2021-12-15T17:48:18,2021-12-15T17:48:18,bd2c887c815f11db9401000e3573f0d3,TAMDOMAIN,2cf0626f5dcf11ec8107000d3a02ed0d,TMFSUBDOMAIN,DFREED,DFREED,DFREED
0,,0,,,0,0,2cf062715dcf11ec8107000d3a02ed0d,1899-12-30T00:00:00,2021-12-15T17:48:18,2021-12-15T17:48:18,bd2c887c815f11db9401000e3573f0d3,TAMDOMAIN,2cf062725dcf11ec8107000d3a02ed0d,TMFSUBDOMAIN,DFREED,DFREED,DFREED
0,,0,,,0,0,2cf062745dcf11ec8107000d3a02ed0d,1899-12-30T00:00:00,2021-12-15T17:48:18,2021-12-15T17:48:18,bd2c887c815f11db9401000e3573f0d3,TAMDOMAIN,2cf062755dcf11ec8107000d3a02ed0d,TMFSUBDOMAIN,DFREED,DFREED,DFREED
0,,0,,,0,0,2cf062775dcf11ec8107000d3a02ed0d,1899-12-30T00:00:00,2021-12-15T17:48:18,2021-12-15T17:48:18,bd2c887c815f11db9401000e3573f0d3,TAMDOMAIN,2cf062785dcf11ec8107000d3a02ed0d,TMFSUBDOMAIN,DFREED,DFREED,DFREED
0,,0,,,0,0,2cf0627a5dcf11ec8107000d3a02ed0d,1899-12-30T00:00:00,2021-12-15T17:48:18,2021-12-15T17:48:18,bd2c887c815f11db9401000e3573f0d3,TAMDOMAIN,2cf0627b5dcf11ec8107000d3a02ed0d,TMFSUBDOMAIN,DFREED,DFREED,DFREED
0,,0,,,0,0,2cf0627d5dcf11ec8107000d3a02ed0d,1899-12-30T00:00:00,2021-12-15T17:48:18,2021-12-15T17:48:18,bd2c887c815f11db9401000e3573f0d3,TAMDOMAIN,2cf0627e5dcf11ec8107000d3a02ed0d,TMFSUBDOMAIN,DFREED,DFREED,DFREED
0,,0,,,0,0,2cf062805dcf11ec8107000d3a02ed0d,1899-12-30T00:00:00,2021-12-15T17:48:18,2021-12-15T17:48:18,bd2c887c815f11db9401000e3573f0d3,TAMDOMAIN,2cf062815dcf11ec8107000d3a02ed0d,TMFSUBDOMAIN,DFREED,DFREED,DFREED
0,,0,,,0,0,2cf062835dcf11ec8107000d3a02ed0d,1899-12-30T00:00:00,2021-12-15T17:48:18,2021-12-15T17:48:18,bd2c887c815f11db9401000e3573f0d3,TAMDOMAIN,2cf062845dcf11ec8107000d3a02ed0d,TMFSUBDOMAIN,DFREED,DFREED,DFREED
0,,0,,,0,0,2cf062865dcf11ec8107000d3a02ed0d,1899-12-30T00:00:00,2021-12-15T17:48:18,2021-12-15T17:48:18,bd2c887c815f11db9401000e3573f0d3,TAMDOMAIN,2cf062875dcf11ec8107000d3a02ed0d,TMFSUBDOMAIN,DFREED,DFREED,DFREED
0,,0,,,0,0,2cf062895dcf11ec8107000d3a02ed0d,1899-12-30T00:00:00,2021-12-15T17:48:19,2021-12-15T17:48:19,bd2c887c815f11db9401000e3573f0d3,TAMDOMAIN,2cf0628a5dcf11ec8107000d3a02ed0d,TMFSUBDOMAIN,DFREED,DFREED,DFREED
0,,0,,,0,0,2cf0628c5dcf11ec8107000d3a02ed0d,1899-12-30T00:00:00,2021-12-15T17:48:19,2021-12-15T17:48:19,bd2c887c815f11db9401000e3573f0d3,TAMDOMAIN,2cf0628d5dcf11ec8107000d3a02ed0d,TMFSUBDOMAIN,DFREED,DFREED,DFREED
0,,0,,,0,0,2cf0628f5dcf11ec8107000d3a02ed0d,1899-12-30T00:00:00,2021-12-15T17:48:19,2021-12-15T17:48:19,bd2c887c815f11db9401000e3573f0d3,TAMDOMAIN,2cf062905dcf11ec8107000d3a02ed0d,TMFSUBDOMAIN,DFREED,DFREED,DFREED
0,,0,,,0,0,2cf062925dcf11ec8107000d3a02ed0d,1899-12-30T00:00:00,2021-12-15T17:48:19,2021-12-15T17:48:19,bd2c887c815f11db9401000e3573f0d3,TAMDOMAIN,2cf062935dcf11ec8107000d3a02ed0d,TMFSUBDOMAIN,DFREED,DFREED,DFREED
0,,0,,,0,0,2cf062955dcf11ec8107000d3a02ed0d,1899-12-30T00:00:00,2021-12-15T17:48:19,2021-12-15T17:48:19,bd2c887c815f11db9401000e3573f0d3,TAMDOMAIN,2cf062965dcf11ec8107000d3a02ed0d,TMFSUBDOMAIN,DFREED,DFREED,DFREED
0,,0,,,0,0,2cf062985dcf11ec8107000d3a02ed0d,1899-12-30T00:00:00,2021-12-15T17:48:19,2021-12-15T17:48:19,bd2c887c815f11db9401000e3573f0d3,TAMDOMAIN,2cf062995dcf11ec8107000d3a02ed0d,TMFSUBDOMAIN,DFREED,DFREED,DFREED
0,,0,,,0,0,2cf0629b5dcf11ec8107000d3a02ed0d,1899-12-30T00:00:00,2021-12-15T17:48:19,2021-12-15T17:48:19,bd2c887c815f11db9401000e3573f0d3,TAMDOMAIN,2cf0629c5dcf11ec8107000d3a02ed0d,TMFSUBDOMAIN,DFREED,DFREED,DFREED
0,,0,,,0,0,2cf0629e5dcf11ec8107000d3a02ed0d,1899-12-30T00:00:00,2021-12-15T17:48:19,2021-12-15T17:48:19,bd2c887c815f11db9401000e3573f0d3,TAMDOMAIN,2cf0629f5dcf11ec8107000d3a02ed0d,TMFSUBDOMAIN,DFREED,DFREED,DFREED
0,,0,,,0,0,2cf062a15dcf11ec8107000d3a02ed0d,1899-12-30T00:00:00,2021-12-15T17:48:19,2021-12-15T17:48:19,bd2c887c815f11db9401000e3573f0d3,TAMDOMAIN,2cf062a25dcf11ec8107000d3a02ed0d,TMFSUBDOMAIN,DFREED,DFREED,DFREED
0,,0,,,0,0,2cf062a45dcf11ec8107000d3a02ed0d,1899-12-30T00:00:00,2021-12-15T17:48:19,2021-12-15T17:48:19,bd2c887c815f11db9401000e3573f0d3,TAMDOMAIN,2cf062a55dcf11ec8107000d3a02ed0d,TMFSUBDOMAIN,DFREED,DFREED,DFREED
0,,0,,,0,0,2cf062a75dcf11ec8107000d3a02ed0d,1899-12-30T00:00:00,2021-12-15T17:48:19,2021-12-15T17:48:19,bd2c887c815f11db9401000e3573f0d3,TAMDOMAIN,2cf062a85dcf11ec8107000d3a02ed0d,TMFSUBDOMAIN,DFREED,DFREED,DFREED
0,,0,,,0,0,2cf062aa5dcf11ec8107000d3a02ed0d,1899-12-30T00:00:00,2021-12-15T17:48:19,2021-12-15T17:48:19,20ff99ff5dcf11ec8107000d3a02ed0d,TAMDOMAIN,2cf062ab5dcf11ec8107000d3a02ed0d,TMFSUBDOMAIN,DFREED,DFREED,DFREED
0,,0,,,0,0,2cf062ad5dcf11ec8107000d3a02ed0d,1899-12-30T00:00:00,2021-12-15T17:48:19,2021-12-15T17:48:19,20ff99ff5dcf11ec8107000d3a02ed0d,TAMDOMAIN,2cf062ae5dcf11ec8107000d3a02ed0d,TMFSUBDOMAIN,DFREED,DFREED,DFREED
0,,0,,,0,0,2cf062b05dcf11ec8107000d3a02ed0d,1899-12-30T00:00:00,2021-12-15T17:48:19,2021-12-15T17:48:19,20ff99ff5dcf11ec8107000d3a02ed0d,TAMDOMAIN,2cf062b15dcf11ec8107000d3a02ed0d,TMFSUBDOMAIN,DFREED,DFREED,DFREED
0,,0,,,0,0,2cf062b35dcf11ec8107000d3a02ed0d,1899-12-30T00:00:00,2021-12-15T17:48:20,2021-12-15T17:48:20,20ff99ff5dcf11ec8107000d3a02ed0d,TAMDOMAIN,2cf062b45dcf11ec8107000d3a02ed0d,TMFSUBDOMAIN,DFREED,DFREED,DFREED
0,,0,,,0,0,2cf062bc5dcf11ec8107000d3a02ed0d,1899-12-30T00:00:00,2021-12-15T17:48:20,2021-12-15T17:48:20,20ff99ff5dcf11ec8107000d3a02ed0d,TAMDOMAIN,2cf062bd5dcf11ec8107000d3a02ed0d,TMFSUBDOMAIN,DFREED,DFREED,DFREED
0,,0,,,0,0,2cf062bf5dcf11ec8107000d3a02ed0d,1899-12-30T00:00:00,2021-12-15T17:48:20,2021-12-15T17:48:20,20ff99ff5dcf11ec8107000d3a02ed0d,TAMDOMAIN,2cf062c05dcf11ec8107000d3a02ed0d,TMFSUBDOMAIN,DFREED,DFREED,DFREED
0,,0,,,0,0,2cf062c85dcf11ec8107000d3a02ed0d,1899-12-30T00:00:00,2021-12-15T17:48:20,2021-12-15T17:48:20,20ff99ff5dcf11ec8107000d3a02ed0d,TAMDOMAIN,2cf062c95dcf11ec8107000d3a02ed0d,TMFSUBDOMAIN,DFREED,DFREED,DFREED
0,,0,,,0,0,2cf062cb5dcf11ec8107000d3a02ed0d,1899-12-30T00:00:00,2021-12-15T17:48:20,2021-12-15T17:48:20,20ff99ff5dcf11ec8107000d3a02ed0d,TAMDOMAIN,2cf062cc5dcf11ec8107000d3a02ed0d,TMFSUBDOMAIN,DFREED,DFREED,DFREED
0,,0,,,0,0,2cf062d45dcf11ec8107000d3a02ed0d,1899-12-30T00:00:00,2021-12-15T17:48:20,2021-12-15T17:48:20,20ff99ff5dcf11ec8107000d3a02ed0d,TAMDOMAIN,2cf062d55dcf11ec8107000d3a02ed0d,TMFSUBDOMAIN,DFREED,DFREED,DFREED
0,,0,,,0,0,2cf062d75dcf11ec8107000d3a02ed0d,1899-12-30T00:00:00,2021-12-15T17:48:20,2021-12-15T17:48:20,20ff99ff5dcf11ec8107000d3a02ed0d,TAMDOMAIN,2cf062d85dcf11ec8107000d3a02ed0d,TMFSUBDOMAIN,DFREED,DFREED,DFREED
0,,0,,,0,0,2cf062da5dcf11ec8107000d3a02ed0d,1899-12-30T00:00:00,2021-12-15T17:48:20,2021-12-15T17:48:20,20ff99ff5dcf11ec8107000d3a02ed0d,TAMDOMAIN,2cf062db5dcf11ec8107000d3a02ed0d,TMFSUBDOMAIN,DFREED,DFREED,DFREED
0,,0,,,0,0,2cf062dd5dcf11ec8107000d3a02ed0d,1899-12-30T00:00:00,2021-12-15T17:48:20,2021-12-15T17:48:20,20ff99ff5dcf11ec8107000d3a02ed0d,TAMDOMAIN,2cf062de5dcf11ec8107000d3a02ed0d,TMFSUBDOMAIN,DFREED,DFREED,DFREED
0,,0,,,0,0,2cf062e05dcf11ec8107000d3a02ed0d,1899-12-30T00:00:00,2021-12-15T17:48:20,2021-12-15T17:48:20,20ff99ff5dcf11ec8107000d3a02ed0d,TAMDOMAIN,2cf062e15dcf11ec8107000d3a02ed0d,TMFSUBDOMAIN,DFREED,DFREED,DFREED
