@TYPE,@VALIDATED,@DATEVALIDATED,@ALLOWAUTOMATICDELETION,@WHENCREATED,@DESCRIPTION,@EXPORTFLAG,@WHENUPDATED,@UNIQUEIDENTIFIER,@NAME,@TEMPLATE,RCABOVEOBJECT@UNIQUEIDENTIFIER,RCABOVEOBJECT@ANYOBJECTDESTINATION,RCBELOWOBJECT@UNIQUEIDENTIFIER,RCBELOWOBJECT@ANYOBJECTDESTINATION,RCWHOCREATEDTOUSER@UNIQUEIDENTIFIER,RCWHOOWNSTOUSER@UNIQUEIDENTIFIER,RCWHOUPDATEDTOUSER@UNIQUEIDENTIFIER
,0,1899-12-30T00:00:00,0,2020-04-06T18:50:39,,0,2020-04-06T18:50:39,81a9539f783711ea80ee000d3a02ed0d,,0,543573ae736211ea80ee000d3a02ed0d,ENTITY,543573b0736211ea80ee000d3a02ed0d,ENTITY,DFREED,DFREED,DFREED
,0,1899-12-30T00:00:00,0,2020-03-31T15:18:25,,0,2020-03-31T15:18:25,dcfec7ff736211ea80ee000d3a02ed0d,,0,4e3c7eeb736211ea80ee000d3a02ed0d,ENTITY,4e3c7ee9736211ea80ee000d3a02ed0d,ENTITY,ATALMOR,ATALMOR,ATALMOR
,0,1899-12-30T00:00:00,0,2020-03-31T15:18:25,,0,2020-03-31T15:18:25,dcfec800736211ea80ee000d3a02ed0d,,0,4e3c7ef3736211ea80ee000d3a02ed0d,ENTITY,4e3c7ef1736211ea80ee000d3a02ed0d,ENTITY,ATALMOR,ATALMOR,ATALMOR
,0,1899-12-30T00:00:00,0,2020-03-31T15:18:25,,0,2020-03-31T15:18:25,dcfec801736211ea80ee000d3a02ed0d,,0,4e3c7f09736211ea80ee000d3a02ed0d,ENTITY,4e3c7f07736211ea80ee000d3a02ed0d,ENTITY,ATALMOR,ATALMOR,ATALMOR
,0,1899-12-30T00:00:00,0,2020-03-31T15:18:25,,0,2020-03-31T15:18:25,dcfec802736211ea80ee000d3a02ed0d,,0,4e3c7f11736211ea80ee000d3a02ed0d,ENTITY,4e3c7f0f736211ea80ee000d3a02ed0d,ENTITY,ATALMOR,ATALMOR,ATALMOR
,0,1899-12-30T00:00:00,0,2020-03-31T15:18:25,,0,2020-03-31T15:18:25,dcfec803736211ea80ee000d3a02ed0d,,0,4e3c7f13736211ea80ee000d3a02ed0d,ENTITY,4e3c7f0f736211ea80ee000d3a02ed0d,ENTITY,ATALMOR,ATALMOR,ATALMOR
,0,1899-12-30T00:00:00,0,2020-03-31T15:18:25,,0,2020-03-31T15:18:25,dcfec804736211ea80ee000d3a02ed0d,,0,4e3c7f15736211ea80ee000d3a02ed0d,ENTITY,4e3c7f0f736211ea80ee000d3a02ed0d,ENTITY,ATALMOR,ATALMOR,ATALMOR
,0,1899-12-30T00:00:00,0,2020-03-31T15:18:25,,0,2020-03-31T15:18:25,dcfec805736211ea80ee000d3a02ed0d,,0,4e3c7f17736211ea80ee000d3a02ed0d,ENTITY,4e3c7f0f736211ea80ee000d3a02ed0d,ENTITY,ATALMOR,ATALMOR,ATALMOR
,0,1899-12-30T00:00:00,0,2020-03-31T15:18:25,,0,2020-03-31T15:18:25,dcfec806736211ea80ee000d3a02ed0d,,0,4e3c7f19736211ea80ee000d3a02ed0d,ENTITY,4e3c7f0f736211ea80ee000d3a02ed0d,ENTITY,ATALMOR,ATALMOR,ATALMOR
,0,1899-12-30T00:00:00,0,2020-03-31T15:18:26,,0,2020-03-31T15:18:26,dcfec807736211ea80ee000d3a02ed0d,,0,4e3c7f1b736211ea80ee000d3a02ed0d,ENTITY,4e3c7f0f736211ea80ee000d3a02ed0d,ENTITY,ATALMOR,ATALMOR,ATALMOR
,0,1899-12-30T00:00:00,0,2020-03-31T15:18:26,,0,2020-03-31T15:18:26,dcfec808736211ea80ee000d3a02ed0d,,0,4e3c7f1d736211ea80ee000d3a02ed0d,ENTITY,4e3c7f0f736211ea80ee000d3a02ed0d,ENTITY,ATALMOR,ATALMOR,ATALMOR
,0,1899-12-30T00:00:00,0,2020-03-31T15:18:26,,0,2020-03-31T15:18:26,dcfec809736211ea80ee000d3a02ed0d,,0,4e3c7f1f736211ea80ee000d3a02ed0d,ENTITY,4e3c7f0f736211ea80ee000d3a02ed0d,ENTITY,ATALMOR,ATALMOR,ATALMOR
,0,1899-12-30T00:00:00,0,2020-03-31T15:18:26,,0,2020-03-31T15:18:26,dcfec80a736211ea80ee000d3a02ed0d,,0,4e3c7f23736211ea80ee000d3a02ed0d,ENTITY,4e3c7f21736211ea80ee000d3a02ed0d,ENTITY,ATALMOR,ATALMOR,ATALMOR
,0,1899-12-30T00:00:00,0,2020-03-31T15:18:26,,0,2020-03-31T15:18:26,dcfec80b736211ea80ee000d3a02ed0d,,0,4e3c7f25736211ea80ee000d3a02ed0d,ENTITY,4e3c7f21736211ea80ee000d3a02ed0d,ENTITY,ATALMOR,ATALMOR,ATALMOR
,0,1899-12-30T00:00:00,0,2020-03-31T15:18:26,,0,2020-03-31T15:18:26,dcfec80c736211ea80ee000d3a02ed0d,,0,4e3c7f27736211ea80ee000d3a02ed0d,ENTITY,4e3c7f21736211ea80ee000d3a02ed0d,ENTITY,ATALMOR,ATALMOR,ATALMOR
,0,1899-12-30T00:00:00,0,2020-03-31T15:18:26,,0,2020-03-31T15:18:26,dcfec80d736211ea80ee000d3a02ed0d,,0,4e3c7f29736211ea80ee000d3a02ed0d,ENTITY,4e3c7f21736211ea80ee000d3a02ed0d,ENTITY,ATALMOR,ATALMOR,ATALMOR
,0,1899-12-30T00:00:00,0,2020-03-31T15:18:26,,0,2020-03-31T15:18:26,dcfec80e736211ea80ee000d3a02ed0d,,0,4e3c7f2b736211ea80ee000d3a02ed0d,ENTITY,4e3c7f21736211ea80ee000d3a02ed0d,ENTITY,ATALMOR,ATALMOR,ATALMOR
,0,1899-12-30T00:00:00,0,2020-03-31T15:18:26,,0,2020-03-31T15:18:26,dcfec80f736211ea80ee000d3a02ed0d,,0,4e3c7f2d736211ea80ee000d3a02ed0d,ENTITY,4e3c7f21736211ea80ee000d3a02ed0d,ENTITY,ATALMOR,ATALMOR,ATALMOR
,0,1899-12-30T00:00:00,0,2020-03-31T15:18:26,,0,2020-03-31T15:18:26,dcfec810736211ea80ee000d3a02ed0d,,0,4e3c7f2f736211ea80ee000d3a02ed0d,ENTITY,4e3c7f21736211ea80ee000d3a02ed0d,ENTITY,ATALMOR,ATALMOR,ATALMOR
,0,1899-12-30T00:00:00,0,2020-03-31T15:18:26,,0,2020-03-31T15:18:26,dcfec811736211ea80ee000d3a02ed0d,,0,4e3c7f31736211ea80ee000d3a02ed0d,ENTITY,4e3c7f21736211ea80ee000d3a02ed0d,ENTITY,ATALMOR,ATALMOR,ATALMOR
,0,1899-12-30T00:00:00,0,2020-03-31T15:18:26,,0,2020-03-31T15:18:26,dcfec812736211ea80ee000d3a02ed0d,,0,4e3c7f39736211ea80ee000d3a02ed0d,ENTITY,4e3c7f37736211ea80ee000d3a02ed0d,ENTITY,ATALMOR,ATALMOR,ATALMOR
,0,1899-12-30T00:00:00,0,2020-03-31T15:18:26,,0,2020-03-31T15:18:26,dcfec813736211ea80ee000d3a02ed0d,,0,4e3c7f43736211ea80ee000d3a02ed0d,ENTITY,4e3c7f41736211ea80ee000d3a02ed0d,ENTITY,ATALMOR,ATALMOR,ATALMOR
,0,1899-12-30T00:00:00,0,2020-03-31T15:18:26,,0,2020-03-31T15:18:26,dcfec814736211ea80ee000d3a02ed0d,,0,4e3c7f45736211ea80ee000d3a02ed0d,ENTITY,4e3c7f41736211ea80ee000d3a02ed0d,ENTITY,ATALMOR,ATALMOR,ATALMOR
,0,1899-12-30T00:00:00,0,2020-03-31T15:18:26,,0,2020-03-31T15:18:26,dcfec815736211ea80ee000d3a02ed0d,,0,4e3c7f51736211ea80ee000d3a02ed0d,ENTITY,4e3c7f4f736211ea80ee000d3a02ed0d,ENTITY,ATALMOR,ATALMOR,ATALMOR
,0,1899-12-30T00:00:00,0,2020-03-31T15:18:26,,0,2020-03-31T15:18:26,dcfec816736211ea80ee000d3a02ed0d,,0,4e3c7f73736211ea80ee000d3a02ed0d,ENTITY,4e3c7f71736211ea80ee000d3a02ed0d,ENTITY,ATALMOR,ATALMOR,ATALMOR
,0,1899-12-30T00:00:00,0,2020-03-31T15:18:27,,0,2020-03-31T15:18:27,dcfec817736211ea80ee000d3a02ed0d,,0,4e3c7f75736211ea80ee000d3a02ed0d,ENTITY,4e3c7f71736211ea80ee000d3a02ed0d,ENTITY,ATALMOR,ATALMOR,ATALMOR
,0,1899-12-30T00:00:00,0,2020-03-31T15:18:27,,0,2020-03-31T15:18:27,dcfec818736211ea80ee000d3a02ed0d,,0,543573da736211ea80ee000d3a02ed0d,ENTITY,543573d8736211ea80ee000d3a02ed0d,ENTITY,ATALMOR,ATALMOR,ATALMOR
,0,1899-12-30T00:00:00,0,2020-03-31T15:18:27,,0,2020-03-31T15:18:27,dcfec819736211ea80ee000d3a02ed0d,,0,543573dc736211ea80ee000d3a02ed0d,ENTITY,543573d8736211ea80ee000d3a02ed0d,ENTITY,ATALMOR,ATALMOR,ATALMOR
,0,1899-12-30T00:00:00,0,2020-03-31T15:18:27,,0,2020-03-31T15:18:27,dcfec81a736211ea80ee000d3a02ed0d,,0,543573e0736211ea80ee000d3a02ed0d,ENTITY,543573de736211ea80ee000d3a02ed0d,ENTITY,ATALMOR,ATALMOR,ATALMOR
,0,1899-12-30T00:00:00,0,2020-03-31T15:18:27,,0,2020-03-31T15:18:27,dcfec81b736211ea80ee000d3a02ed0d,,0,543573e2736211ea80ee000d3a02ed0d,ENTITY,543573de736211ea80ee000d3a02ed0d,ENTITY,ATALMOR,ATALMOR,ATALMOR
,0,1899-12-30T00:00:00,0,2020-03-31T15:18:27,,0,2020-03-31T15:18:27,dcfec81c736211ea80ee000d3a02ed0d,,0,4e3c7e7b736211ea80ee000d3a02ed0d,ENTITY,4e3c7e79736211ea80ee000d3a02ed0d,ENTITY,ATALMOR,ATALMOR,ATALMOR
,0,1899-12-30T00:00:00,0,2020-03-31T15:18:27,,0,2020-03-31T15:18:27,dcfec81d736211ea80ee000d3a02ed0d,,0,4e3c7ea9736211ea80ee000d3a02ed0d,ENTITY,4e3c7ea7736211ea80ee000d3a02ed0d,ENTITY,ATALMOR,ATALMOR,ATALMOR
,0,1899-12-30T00:00:00,0,2020-03-31T15:18:27,,0,2020-03-31T15:18:27,dcfec81e736211ea80ee000d3a02ed0d,,0,4e3c7ec9736211ea80ee000d3a02ed0d,ENTITY,4e3c7ec7736211ea80ee000d3a02ed0d,ENTITY,ATALMOR,ATALMOR,ATALMOR
,0,1899-12-30T00:00:00,0,2020-03-31T15:18:27,,0,2020-03-31T15:18:27,dcfec81f736211ea80ee000d3a02ed0d,,0,4e3c7ecb736211ea80ee000d3a02ed0d,ENTITY,4e3c7ec7736211ea80ee000d3a02ed0d,ENTITY,ATALMOR,ATALMOR,ATALMOR
,0,1899-12-30T00:00:00,0,2020-03-31T15:18:27,,0,2020-03-31T15:18:27,dcfec820736211ea80ee000d3a02ed0d,,0,4e3c7ecf736211ea80ee000d3a02ed0d,ENTITY,4e3c7ecd736211ea80ee000d3a02ed0d,ENTITY,ATALMOR,ATALMOR,ATALMOR
,0,1899-12-30T00:00:00,0,2020-03-31T15:18:27,,0,2020-03-31T15:18:27,dcfec821736211ea80ee000d3a02ed0d,,0,4e3c7ed1736211ea80ee000d3a02ed0d,ENTITY,4e3c7ecd736211ea80ee000d3a02ed0d,ENTITY,ATALMOR,ATALMOR,ATALMOR
,0,1899-12-30T00:00:00,0,2020-03-31T15:18:27,,0,2020-03-31T15:18:27,dcfec822736211ea80ee000d3a02ed0d,,0,4e3c7ee5736211ea80ee000d3a02ed0d,ENTITY,4e3c7ee3736211ea80ee000d3a02ed0d,ENTITY,ATALMOR,ATALMOR,ATALMOR
,0,1899-12-30T00:00:00,0,2020-03-31T15:18:27,,0,2020-03-31T15:18:27,dcfec823736211ea80ee000d3a02ed0d,,0,4e3c7ee7736211ea80ee000d3a02ed0d,ENTITY,4e3c7ee3736211ea80ee000d3a02ed0d,ENTITY,ATALMOR,ATALMOR,ATALMOR
,0,1899-12-30T00:00:00,0,2020-03-31T15:18:27,,0,2020-03-31T15:18:27,dcfec824736211ea80ee000d3a02ed0d,,0,4e3c7ee9736211ea80ee000d3a02ed0d,ENTITY,4e3c7ee3736211ea80ee000d3a02ed0d,ENTITY,ATALMOR,ATALMOR,ATALMOR
,0,1899-12-30T00:00:00,0,2020-03-31T15:18:28,,0,2020-03-31T15:18:28,dcfec825736211ea80ee000d3a02ed0d,,0,4e3c7eef736211ea80ee000d3a02ed0d,ENTITY,4e3c7eed736211ea80ee000d3a02ed0d,ENTITY,ATALMOR,ATALMOR,ATALMOR
,0,1899-12-30T00:00:00,0,2020-03-31T15:18:28,,0,2020-03-31T15:18:28,dcfec826736211ea80ee000d3a02ed0d,,0,4e3c7ef1736211ea80ee000d3a02ed0d,ENTITY,4e3c7eed736211ea80ee000d3a02ed0d,ENTITY,ATALMOR,ATALMOR,ATALMOR
,0,1899-12-30T00:00:00,0,2020-03-31T15:18:28,,0,2020-03-31T15:18:28,dcfec827736211ea80ee000d3a02ed0d,,0,4e3c7f05736211ea80ee000d3a02ed0d,ENTITY,4e3c7f03736211ea80ee000d3a02ed0d,ENTITY,ATALMOR,ATALMOR,ATALMOR
,0,1899-12-30T00:00:00,0,2020-03-31T15:18:28,,0,2020-03-31T15:18:28,dcfec828736211ea80ee000d3a02ed0d,,0,4e3c7f07736211ea80ee000d3a02ed0d,ENTITY,4e3c7f03736211ea80ee000d3a02ed0d,ENTITY,ATALMOR,ATALMOR,ATALMOR
,0,1899-12-30T00:00:00,0,2020-03-31T15:18:28,,0,2020-03-31T15:18:28,dcfec829736211ea80ee000d3a02ed0d,,0,4e3c7f0b736211ea80ee000d3a02ed0d,ENTITY,4e3c7f03736211ea80ee000d3a02ed0d,ENTITY,ATALMOR,ATALMOR,ATALMOR
,0,1899-12-30T00:00:00,0,2020-03-31T15:18:28,,0,2020-03-31T15:18:28,dcfec82a736211ea80ee000d3a02ed0d,,0,4e3c7f0d736211ea80ee000d3a02ed0d,ENTITY,4e3c7f03736211ea80ee000d3a02ed0d,ENTITY,ATALMOR,ATALMOR,ATALMOR
,0,1899-12-30T00:00:00,0,2020-03-31T15:18:28,,0,2020-03-31T15:18:28,dcfec82b736211ea80ee000d3a02ed0d,,0,4e3c7f0f736211ea80ee000d3a02ed0d,ENTITY,4e3c7f03736211ea80ee000d3a02ed0d,ENTITY,ATALMOR,ATALMOR,ATALMOR
,0,1899-12-30T00:00:00,0,2020-03-31T15:18:28,,0,2020-03-31T15:18:28,dcfec82c736211ea80ee000d3a02ed0d,,0,4e3c7f21736211ea80ee000d3a02ed0d,ENTITY,4e3c7f03736211ea80ee000d3a02ed0d,ENTITY,ATALMOR,ATALMOR,ATALMOR
,0,1899-12-30T00:00:00,0,2020-03-31T15:18:28,,0,2020-03-31T15:18:28,dcfec82d736211ea80ee000d3a02ed0d,,0,4e3c7f33736211ea80ee000d3a02ed0d,ENTITY,4e3c7f03736211ea80ee000d3a02ed0d,ENTITY,ATALMOR,ATALMOR,ATALMOR
,0,1899-12-30T00:00:00,0,2020-03-31T15:18:28,,0,2020-03-31T15:18:28,dcfec82e736211ea80ee000d3a02ed0d,,0,4e3c7f35736211ea80ee000d3a02ed0d,ENTITY,4e3c7f03736211ea80ee000d3a02ed0d,ENTITY,ATALMOR,ATALMOR,ATALMOR
,0,1899-12-30T00:00:00,0,2020-03-31T15:18:28,,0,2020-03-31T15:18:28,dcfec82f736211ea80ee000d3a02ed0d,,0,4e3c7f37736211ea80ee000d3a02ed0d,ENTITY,4e3c7f03736211ea80ee000d3a02ed0d,ENTITY,ATALMOR,ATALMOR,ATALMOR
,0,1899-12-30T00:00:00,0,2020-03-31T15:18:29,,0,2020-03-31T15:18:29,dcfec830736211ea80ee000d3a02ed0d,,0,4e3c7f3d736211ea80ee000d3a02ed0d,ENTITY,4e3c7f3b736211ea80ee000d3a02ed0d,ENTITY,ATALMOR,ATALMOR,ATALMOR
,0,1899-12-30T00:00:00,0,2020-03-31T15:18:29,,0,2020-03-31T15:18:29,dcfec831736211ea80ee000d3a02ed0d,,0,4e3c7f3f736211ea80ee000d3a02ed0d,ENTITY,4e3c7f3b736211ea80ee000d3a02ed0d,ENTITY,ATALMOR,ATALMOR,ATALMOR
,0,1899-12-30T00:00:00,0,2020-03-31T15:18:29,,0,2020-03-31T15:18:29,dcfec832736211ea80ee000d3a02ed0d,,0,4e3c7f41736211ea80ee000d3a02ed0d,ENTITY,4e3c7f3b736211ea80ee000d3a02ed0d,ENTITY,ATALMOR,ATALMOR,ATALMOR
,0,1899-12-30T00:00:00,0,2020-03-31T15:18:29,,0,2020-03-31T15:18:29,dcfec833736211ea80ee000d3a02ed0d,,0,4e3c7f47736211ea80ee000d3a02ed0d,ENTITY,4e3c7f3b736211ea80ee000d3a02ed0d,ENTITY,ATALMOR,ATALMOR,ATALMOR
,0,1899-12-30T00:00:00,0,2020-03-31T15:18:29,,0,2020-03-31T15:18:29,dcfec834736211ea80ee000d3a02ed0d,,0,4e3c7f49736211ea80ee000d3a02ed0d,ENTITY,4e3c7f3b736211ea80ee000d3a02ed0d,ENTITY,ATALMOR,ATALMOR,ATALMOR
,0,1899-12-30T00:00:00,0,2020-03-31T15:18:29,,0,2020-03-31T15:18:29,dcfec835736211ea80ee000d3a02ed0d,,0,4e3c7f4b736211ea80ee000d3a02ed0d,ENTITY,4e3c7f3b736211ea80ee000d3a02ed0d,ENTITY,ATALMOR,ATALMOR,ATALMOR
,0,1899-12-30T00:00:00,0,2020-03-31T15:18:29,,0,2020-03-31T15:18:29,dcfec836736211ea80ee000d3a02ed0d,,0,4e3c7f4d736211ea80ee000d3a02ed0d,ENTITY,4e3c7f3b736211ea80ee000d3a02ed0d,ENTITY,ATALMOR,ATALMOR,ATALMOR
,0,1899-12-30T00:00:00,0,2020-03-31T15:18:29,,0,2020-03-31T15:18:29,dcfec837736211ea80ee000d3a02ed0d,,0,4e3c7f4f736211ea80ee000d3a02ed0d,ENTITY,4e3c7f3b736211ea80ee000d3a02ed0d,ENTITY,ATALMOR,ATALMOR,ATALMOR
,0,1899-12-30T00:00:00,0,2020-03-31T15:18:29,,0,2020-03-31T15:18:29,dcfec838736211ea80ee000d3a02ed0d,,0,4e3c7f57736211ea80ee000d3a02ed0d,ENTITY,4e3c7f55736211ea80ee000d3a02ed0d,ENTITY,ATALMOR,ATALMOR,ATALMOR
,0,1899-12-30T00:00:00,0,2020-03-31T15:18:29,,0,2020-03-31T15:18:29,dcfec839736211ea80ee000d3a02ed0d,,0,4e3c7f59736211ea80ee000d3a02ed0d,ENTITY,4e3c7f55736211ea80ee000d3a02ed0d,ENTITY,ATALMOR,ATALMOR,ATALMOR
,0,1899-12-30T00:00:00,0,2020-03-31T15:18:29,,0,2020-03-31T15:18:29,dcfec83a736211ea80ee000d3a02ed0d,,0,4e3c7f6d736211ea80ee000d3a02ed0d,ENTITY,4e3c7f6b736211ea80ee000d3a02ed0d,ENTITY,ATALMOR,ATALMOR,ATALMOR
,0,1899-12-30T00:00:00,0,2020-03-31T15:18:29,,0,2020-03-31T15:18:29,dcfec83b736211ea80ee000d3a02ed0d,,0,4e3c7f6f736211ea80ee000d3a02ed0d,ENTITY,4e3c7f6b736211ea80ee000d3a02ed0d,ENTITY,ATALMOR,ATALMOR,ATALMOR
,0,1899-12-30T00:00:00,0,2020-03-31T15:18:30,,0,2020-03-31T15:18:30,dcfec83c736211ea80ee000d3a02ed0d,,0,4e3c7f71736211ea80ee000d3a02ed0d,ENTITY,4e3c7f6b736211ea80ee000d3a02ed0d,ENTITY,ATALMOR,ATALMOR,ATALMOR
,0,1899-12-30T00:00:00,0,2020-03-31T15:18:30,,0,2020-03-31T15:18:30,dcfec83d736211ea80ee000d3a02ed0d,,0,4e3c7f79736211ea80ee000d3a02ed0d,ENTITY,4e3c7f77736211ea80ee000d3a02ed0d,ENTITY,ATALMOR,ATALMOR,ATALMOR
,0,1899-12-30T00:00:00,0,2020-03-31T15:18:30,,0,2020-03-31T15:18:30,dcfec83e736211ea80ee000d3a02ed0d,,0,543572ed736211ea80ee000d3a02ed0d,ENTITY,543572eb736211ea80ee000d3a02ed0d,ENTITY,ATALMOR,ATALMOR,ATALMOR
,0,1899-12-30T00:00:00,0,2020-03-31T15:18:30,,0,2020-03-31T15:18:30,dcfec83f736211ea80ee000d3a02ed0d,,0,543572ef736211ea80ee000d3a02ed0d,ENTITY,543572eb736211ea80ee000d3a02ed0d,ENTITY,ATALMOR,ATALMOR,ATALMOR
,0,1899-12-30T00:00:00,0,2020-03-31T15:18:30,,0,2020-03-31T15:18:30,dcfec840736211ea80ee000d3a02ed0d,,0,543572f5736211ea80ee000d3a02ed0d,ENTITY,543572f3736211ea80ee000d3a02ed0d,ENTITY,ATALMOR,ATALMOR,ATALMOR
,0,1899-12-30T00:00:00,0,2020-03-31T15:18:30,,0,2020-03-31T15:18:30,dcfec841736211ea80ee000d3a02ed0d,,0,543572f9736211ea80ee000d3a02ed0d,ENTITY,543572f7736211ea80ee000d3a02ed0d,ENTITY,ATALMOR,ATALMOR,ATALMOR
,0,1899-12-30T00:00:00,0,2020-03-31T15:18:30,,0,2020-03-31T15:18:30,dcfec842736211ea80ee000d3a02ed0d,,0,543572fd736211ea80ee000d3a02ed0d,ENTITY,543572fb736211ea80ee000d3a02ed0d,ENTITY,ATALMOR,ATALMOR,ATALMOR
,0,1899-12-30T00:00:00,0,2020-03-31T15:18:30,,0,2020-03-31T15:18:30,dcfec843736211ea80ee000d3a02ed0d,,0,543572ff736211ea80ee000d3a02ed0d,ENTITY,543572fb736211ea80ee000d3a02ed0d,ENTITY,ATALMOR,ATALMOR,ATALMOR
,0,1899-12-30T00:00:00,0,2020-03-31T15:18:30,,0,2020-03-31T15:18:30,dcfec844736211ea80ee000d3a02ed0d,,0,54357301736211ea80ee000d3a02ed0d,ENTITY,543572fb736211ea80ee000d3a02ed0d,ENTITY,ATALMOR,ATALMOR,ATALMOR
,0,1899-12-30T00:00:00,0,2020-03-31T15:18:30,,0,2020-03-31T15:18:30,dcfec845736211ea80ee000d3a02ed0d,,0,54357303736211ea80ee000d3a02ed0d,ENTITY,543572fb736211ea80ee000d3a02ed0d,ENTITY,ATALMOR,ATALMOR,ATALMOR
,0,1899-12-30T00:00:00,0,2020-03-31T15:18:30,,0,2020-03-31T15:18:30,dcfec846736211ea80ee000d3a02ed0d,,0,5435732c736211ea80ee000d3a02ed0d,ENTITY,5435732a736211ea80ee000d3a02ed0d,ENTITY,ATALMOR,ATALMOR,ATALMOR
,0,1899-12-30T00:00:00,0,2020-03-31T15:18:30,,0,2020-03-31T15:18:30,dcfec847736211ea80ee000d3a02ed0d,,0,5435732e736211ea80ee000d3a02ed0d,ENTITY,5435732a736211ea80ee000d3a02ed0d,ENTITY,ATALMOR,ATALMOR,ATALMOR
,0,1899-12-30T00:00:00,0,2020-03-31T15:18:30,,0,2020-03-31T15:18:30,dcfec848736211ea80ee000d3a02ed0d,,0,5435733a736211ea80ee000d3a02ed0d,ENTITY,54357338736211ea80ee000d3a02ed0d,ENTITY,ATALMOR,ATALMOR,ATALMOR
,0,1899-12-30T00:00:00,0,2020-03-31T15:18:30,,0,2020-03-31T15:18:30,dcfec849736211ea80ee000d3a02ed0d,,0,5435733e736211ea80ee000d3a02ed0d,ENTITY,5435733c736211ea80ee000d3a02ed0d,ENTITY,ATALMOR,ATALMOR,ATALMOR
,0,1899-12-30T00:00:00,0,2020-03-31T15:18:30,,0,2020-03-31T15:18:30,dcfec84a736211ea80ee000d3a02ed0d,,0,54357344736211ea80ee000d3a02ed0d,ENTITY,54357342736211ea80ee000d3a02ed0d,ENTITY,ATALMOR,ATALMOR,ATALMOR
,0,1899-12-30T00:00:00,0,2020-03-31T15:18:30,,0,2020-03-31T15:18:30,dcfec84b736211ea80ee000d3a02ed0d,,0,54357346736211ea80ee000d3a02ed0d,ENTITY,54357342736211ea80ee000d3a02ed0d,ENTITY,ATALMOR,ATALMOR,ATALMOR
,0,1899-12-30T00:00:00,0,2020-03-31T15:18:31,,0,2020-03-31T15:18:31,dcfec84c736211ea80ee000d3a02ed0d,,0,54357368736211ea80ee000d3a02ed0d,ENTITY,54357366736211ea80ee000d3a02ed0d,ENTITY,ATALMOR,ATALMOR,ATALMOR
,0,1899-12-30T00:00:00,0,2020-03-31T15:18:31,,0,2020-03-31T15:18:31,dcfec84d736211ea80ee000d3a02ed0d,,0,5435736c736211ea80ee000d3a02ed0d,ENTITY,5435736a736211ea80ee000d3a02ed0d,ENTITY,ATALMOR,ATALMOR,ATALMOR
,0,1899-12-30T00:00:00,0,2020-03-31T15:18:31,,0,2020-03-31T15:18:31,dcfec84e736211ea80ee000d3a02ed0d,,0,5435736e736211ea80ee000d3a02ed0d,ENTITY,5435736a736211ea80ee000d3a02ed0d,ENTITY,ATALMOR,ATALMOR,ATALMOR
,0,1899-12-30T00:00:00,0,2020-03-31T15:18:31,,0,2020-03-31T15:18:31,dcfec84f736211ea80ee000d3a02ed0d,,0,54357378736211ea80ee000d3a02ed0d,ENTITY,54357376736211ea80ee000d3a02ed0d,ENTITY,ATALMOR,ATALMOR,ATALMOR
,0,1899-12-30T00:00:00,0,2020-03-31T15:18:31,,0,2020-03-31T15:18:31,dcfec850736211ea80ee000d3a02ed0d,,0,5435737a736211ea80ee000d3a02ed0d,ENTITY,54357376736211ea80ee000d3a02ed0d,ENTITY,ATALMOR,ATALMOR,ATALMOR
,0,1899-12-30T00:00:00,0,2020-03-31T15:18:31,,0,2020-03-31T15:18:31,dcfec851736211ea80ee000d3a02ed0d,,0,54357374736211ea80ee000d3a02ed0d,ENTITY,5435737c736211ea80ee000d3a02ed0d,ENTITY,ATALMOR,ATALMOR,ATALMOR
,0,1899-12-30T00:00:00,0,2020-03-31T15:18:31,,0,2020-03-31T15:18:31,dcfec852736211ea80ee000d3a02ed0d,,0,54357384736211ea80ee000d3a02ed0d,ENTITY,54357382736211ea80ee000d3a02ed0d,ENTITY,ATALMOR,ATALMOR,ATALMOR
,0,1899-12-30T00:00:00,0,2020-03-31T15:18:31,,0,2020-03-31T15:18:31,dcfec853736211ea80ee000d3a02ed0d,,0,54357386736211ea80ee000d3a02ed0d,ENTITY,54357382736211ea80ee000d3a02ed0d,ENTITY,ATALMOR,ATALMOR,ATALMOR
,0,1899-12-30T00:00:00,0,2020-03-31T15:18:31,,0,2020-03-31T15:18:31,dcfec854736211ea80ee000d3a02ed0d,,0,54357388736211ea80ee000d3a02ed0d,ENTITY,54357382736211ea80ee000d3a02ed0d,ENTITY,ATALMOR,ATALMOR,ATALMOR
,0,1899-12-30T00:00:00,0,2020-03-31T15:18:31,,0,2020-03-31T15:18:31,dcfec855736211ea80ee000d3a02ed0d,,0,5435738a736211ea80ee000d3a02ed0d,ENTITY,54357382736211ea80ee000d3a02ed0d,ENTITY,ATALMOR,ATALMOR,ATALMOR
,0,1899-12-30T00:00:00,0,2020-03-31T15:18:31,,0,2020-03-31T15:18:31,dcfec856736211ea80ee000d3a02ed0d,,0,5435738c736211ea80ee000d3a02ed0d,ENTITY,54357382736211ea80ee000d3a02ed0d,ENTITY,ATALMOR,ATALMOR,ATALMOR
,0,1899-12-30T00:00:00,0,2020-03-31T15:18:31,,0,2020-03-31T15:18:31,dcfec857736211ea80ee000d3a02ed0d,,0,5435738e736211ea80ee000d3a02ed0d,ENTITY,54357382736211ea80ee000d3a02ed0d,ENTITY,ATALMOR,ATALMOR,ATALMOR
,0,1899-12-30T00:00:00,0,2020-03-31T15:18:32,,0,2020-03-31T15:18:32,dcfec85a736211ea80ee000d3a02ed0d,,0,543573b0736211ea80ee000d3a02ed0d,ENTITY,543573ae736211ea80ee000d3a02ed0d,ENTITY,ATALMOR,ATALMOR,ATALMOR
,0,1899-12-30T00:00:00,0,2020-03-31T15:18:32,,0,2020-03-31T15:18:32,dcfec85b736211ea80ee000d3a02ed0d,,0,543573ba736211ea80ee000d3a02ed0d,ENTITY,543573b8736211ea80ee000d3a02ed0d,ENTITY,ATALMOR,ATALMOR,ATALMOR
,0,1899-12-30T00:00:00,0,2020-03-31T15:18:32,,0,2020-03-31T15:18:32,dcfec85c736211ea80ee000d3a02ed0d,,0,543573d2736211ea80ee000d3a02ed0d,ENTITY,543573d0736211ea80ee000d3a02ed0d,ENTITY,ATALMOR,ATALMOR,ATALMOR
,0,1899-12-30T00:00:00,0,2020-03-31T15:18:32,,0,2020-03-31T15:18:32,dcfec85d736211ea80ee000d3a02ed0d,,0,543573d4736211ea80ee000d3a02ed0d,ENTITY,543573d0736211ea80ee000d3a02ed0d,ENTITY,ATALMOR,ATALMOR,ATALMOR
,0,1899-12-30T00:00:00,0,2020-03-31T15:18:32,,0,2020-03-31T15:18:32,dcfec85e736211ea80ee000d3a02ed0d,,0,543573d6736211ea80ee000d3a02ed0d,ENTITY,543573d0736211ea80ee000d3a02ed0d,ENTITY,ATALMOR,ATALMOR,ATALMOR
,0,1899-12-30T00:00:00,0,2020-03-31T15:18:32,,0,2020-03-31T15:18:32,dcfec85f736211ea80ee000d3a02ed0d,,0,543573d8736211ea80ee000d3a02ed0d,ENTITY,543573d0736211ea80ee000d3a02ed0d,ENTITY,ATALMOR,ATALMOR,ATALMOR
,0,1899-12-30T00:00:00,0,2020-03-31T15:18:32,,0,2020-03-31T15:18:32,dcfec860736211ea80ee000d3a02ed0d,,0,543573de736211ea80ee000d3a02ed0d,ENTITY,543573d0736211ea80ee000d3a02ed0d,ENTITY,ATALMOR,ATALMOR,ATALMOR
,0,1899-12-30T00:00:00,0,2020-03-31T15:18:32,,0,2020-03-31T15:18:32,dcfec861736211ea80ee000d3a02ed0d,,0,543573e6736211ea80ee000d3a02ed0d,ENTITY,543573e4736211ea80ee000d3a02ed0d,ENTITY,ATALMOR,ATALMOR,ATALMOR
,0,1899-12-30T00:00:00,0,2020-03-31T15:18:32,,0,2020-03-31T15:18:32,dcfec862736211ea80ee000d3a02ed0d,,0,543573e8736211ea80ee000d3a02ed0d,ENTITY,543573e4736211ea80ee000d3a02ed0d,ENTITY,ATALMOR,ATALMOR,ATALMOR
,0,1899-12-30T00:00:00,0,2020-03-31T15:18:32,,0,2020-03-31T15:18:32,dcfec863736211ea80ee000d3a02ed0d,,0,543573ea736211ea80ee000d3a02ed0d,ENTITY,543573e4736211ea80ee000d3a02ed0d,ENTITY,ATALMOR,ATALMOR,ATALMOR
,0,1899-12-30T00:00:00,0,2020-03-31T15:18:32,,0,2020-03-31T15:18:32,dcfec864736211ea80ee000d3a02ed0d,,0,543573ec736211ea80ee000d3a02ed0d,ENTITY,543573e4736211ea80ee000d3a02ed0d,ENTITY,ATALMOR,ATALMOR,ATALMOR
,0,1899-12-30T00:00:00,0,2020-03-31T15:18:33,,0,2020-03-31T15:18:33,dcfec865736211ea80ee000d3a02ed0d,,0,543573ee736211ea80ee000d3a02ed0d,ENTITY,543573e4736211ea80ee000d3a02ed0d,ENTITY,ATALMOR,ATALMOR,ATALMOR
,0,1899-12-30T00:00:00,0,2020-03-31T15:18:33,,0,2020-03-31T15:18:33,dcfec866736211ea80ee000d3a02ed0d,,0,543573f0736211ea80ee000d3a02ed0d,ENTITY,543573e4736211ea80ee000d3a02ed0d,ENTITY,ATALMOR,ATALMOR,ATALMOR
,0,1899-12-30T00:00:00,0,2020-03-31T15:18:33,,0,2020-03-31T15:18:33,dcfec867736211ea80ee000d3a02ed0d,,0,543573fc736211ea80ee000d3a02ed0d,ENTITY,543573fa736211ea80ee000d3a02ed0d,ENTITY,ATALMOR,ATALMOR,ATALMOR
,0,1899-12-30T00:00:00,0,2020-03-31T15:18:33,,0,2020-03-31T15:18:33,dcfec868736211ea80ee000d3a02ed0d,,0,4e3c7e5f736211ea80ee000d3a02ed0d,ENTITY,4e3c7e5d736211ea80ee000d3a02ed0d,ENTITY,ATALMOR,ATALMOR,ATALMOR
,0,1899-12-30T00:00:00,0,2020-03-31T15:18:33,,0,2020-03-31T15:18:33,dcfec869736211ea80ee000d3a02ed0d,,0,4e3c7e61736211ea80ee000d3a02ed0d,ENTITY,4e3c7e5d736211ea80ee000d3a02ed0d,ENTITY,ATALMOR,ATALMOR,ATALMOR
,0,1899-12-30T00:00:00,0,2020-03-31T15:18:33,,0,2020-03-31T15:18:33,dcfec86a736211ea80ee000d3a02ed0d,,0,4e3c7e75736211ea80ee000d3a02ed0d,ENTITY,4e3c7e73736211ea80ee000d3a02ed0d,ENTITY,ATALMOR,ATALMOR,ATALMOR
,0,1899-12-30T00:00:00,0,2020-03-31T15:18:33,,0,2020-03-31T15:18:33,dcfec86b736211ea80ee000d3a02ed0d,,0,4e3c7e79736211ea80ee000d3a02ed0d,ENTITY,4e3c7e77736211ea80ee000d3a02ed0d,ENTITY,ATALMOR,ATALMOR,ATALMOR
,0,1899-12-30T00:00:00,0,2020-03-31T15:18:33,,0,2020-03-31T15:18:33,dcfec86c736211ea80ee000d3a02ed0d,,0,4e3c7e7d736211ea80ee000d3a02ed0d,ENTITY,4e3c7e77736211ea80ee000d3a02ed0d,ENTITY,ATALMOR,ATALMOR,ATALMOR
,0,1899-12-30T00:00:00,0,2020-03-31T15:18:33,,0,2020-03-31T15:18:33,dcfec86d736211ea80ee000d3a02ed0d,,0,4e3c7e81736211ea80ee000d3a02ed0d,ENTITY,4e3c7e7f736211ea80ee000d3a02ed0d,ENTITY,ATALMOR,ATALMOR,ATALMOR
,0,1899-12-30T00:00:00,0,2020-03-31T15:18:33,,0,2020-03-31T15:18:33,dcfec86e736211ea80ee000d3a02ed0d,,0,4e3c7e83736211ea80ee000d3a02ed0d,ENTITY,4e3c7e7f736211ea80ee000d3a02ed0d,ENTITY,ATALMOR,ATALMOR,ATALMOR
,0,1899-12-30T00:00:00,0,2020-03-31T15:18:33,,0,2020-03-31T15:18:33,dcfec86f736211ea80ee000d3a02ed0d,,0,4e3c7e93736211ea80ee000d3a02ed0d,ENTITY,4e3c7e91736211ea80ee000d3a02ed0d,ENTITY,ATALMOR,ATALMOR,ATALMOR
,0,1899-12-30T00:00:00,0,2020-03-31T15:18:33,,0,2020-03-31T15:18:33,dcfec870736211ea80ee000d3a02ed0d,,0,4e3c7e95736211ea80ee000d3a02ed0d,ENTITY,4e3c7e91736211ea80ee000d3a02ed0d,ENTITY,ATALMOR,ATALMOR,ATALMOR
,0,1899-12-30T00:00:00,0,2020-03-31T15:18:33,,0,2020-03-31T15:18:33,dcfec871736211ea80ee000d3a02ed0d,,0,4e3c7e99736211ea80ee000d3a02ed0d,ENTITY,4e3c7e97736211ea80ee000d3a02ed0d,ENTITY,ATALMOR,ATALMOR,ATALMOR
,0,1899-12-30T00:00:00,0,2020-03-31T15:18:34,,0,2020-03-31T15:18:34,dcfec872736211ea80ee000d3a02ed0d,,0,4e3c7e9b736211ea80ee000d3a02ed0d,ENTITY,4e3c7e97736211ea80ee000d3a02ed0d,ENTITY,ATALMOR,ATALMOR,ATALMOR
,0,1899-12-30T00:00:00,0,2020-03-31T15:18:34,,0,2020-03-31T15:18:34,dcfec873736211ea80ee000d3a02ed0d,,0,4e3c7e9d736211ea80ee000d3a02ed0d,ENTITY,4e3c7e97736211ea80ee000d3a02ed0d,ENTITY,ATALMOR,ATALMOR,ATALMOR
,0,1899-12-30T00:00:00,0,2020-03-31T15:18:34,,0,2020-03-31T15:18:34,dcfec874736211ea80ee000d3a02ed0d,,0,4e3c7e9f736211ea80ee000d3a02ed0d,ENTITY,4e3c7e97736211ea80ee000d3a02ed0d,ENTITY,ATALMOR,ATALMOR,ATALMOR
,0,1899-12-30T00:00:00,0,2020-03-31T15:18:34,,0,2020-03-31T15:18:34,dcfec875736211ea80ee000d3a02ed0d,,0,4e3c7ea3736211ea80ee000d3a02ed0d,ENTITY,4e3c7ea1736211ea80ee000d3a02ed0d,ENTITY,ATALMOR,ATALMOR,ATALMOR
,0,1899-12-30T00:00:00,0,2020-03-31T15:18:34,,0,2020-03-31T15:18:34,dcfec876736211ea80ee000d3a02ed0d,,0,4e3c7ea7736211ea80ee000d3a02ed0d,ENTITY,4e3c7ea5736211ea80ee000d3a02ed0d,ENTITY,ATALMOR,ATALMOR,ATALMOR
,0,1899-12-30T00:00:00,0,2020-03-31T15:18:34,,0,2020-03-31T15:18:34,dcfec877736211ea80ee000d3a02ed0d,,0,4e3c7eab736211ea80ee000d3a02ed0d,ENTITY,4e3c7ea5736211ea80ee000d3a02ed0d,ENTITY,ATALMOR,ATALMOR,ATALMOR
,0,1899-12-30T00:00:00,0,2020-03-31T15:18:34,,0,2020-03-31T15:18:34,dcfec878736211ea80ee000d3a02ed0d,,0,4e3c7ead736211ea80ee000d3a02ed0d,ENTITY,4e3c7ea5736211ea80ee000d3a02ed0d,ENTITY,ATALMOR,ATALMOR,ATALMOR
,0,1899-12-30T00:00:00,0,2020-03-31T15:18:34,,0,2020-03-31T15:18:34,dcfec879736211ea80ee000d3a02ed0d,,0,4e3c7eaf736211ea80ee000d3a02ed0d,ENTITY,4e3c7ea5736211ea80ee000d3a02ed0d,ENTITY,ATALMOR,ATALMOR,ATALMOR
,0,1899-12-30T00:00:00,0,2020-03-31T15:18:34,,0,2020-03-31T15:18:34,dcfec87a736211ea80ee000d3a02ed0d,,0,4e3c7eb1736211ea80ee000d3a02ed0d,ENTITY,4e3c7ea5736211ea80ee000d3a02ed0d,ENTITY,ATALMOR,ATALMOR,ATALMOR
,0,1899-12-30T00:00:00,0,2020-03-31T15:18:34,,0,2020-03-31T15:18:34,dcfec87b736211ea80ee000d3a02ed0d,,0,4e3c7eb3736211ea80ee000d3a02ed0d,ENTITY,4e3c7ea5736211ea80ee000d3a02ed0d,ENTITY,ATALMOR,ATALMOR,ATALMOR
,0,1899-12-30T00:00:00,0,2020-03-31T15:18:34,,0,2020-03-31T15:18:34,dcfec87c736211ea80ee000d3a02ed0d,,0,4e3c7eb5736211ea80ee000d3a02ed0d,ENTITY,4e3c7ea5736211ea80ee000d3a02ed0d,ENTITY,ATALMOR,ATALMOR,ATALMOR
,0,1899-12-30T00:00:00,0,2020-03-31T15:18:34,,0,2020-03-31T15:18:34,dcfec87d736211ea80ee000d3a02ed0d,,0,4e3c7eb9736211ea80ee000d3a02ed0d,ENTITY,4e3c7eb7736211ea80ee000d3a02ed0d,ENTITY,ATALMOR,ATALMOR,ATALMOR
,0,1899-12-30T00:00:00,0,2020-03-31T15:18:34,,0,2020-03-31T15:18:34,dcfec87e736211ea80ee000d3a02ed0d,,0,4e3c7ebb736211ea80ee000d3a02ed0d,ENTITY,4e3c7eb7736211ea80ee000d3a02ed0d,ENTITY,ATALMOR,ATALMOR,ATALMOR
,0,1899-12-30T00:00:00,0,2020-03-31T15:18:34,,0,2020-03-31T15:18:34,dcfec87f736211ea80ee000d3a02ed0d,,0,4e3c7ebd736211ea80ee000d3a02ed0d,ENTITY,4e3c7eb7736211ea80ee000d3a02ed0d,ENTITY,ATALMOR,ATALMOR,ATALMOR
,0,1899-12-30T00:00:00,0,2020-03-31T15:18:35,,0,2020-03-31T15:18:35,dcfec880736211ea80ee000d3a02ed0d,,0,4e3c7ec3736211ea80ee000d3a02ed0d,ENTITY,4e3c7ec1736211ea80ee000d3a02ed0d,ENTITY,ATALMOR,ATALMOR,ATALMOR
,0,1899-12-30T00:00:00,0,2020-03-31T15:18:35,,0,2020-03-31T15:18:35,dcfec881736211ea80ee000d3a02ed0d,,0,4e3c7ec7736211ea80ee000d3a02ed0d,ENTITY,4e3c7ec5736211ea80ee000d3a02ed0d,ENTITY,ATALMOR,ATALMOR,ATALMOR
,0,1899-12-30T00:00:00,0,2020-03-31T15:18:35,,0,2020-03-31T15:18:35,dcfec882736211ea80ee000d3a02ed0d,,0,4e3c7ecd736211ea80ee000d3a02ed0d,ENTITY,4e3c7ec5736211ea80ee000d3a02ed0d,ENTITY,ATALMOR,ATALMOR,ATALMOR
,0,1899-12-30T00:00:00,0,2020-03-31T15:18:35,,0,2020-03-31T15:18:35,dcfec883736211ea80ee000d3a02ed0d,,0,4e3c7ed9736211ea80ee000d3a02ed0d,ENTITY,4e3c7ed7736211ea80ee000d3a02ed0d,ENTITY,ATALMOR,ATALMOR,ATALMOR
,0,1899-12-30T00:00:00,0,2020-03-31T15:18:35,,0,2020-03-31T15:18:35,dcfec884736211ea80ee000d3a02ed0d,,0,4e3c7edb736211ea80ee000d3a02ed0d,ENTITY,4e3c7ed7736211ea80ee000d3a02ed0d,ENTITY,ATALMOR,ATALMOR,ATALMOR
,0,1899-12-30T00:00:00,0,2020-03-31T15:18:35,,0,2020-03-31T15:18:35,dcfec885736211ea80ee000d3a02ed0d,,0,4e3c7ee3736211ea80ee000d3a02ed0d,ENTITY,4e3c7ee1736211ea80ee000d3a02ed0d,ENTITY,ATALMOR,ATALMOR,ATALMOR
,0,1899-12-30T00:00:00,0,2020-03-31T15:18:35,,0,2020-03-31T15:18:35,e2f70126736211ea80ee000d3a02ed0d,,0,4e3c7eed736211ea80ee000d3a02ed0d,ENTITY,4e3c7ee1736211ea80ee000d3a02ed0d,ENTITY,ATALMOR,ATALMOR,ATALMOR
,0,1899-12-30T00:00:00,0,2020-03-31T15:18:35,,0,2020-03-31T15:18:35,e2f70127736211ea80ee000d3a02ed0d,,0,4e3c7ef5736211ea80ee000d3a02ed0d,ENTITY,4e3c7ee1736211ea80ee000d3a02ed0d,ENTITY,ATALMOR,ATALMOR,ATALMOR
,0,1899-12-30T00:00:00,0,2020-03-31T15:18:35,,0,2020-03-31T15:18:35,e2f70128736211ea80ee000d3a02ed0d,,0,4e3c7f01736211ea80ee000d3a02ed0d,ENTITY,4e3c7eff736211ea80ee000d3a02ed0d,ENTITY,ATALMOR,ATALMOR,ATALMOR
,0,1899-12-30T00:00:00,0,2020-03-31T15:18:35,,0,2020-03-31T15:18:35,e2f70129736211ea80ee000d3a02ed0d,,0,4e3c7f03736211ea80ee000d3a02ed0d,ENTITY,4e3c7eff736211ea80ee000d3a02ed0d,ENTITY,ATALMOR,ATALMOR,ATALMOR
,0,1899-12-30T00:00:00,0,2020-03-31T15:18:35,,0,2020-03-31T15:18:35,e2f7012a736211ea80ee000d3a02ed0d,,0,4e3c7f3b736211ea80ee000d3a02ed0d,ENTITY,4e3c7eff736211ea80ee000d3a02ed0d,ENTITY,ATALMOR,ATALMOR,ATALMOR
,0,1899-12-30T00:00:00,0,2020-03-31T15:18:35,,0,2020-03-31T15:18:35,e2f7012b736211ea80ee000d3a02ed0d,,0,4e3c7f53736211ea80ee000d3a02ed0d,ENTITY,4e3c7eff736211ea80ee000d3a02ed0d,ENTITY,ATALMOR,ATALMOR,ATALMOR
,0,1899-12-30T00:00:00,0,2020-03-31T15:18:35,,0,2020-03-31T15:18:35,e2f7012c736211ea80ee000d3a02ed0d,,0,4e3c7f55736211ea80ee000d3a02ed0d,ENTITY,4e3c7eff736211ea80ee000d3a02ed0d,ENTITY,ATALMOR,ATALMOR,ATALMOR
,0,1899-12-30T00:00:00,0,2020-03-31T15:18:36,,0,2020-03-31T15:18:36,e2f7012d736211ea80ee000d3a02ed0d,,0,4e3c7f5f736211ea80ee000d3a02ed0d,ENTITY,4e3c7f5d736211ea80ee000d3a02ed0d,ENTITY,ATALMOR,ATALMOR,ATALMOR
,0,1899-12-30T00:00:00,0,2020-03-31T15:18:36,,0,2020-03-31T15:18:36,e2f7012e736211ea80ee000d3a02ed0d,,0,4e3c7f61736211ea80ee000d3a02ed0d,ENTITY,4e3c7f5d736211ea80ee000d3a02ed0d,ENTITY,ATALMOR,ATALMOR,ATALMOR
,0,1899-12-30T00:00:00,0,2020-03-31T15:18:36,,0,2020-03-31T15:18:36,e2f7012f736211ea80ee000d3a02ed0d,,0,4e3c7f69736211ea80ee000d3a02ed0d,ENTITY,4e3c7f67736211ea80ee000d3a02ed0d,ENTITY,ATALMOR,ATALMOR,ATALMOR
,0,1899-12-30T00:00:00,0,2020-03-31T15:18:36,,0,2020-03-31T15:18:36,e2f70130736211ea80ee000d3a02ed0d,,0,4e3c7f6b736211ea80ee000d3a02ed0d,ENTITY,4e3c7f67736211ea80ee000d3a02ed0d,ENTITY,ATALMOR,ATALMOR,ATALMOR
,0,1899-12-30T00:00:00,0,2020-03-31T15:18:36,,0,2020-03-31T15:18:36,e2f70131736211ea80ee000d3a02ed0d,,0,4e3c7f77736211ea80ee000d3a02ed0d,ENTITY,4e3c7f67736211ea80ee000d3a02ed0d,ENTITY,ATALMOR,ATALMOR,ATALMOR
,0,1899-12-30T00:00:00,0,2020-03-31T15:18:36,,0,2020-03-31T15:18:36,e2f70132736211ea80ee000d3a02ed0d,,0,4e3c7f7b736211ea80ee000d3a02ed0d,ENTITY,4e3c7f67736211ea80ee000d3a02ed0d,ENTITY,ATALMOR,ATALMOR,ATALMOR
,0,1899-12-30T00:00:00,0,2020-03-31T15:18:36,,0,2020-03-31T15:18:36,e2f70133736211ea80ee000d3a02ed0d,,0,4e3c7f7d736211ea80ee000d3a02ed0d,ENTITY,4e3c7f67736211ea80ee000d3a02ed0d,ENTITY,ATALMOR,ATALMOR,ATALMOR
,0,1899-12-30T00:00:00,0,2020-03-31T15:18:36,,0,2020-03-31T15:18:36,e2f70134736211ea80ee000d3a02ed0d,,0,543572d8736211ea80ee000d3a02ed0d,ENTITY,4e3c7f85736211ea80ee000d3a02ed0d,ENTITY,ATALMOR,ATALMOR,ATALMOR
,0,1899-12-30T00:00:00,0,2020-03-31T15:18:36,,0,2020-03-31T15:18:36,e2f70135736211ea80ee000d3a02ed0d,,0,543572da736211ea80ee000d3a02ed0d,ENTITY,4e3c7f85736211ea80ee000d3a02ed0d,ENTITY,ATALMOR,ATALMOR,ATALMOR
,0,1899-12-30T00:00:00,0,2020-03-31T15:18:36,,0,2020-03-31T15:18:36,e2f70136736211ea80ee000d3a02ed0d,,0,543572e6736211ea80ee000d3a02ed0d,ENTITY,543572e4736211ea80ee000d3a02ed0d,ENTITY,ATALMOR,ATALMOR,ATALMOR
,0,1899-12-30T00:00:00,0,2020-03-31T15:18:36,,0,2020-03-31T15:18:36,e2f70137736211ea80ee000d3a02ed0d,,0,543572e8736211ea80ee000d3a02ed0d,ENTITY,543572e4736211ea80ee000d3a02ed0d,ENTITY,ATALMOR,ATALMOR,ATALMOR
,0,1899-12-30T00:00:00,0,2020-03-31T15:18:36,,0,2020-03-31T15:18:36,e2f70139736211ea80ee000d3a02ed0d,,0,4e3c7e83736211ea80ee000d3a02ed0d,ENTITY,e2f70138736211ea80ee000d3a02ed0d,ENTITY,ATALMOR,ATALMOR,ATALMOR
,0,1899-12-30T00:00:00,0,2020-03-31T15:18:36,,0,2020-03-31T15:18:36,e2f7013a736211ea80ee000d3a02ed0d,,0,543572eb736211ea80ee000d3a02ed0d,ENTITY,e2f70138736211ea80ee000d3a02ed0d,ENTITY,ATALMOR,ATALMOR,ATALMOR
,0,1899-12-30T00:00:00,0,2020-03-31T15:18:37,,0,2020-03-31T15:18:37,e2f7013b736211ea80ee000d3a02ed0d,,0,543572f3736211ea80ee000d3a02ed0d,ENTITY,543572f1736211ea80ee000d3a02ed0d,ENTITY,ATALMOR,ATALMOR,ATALMOR
,0,1899-12-30T00:00:00,0,2020-03-31T15:18:37,,0,2020-03-31T15:18:37,e2f7013c736211ea80ee000d3a02ed0d,,0,543572f7736211ea80ee000d3a02ed0d,ENTITY,543572f1736211ea80ee000d3a02ed0d,ENTITY,ATALMOR,ATALMOR,ATALMOR
,0,1899-12-30T00:00:00,0,2020-03-31T15:18:37,,0,2020-03-31T15:18:37,e2f7013e736211ea80ee000d3a02ed0d,,0,543572fb736211ea80ee000d3a02ed0d,ENTITY,e2f7013d736211ea80ee000d3a02ed0d,ENTITY,ATALMOR,ATALMOR,ATALMOR
,0,1899-12-30T00:00:00,0,2020-03-31T15:18:37,,0,2020-03-31T15:18:37,e2f7013f736211ea80ee000d3a02ed0d,,0,54357305736211ea80ee000d3a02ed0d,ENTITY,e2f7013d736211ea80ee000d3a02ed0d,ENTITY,ATALMOR,ATALMOR,ATALMOR
,0,1899-12-30T00:00:00,0,2020-03-31T15:18:37,,0,2020-03-31T15:18:37,e2f70140736211ea80ee000d3a02ed0d,,0,5435730c736211ea80ee000d3a02ed0d,ENTITY,5435730a736211ea80ee000d3a02ed0d,ENTITY,ATALMOR,ATALMOR,ATALMOR
,0,1899-12-30T00:00:00,0,2020-03-31T15:18:37,,0,2020-03-31T15:18:37,e2f70141736211ea80ee000d3a02ed0d,,0,54357310736211ea80ee000d3a02ed0d,ENTITY,5435730e736211ea80ee000d3a02ed0d,ENTITY,ATALMOR,ATALMOR,ATALMOR
,0,1899-12-30T00:00:00,0,2020-03-31T15:18:37,,0,2020-03-31T15:18:37,e2f70142736211ea80ee000d3a02ed0d,,0,54357314736211ea80ee000d3a02ed0d,ENTITY,54357312736211ea80ee000d3a02ed0d,ENTITY,ATALMOR,ATALMOR,ATALMOR
,0,1899-12-30T00:00:00,0,2020-03-31T15:18:37,,0,2020-03-31T15:18:37,e2f70143736211ea80ee000d3a02ed0d,,0,54357318736211ea80ee000d3a02ed0d,ENTITY,54357316736211ea80ee000d3a02ed0d,ENTITY,ATALMOR,ATALMOR,ATALMOR
,0,1899-12-30T00:00:00,0,2020-03-31T15:18:37,,0,2020-03-31T15:18:37,e2f70144736211ea80ee000d3a02ed0d,,0,5435731c736211ea80ee000d3a02ed0d,ENTITY,5435731a736211ea80ee000d3a02ed0d,ENTITY,ATALMOR,ATALMOR,ATALMOR
,0,1899-12-30T00:00:00,0,2020-03-31T15:18:37,,0,2020-03-31T15:18:37,e2f70145736211ea80ee000d3a02ed0d,,0,54357322736211ea80ee000d3a02ed0d,ENTITY,54357320736211ea80ee000d3a02ed0d,ENTITY,ATALMOR,ATALMOR,ATALMOR
,0,1899-12-30T00:00:00,0,2020-03-31T15:18:37,,0,2020-03-31T15:18:37,e2f70146736211ea80ee000d3a02ed0d,,0,5435732a736211ea80ee000d3a02ed0d,ENTITY,54357328736211ea80ee000d3a02ed0d,ENTITY,ATALMOR,ATALMOR,ATALMOR
,0,1899-12-30T00:00:00,0,2020-03-31T15:18:38,,0,2020-03-31T15:18:38,e2f70147736211ea80ee000d3a02ed0d,,0,54357330736211ea80ee000d3a02ed0d,ENTITY,54357328736211ea80ee000d3a02ed0d,ENTITY,ATALMOR,ATALMOR,ATALMOR
,0,1899-12-30T00:00:00,0,2020-03-31T15:18:38,,0,2020-03-31T15:18:38,e2f70148736211ea80ee000d3a02ed0d,,0,54357332736211ea80ee000d3a02ed0d,ENTITY,54357328736211ea80ee000d3a02ed0d,ENTITY,ATALMOR,ATALMOR,ATALMOR
,0,1899-12-30T00:00:00,0,2020-03-31T15:18:38,,0,2020-03-31T15:18:38,e2f70149736211ea80ee000d3a02ed0d,,0,54357336736211ea80ee000d3a02ed0d,ENTITY,54357334736211ea80ee000d3a02ed0d,ENTITY,ATALMOR,ATALMOR,ATALMOR
,0,1899-12-30T00:00:00,0,2020-03-31T15:18:38,,0,2020-03-31T15:18:38,e2f7014a736211ea80ee000d3a02ed0d,,0,54357338736211ea80ee000d3a02ed0d,ENTITY,54357334736211ea80ee000d3a02ed0d,ENTITY,ATALMOR,ATALMOR,ATALMOR
,0,1899-12-30T00:00:00,0,2020-03-31T15:18:38,,0,2020-03-31T15:18:38,e2f7014b736211ea80ee000d3a02ed0d,,0,5435733c736211ea80ee000d3a02ed0d,ENTITY,54357334736211ea80ee000d3a02ed0d,ENTITY,ATALMOR,ATALMOR,ATALMOR
,0,1899-12-30T00:00:00,0,2020-03-31T15:18:38,,0,2020-03-31T15:18:38,e2f7014c736211ea80ee000d3a02ed0d,,0,54357340736211ea80ee000d3a02ed0d,ENTITY,54357334736211ea80ee000d3a02ed0d,ENTITY,ATALMOR,ATALMOR,ATALMOR
,0,1899-12-30T00:00:00,0,2020-03-31T15:18:38,,0,2020-03-31T15:18:38,e2f7014d736211ea80ee000d3a02ed0d,,0,54357342736211ea80ee000d3a02ed0d,ENTITY,54357334736211ea80ee000d3a02ed0d,ENTITY,ATALMOR,ATALMOR,ATALMOR
,0,1899-12-30T00:00:00,0,2020-03-31T15:18:38,,0,2020-03-31T15:18:38,e2f7014e736211ea80ee000d3a02ed0d,,0,5435734a736211ea80ee000d3a02ed0d,ENTITY,54357348736211ea80ee000d3a02ed0d,ENTITY,ATALMOR,ATALMOR,ATALMOR
,0,1899-12-30T00:00:00,0,2020-03-31T15:18:38,,0,2020-03-31T15:18:38,e2f7014f736211ea80ee000d3a02ed0d,,0,5435734c736211ea80ee000d3a02ed0d,ENTITY,54357348736211ea80ee000d3a02ed0d,ENTITY,ATALMOR,ATALMOR,ATALMOR
,0,1899-12-30T00:00:00,0,2020-03-31T15:18:38,,0,2020-03-31T15:18:38,e2f70150736211ea80ee000d3a02ed0d,,0,5435734e736211ea80ee000d3a02ed0d,ENTITY,54357348736211ea80ee000d3a02ed0d,ENTITY,ATALMOR,ATALMOR,ATALMOR
,0,1899-12-30T00:00:00,0,2020-03-31T15:18:38,,0,2020-03-31T15:18:38,e2f70151736211ea80ee000d3a02ed0d,,0,54357350736211ea80ee000d3a02ed0d,ENTITY,54357348736211ea80ee000d3a02ed0d,ENTITY,ATALMOR,ATALMOR,ATALMOR
,0,1899-12-30T00:00:00,0,2020-03-31T15:18:38,,0,2020-03-31T15:18:38,e2f70152736211ea80ee000d3a02ed0d,,0,54357352736211ea80ee000d3a02ed0d,ENTITY,54357348736211ea80ee000d3a02ed0d,ENTITY,ATALMOR,ATALMOR,ATALMOR
,0,1899-12-30T00:00:00,0,2020-03-31T15:18:39,,0,2020-03-31T15:18:39,e2f70153736211ea80ee000d3a02ed0d,,0,54357354736211ea80ee000d3a02ed0d,ENTITY,54357348736211ea80ee000d3a02ed0d,ENTITY,ATALMOR,ATALMOR,ATALMOR
,0,1899-12-30T00:00:00,0,2020-03-31T15:18:39,,0,2020-03-31T15:18:39,e2f70154736211ea80ee000d3a02ed0d,,0,54357356736211ea80ee000d3a02ed0d,ENTITY,54357348736211ea80ee000d3a02ed0d,ENTITY,ATALMOR,ATALMOR,ATALMOR
,0,1899-12-30T00:00:00,0,2020-03-31T15:18:39,,0,2020-03-31T15:18:39,e2f70155736211ea80ee000d3a02ed0d,,0,54357358736211ea80ee000d3a02ed0d,ENTITY,54357348736211ea80ee000d3a02ed0d,ENTITY,ATALMOR,ATALMOR,ATALMOR
,0,1899-12-30T00:00:00,0,2020-03-31T15:18:39,,0,2020-03-31T15:18:39,e2f70156736211ea80ee000d3a02ed0d,,0,5435735a736211ea80ee000d3a02ed0d,ENTITY,54357348736211ea80ee000d3a02ed0d,ENTITY,ATALMOR,ATALMOR,ATALMOR
,0,1899-12-30T00:00:00,0,2020-03-31T15:18:39,,0,2020-03-31T15:18:39,e2f70157736211ea80ee000d3a02ed0d,,0,5435735c736211ea80ee000d3a02ed0d,ENTITY,54357348736211ea80ee000d3a02ed0d,ENTITY,ATALMOR,ATALMOR,ATALMOR
,0,1899-12-30T00:00:00,0,2020-03-31T15:18:39,,0,2020-03-31T15:18:39,e2f70158736211ea80ee000d3a02ed0d,,0,54357360736211ea80ee000d3a02ed0d,ENTITY,5435735e736211ea80ee000d3a02ed0d,ENTITY,ATALMOR,ATALMOR,ATALMOR
,0,1899-12-30T00:00:00,0,2020-03-31T15:18:39,,0,2020-03-31T15:18:39,e2f70159736211ea80ee000d3a02ed0d,,0,54357362736211ea80ee000d3a02ed0d,ENTITY,5435735e736211ea80ee000d3a02ed0d,ENTITY,ATALMOR,ATALMOR,ATALMOR
,0,1899-12-30T00:00:00,0,2020-03-31T15:18:39,,0,2020-03-31T15:18:39,e2f7015a736211ea80ee000d3a02ed0d,,0,54357366736211ea80ee000d3a02ed0d,ENTITY,54357364736211ea80ee000d3a02ed0d,ENTITY,ATALMOR,ATALMOR,ATALMOR
,0,1899-12-30T00:00:00,0,2020-03-31T15:18:39,,0,2020-03-31T15:18:39,e2f7015b736211ea80ee000d3a02ed0d,,0,5435736a736211ea80ee000d3a02ed0d,ENTITY,54357364736211ea80ee000d3a02ed0d,ENTITY,ATALMOR,ATALMOR,ATALMOR
,0,1899-12-30T00:00:00,0,2020-03-31T15:18:39,,0,2020-03-31T15:18:39,e2f7015c736211ea80ee000d3a02ed0d,,0,54357370736211ea80ee000d3a02ed0d,ENTITY,54357364736211ea80ee000d3a02ed0d,ENTITY,ATALMOR,ATALMOR,ATALMOR
,0,1899-12-30T00:00:00,0,2020-03-31T15:18:39,,0,2020-03-31T15:18:39,e2f7015d736211ea80ee000d3a02ed0d,,0,54357372736211ea80ee000d3a02ed0d,ENTITY,54357364736211ea80ee000d3a02ed0d,ENTITY,ATALMOR,ATALMOR,ATALMOR
,0,1899-12-30T00:00:00,0,2020-03-31T15:18:39,,0,2020-03-31T15:18:39,e2f7015e736211ea80ee000d3a02ed0d,,0,54357376736211ea80ee000d3a02ed0d,ENTITY,54357374736211ea80ee000d3a02ed0d,ENTITY,ATALMOR,ATALMOR,ATALMOR
,0,1899-12-30T00:00:00,0,2020-03-31T15:18:39,,0,2020-03-31T15:18:39,e2f7015f736211ea80ee000d3a02ed0d,,0,5435737c736211ea80ee000d3a02ed0d,ENTITY,54357374736211ea80ee000d3a02ed0d,ENTITY,ATALMOR,ATALMOR,ATALMOR
,0,1899-12-30T00:00:00,0,2020-03-31T15:18:40,,0,2020-03-31T15:18:40,e2f70160736211ea80ee000d3a02ed0d,,0,5435737e736211ea80ee000d3a02ed0d,ENTITY,54357374736211ea80ee000d3a02ed0d,ENTITY,ATALMOR,ATALMOR,ATALMOR
,0,1899-12-30T00:00:00,0,2020-03-31T15:18:40,,0,2020-03-31T15:18:40,e2f70161736211ea80ee000d3a02ed0d,,0,54357380736211ea80ee000d3a02ed0d,ENTITY,54357374736211ea80ee000d3a02ed0d,ENTITY,ATALMOR,ATALMOR,ATALMOR
,0,1899-12-30T00:00:00,0,2020-03-31T15:18:40,,0,2020-03-31T15:18:40,e2f70162736211ea80ee000d3a02ed0d,,0,54357382736211ea80ee000d3a02ed0d,ENTITY,54357374736211ea80ee000d3a02ed0d,ENTITY,ATALMOR,ATALMOR,ATALMOR
,0,1899-12-30T00:00:00,0,2020-03-31T15:18:40,,0,2020-03-31T15:18:40,e2f70163736211ea80ee000d3a02ed0d,,0,54357392736211ea80ee000d3a02ed0d,ENTITY,54357390736211ea80ee000d3a02ed0d,ENTITY,ATALMOR,ATALMOR,ATALMOR
,0,1899-12-30T00:00:00,0,2020-03-31T15:18:40,,0,2020-03-31T15:18:40,e2f70164736211ea80ee000d3a02ed0d,,0,54357394736211ea80ee000d3a02ed0d,ENTITY,54357390736211ea80ee000d3a02ed0d,ENTITY,ATALMOR,ATALMOR,ATALMOR
,0,1899-12-30T00:00:00,0,2020-03-31T15:18:40,,0,2020-03-31T15:18:40,e2f70165736211ea80ee000d3a02ed0d,,0,54357390736211ea80ee000d3a02ed0d,ENTITY,54357390736211ea80ee000d3a02ed0d,ENTITY,ATALMOR,ATALMOR,ATALMOR
,0,1899-12-30T00:00:00,0,2020-03-31T15:18:40,,0,2020-03-31T15:18:40,e2f70166736211ea80ee000d3a02ed0d,,0,54357398736211ea80ee000d3a02ed0d,ENTITY,54357390736211ea80ee000d3a02ed0d,ENTITY,ATALMOR,ATALMOR,ATALMOR
,0,1899-12-30T00:00:00,0,2020-03-31T15:18:40,,0,2020-03-31T15:18:40,e2f70167736211ea80ee000d3a02ed0d,,0,5435739a736211ea80ee000d3a02ed0d,ENTITY,54357390736211ea80ee000d3a02ed0d,ENTITY,ATALMOR,ATALMOR,ATALMOR
,0,1899-12-30T00:00:00,0,2020-03-31T15:18:40,,0,2020-03-31T15:18:40,e2f70168736211ea80ee000d3a02ed0d,,0,5435739c736211ea80ee000d3a02ed0d,ENTITY,54357390736211ea80ee000d3a02ed0d,ENTITY,ATALMOR,ATALMOR,ATALMOR
,0,1899-12-30T00:00:00,0,2020-03-31T15:18:40,,0,2020-03-31T15:18:40,e2f70169736211ea80ee000d3a02ed0d,,0,5435739e736211ea80ee000d3a02ed0d,ENTITY,54357390736211ea80ee000d3a02ed0d,ENTITY,ATALMOR,ATALMOR,ATALMOR
,0,1899-12-30T00:00:00,0,2020-03-31T15:18:40,,0,2020-03-31T15:18:40,e2f7016a736211ea80ee000d3a02ed0d,,0,543573a0736211ea80ee000d3a02ed0d,ENTITY,54357390736211ea80ee000d3a02ed0d,ENTITY,ATALMOR,ATALMOR,ATALMOR
,0,1899-12-30T00:00:00,0,2020-03-31T15:18:40,,0,2020-03-31T15:18:40,e2f7016b736211ea80ee000d3a02ed0d,,0,543573a4736211ea80ee000d3a02ed0d,ENTITY,54357390736211ea80ee000d3a02ed0d,ENTITY,ATALMOR,ATALMOR,ATALMOR
,0,1899-12-30T00:00:00,0,2020-03-31T15:18:40,,0,2020-03-31T15:18:40,e2f7016c736211ea80ee000d3a02ed0d,,0,543573a6736211ea80ee000d3a02ed0d,ENTITY,54357390736211ea80ee000d3a02ed0d,ENTITY,ATALMOR,ATALMOR,ATALMOR
,0,1899-12-30T00:00:00,0,2020-03-31T15:18:40,,0,2020-03-31T15:18:40,e2f7016d736211ea80ee000d3a02ed0d,,0,543573a8736211ea80ee000d3a02ed0d,ENTITY,54357390736211ea80ee000d3a02ed0d,ENTITY,ATALMOR,ATALMOR,ATALMOR
,0,1899-12-30T00:00:00,0,2020-03-31T15:18:41,,0,2020-03-31T15:18:41,e2f7016e736211ea80ee000d3a02ed0d,,0,543573ac736211ea80ee000d3a02ed0d,ENTITY,543573aa736211ea80ee000d3a02ed0d,ENTITY,ATALMOR,ATALMOR,ATALMOR
,0,1899-12-30T00:00:00,0,2020-03-31T15:18:41,,0,2020-03-31T15:18:41,e2f7016f736211ea80ee000d3a02ed0d,,0,543573ae736211ea80ee000d3a02ed0d,ENTITY,543573aa736211ea80ee000d3a02ed0d,ENTITY,ATALMOR,ATALMOR,ATALMOR
,0,1899-12-30T00:00:00,0,2020-03-31T15:18:41,,0,2020-03-31T15:18:41,e2f70170736211ea80ee000d3a02ed0d,,0,543573b2736211ea80ee000d3a02ed0d,ENTITY,543573aa736211ea80ee000d3a02ed0d,ENTITY,ATALMOR,ATALMOR,ATALMOR
,0,1899-12-30T00:00:00,0,2020-03-31T15:18:41,,0,2020-03-31T15:18:41,e2f70171736211ea80ee000d3a02ed0d,,0,543573b4736211ea80ee000d3a02ed0d,ENTITY,543573aa736211ea80ee000d3a02ed0d,ENTITY,ATALMOR,ATALMOR,ATALMOR
,0,1899-12-30T00:00:00,0,2020-03-31T15:18:41,,0,2020-03-31T15:18:41,e2f70172736211ea80ee000d3a02ed0d,,0,543573b6736211ea80ee000d3a02ed0d,ENTITY,543573aa736211ea80ee000d3a02ed0d,ENTITY,ATALMOR,ATALMOR,ATALMOR
,0,1899-12-30T00:00:00,0,2020-03-31T15:18:41,,0,2020-03-31T15:18:41,e2f70173736211ea80ee000d3a02ed0d,,0,543573b8736211ea80ee000d3a02ed0d,ENTITY,543573aa736211ea80ee000d3a02ed0d,ENTITY,ATALMOR,ATALMOR,ATALMOR
,0,1899-12-30T00:00:00,0,2020-03-31T15:18:41,,0,2020-03-31T15:18:41,e2f70174736211ea80ee000d3a02ed0d,,0,543573bc736211ea80ee000d3a02ed0d,ENTITY,543573aa736211ea80ee000d3a02ed0d,ENTITY,ATALMOR,ATALMOR,ATALMOR
,0,1899-12-30T00:00:00,0,2020-03-31T15:18:41,,0,2020-03-31T15:18:41,e2f70175736211ea80ee000d3a02ed0d,,0,543573c2736211ea80ee000d3a02ed0d,ENTITY,543573c0736211ea80ee000d3a02ed0d,ENTITY,ATALMOR,ATALMOR,ATALMOR
,0,1899-12-30T00:00:00,0,2020-03-31T15:18:41,,0,2020-03-31T15:18:41,e2f70176736211ea80ee000d3a02ed0d,,0,543573c4736211ea80ee000d3a02ed0d,ENTITY,543573c0736211ea80ee000d3a02ed0d,ENTITY,ATALMOR,ATALMOR,ATALMOR
,0,1899-12-30T00:00:00,0,2020-03-31T15:18:41,,0,2020-03-31T15:18:41,e2f70177736211ea80ee000d3a02ed0d,,0,543573c6736211ea80ee000d3a02ed0d,ENTITY,543573c0736211ea80ee000d3a02ed0d,ENTITY,ATALMOR,ATALMOR,ATALMOR
,0,1899-12-30T00:00:00,0,2020-03-31T15:18:42,,0,2020-03-31T15:18:42,e2f70178736211ea80ee000d3a02ed0d,,0,543573cc736211ea80ee000d3a02ed0d,ENTITY,543573ca736211ea80ee000d3a02ed0d,ENTITY,ATALMOR,ATALMOR,ATALMOR
,0,1899-12-30T00:00:00,0,2020-03-31T15:18:42,,0,2020-03-31T15:18:42,e2f70179736211ea80ee000d3a02ed0d,,0,543573d0736211ea80ee000d3a02ed0d,ENTITY,543573ce736211ea80ee000d3a02ed0d,ENTITY,ATALMOR,ATALMOR,ATALMOR
,0,1899-12-30T00:00:00,0,2020-03-31T15:18:42,,0,2020-03-31T15:18:42,e2f7017a736211ea80ee000d3a02ed0d,,0,543573e4736211ea80ee000d3a02ed0d,ENTITY,543573ce736211ea80ee000d3a02ed0d,ENTITY,ATALMOR,ATALMOR,ATALMOR
,0,1899-12-30T00:00:00,0,2020-03-31T15:18:42,,0,2020-03-31T15:18:42,e2f7017b736211ea80ee000d3a02ed0d,,0,543573f8736211ea80ee000d3a02ed0d,ENTITY,543573f6736211ea80ee000d3a02ed0d,ENTITY,ATALMOR,ATALMOR,ATALMOR
,0,1899-12-30T00:00:00,0,2020-03-31T15:18:42,,0,2020-03-31T15:18:42,e2f7017c736211ea80ee000d3a02ed0d,,0,543573fa736211ea80ee000d3a02ed0d,ENTITY,543573f6736211ea80ee000d3a02ed0d,ENTITY,ATALMOR,ATALMOR,ATALMOR
,0,1899-12-30T00:00:00,0,2020-03-31T15:18:42,,0,2020-03-31T15:18:42,e2f7017d736211ea80ee000d3a02ed0d,,0,543573fe736211ea80ee000d3a02ed0d,ENTITY,543573f6736211ea80ee000d3a02ed0d,ENTITY,ATALMOR,ATALMOR,ATALMOR
