@TYPE,@ALLOWAUTOMATICDELETION,@DESCRIPTION,@NAME,@TEMPLATE,@WHENCREATED,@UNIQUEIDENTIFIER,@EXPORTFLAG,@DATEVALIDATED,@VALIDATED,@WHENUPDATED,RCABOVEOBJECT@UNIQUEIDENTIFIER,RCABOVEOBJECT@ANYOBJECTDESTINATION,RCBELOWOBJECT@UNIQUEIDENTIFIER,RCBELOWOBJECT@ANYOBJECTDESTINATION,RCWHOCREATEDTOUSER@UNIQUEIDENTIFIER,RCWHOOWNSTOUSER@UNIQUEIDENTIFIER,RCWHOUPDATEDTOUSER@UNIQUEIDENTIFIER
,0,,,0,2021-12-15T17:52:01,b320e8125dcf11ec8107000d3a02ed0d,0,1899-12-30T00:00:00,0,2021-12-15T17:52:01,b320e8115dcf11ec8107000d3a02ed0d,TMFODACOMPONENT,59974c2df4da11e4aa85002590713bc0,FRAMEWORXFUNCTION,DFREED,DFREED,DFREED
,0,,,0,2021-12-15T17:52:02,b320e81d5dcf11ec8107000d3a02ed0d,0,1899-12-30T00:00:00,0,2021-12-15T17:52:02,b320e8115dcf11ec8107000d3a02ed0d,TMFODACOMPONENT,59974c3ff4da11e4aa85002590713bc0,FRAMEWORXFUNCTION,DFREED,DFREED,DFREED
,0,,,0,2021-12-15T17:52:02,b320e8305dcf11ec8107000d3a02ed0d,0,1899-12-30T00:00:00,0,2021-12-15T17:52:02,b320e8115dcf11ec8107000d3a02ed0d,TMFODACOMPONENT,5f91defcf4da11e4aa85002590713bc0,FRAMEWORXFUNCTION,DFREED,DFREED,DFREED
,0,,,0,2021-12-15T17:52:03,b320e8335dcf11ec8107000d3a02ed0d,0,1899-12-30T00:00:00,0,2021-12-15T17:52:03,b320e8115dcf11ec8107000d3a02ed0d,TMFODACOMPONENT,5f91defff4da11e4aa85002590713bc0,FRAMEWORXFUNCTION,DFREED,DFREED,DFREED
,0,,,0,2021-12-15T17:52:03,b320e8365dcf11ec8107000d3a02ed0d,0,1899-12-30T00:00:00,0,2021-12-15T17:52:03,b320e8115dcf11ec8107000d3a02ed0d,TMFODACOMPONENT,5f91df02f4da11e4aa85002590713bc0,FRAMEWORXFUNCTION,DFREED,DFREED,DFREED
,0,,,0,2021-12-15T17:52:03,b320e83e5dcf11ec8107000d3a02ed0d,0,1899-12-30T00:00:00,0,2021-12-15T17:52:03,b320e83d5dcf11ec8107000d3a02ed0d,TMFODACOMPONENT,5f91df0ef4da11e4aa85002590713bc0,FRAMEWORXFUNCTION,DFREED,DFREED,DFREED
,0,,,0,2021-12-15T17:52:04,b320e84f5dcf11ec8107000d3a02ed0d,0,1899-12-30T00:00:00,0,2021-12-15T17:52:04,b320e8115dcf11ec8107000d3a02ed0d,TMFODACOMPONENT,5f91dfb5f4da11e4aa85002590713bc0,FRAMEWORXFUNCTION,DFREED,DFREED,DFREED
,0,,,0,2021-12-15T17:52:04,b320e8635dcf11ec8107000d3a02ed0d,0,1899-12-30T00:00:00,0,2021-12-15T17:52:04,b320e8625dcf11ec8107000d3a02ed0d,TMFODACOMPONENT,5f91e0d0f4da11e4aa85002590713bc0,FRAMEWORXFUNCTION,DFREED,DFREED,DFREED
,0,,,0,2021-12-15T17:52:05,b320e8745dcf11ec8107000d3a02ed0d,0,1899-12-30T00:00:00,0,2021-12-15T17:52:05,b320e8115dcf11ec8107000d3a02ed0d,TMFODACOMPONENT,8bb26b1a9ea611e6bf18002590713bc0,FRAMEWORXFUNCTION,DFREED,DFREED,DFREED
,0,,,0,2021-12-15T17:52:05,b320e8775dcf11ec8107000d3a02ed0d,0,1899-12-30T00:00:00,0,2021-12-15T17:52:05,b320e8115dcf11ec8107000d3a02ed0d,TMFODACOMPONENT,8bb26b1d9ea611e6bf18002590713bc0,FRAMEWORXFUNCTION,DFREED,DFREED,DFREED
,0,,,0,2021-12-15T17:52:38,c514d3a75dcf11ec8107000d3a02ed0d,0,1899-12-30T00:00:00,0,2021-12-15T17:52:38,c514d3a65dcf11ec8107000d3a02ed0d,TMFODACOMPONENT,658c73e8f4da11e4aa85002590713bc0,FRAMEWORXFUNCTION,DFREED,DFREED,DFREED
,0,,,0,2021-12-15T17:52:38,c514d3aa5dcf11ec8107000d3a02ed0d,0,1899-12-30T00:00:00,0,2021-12-15T17:52:38,c514d3a65dcf11ec8107000d3a02ed0d,TMFODACOMPONENT,658c7428f4da11e4aa85002590713bc0,FRAMEWORXFUNCTION,DFREED,DFREED,DFREED
,0,,,0,2021-12-15T17:52:38,c514d3ae5dcf11ec8107000d3a02ed0d,0,1899-12-30T00:00:00,0,2021-12-15T17:52:38,c514d3ad5dcf11ec8107000d3a02ed0d,TMFODACOMPONENT,658c742ef4da11e4aa85002590713bc0,FRAMEWORXFUNCTION,DFREED,DFREED,DFREED
,0,,,0,2021-12-15T17:52:38,c514d3b15dcf11ec8107000d3a02ed0d,0,1899-12-30T00:00:00,0,2021-12-15T17:52:38,c514d3a65dcf11ec8107000d3a02ed0d,TMFODACOMPONENT,658c7434f4da11e4aa85002590713bc0,FRAMEWORXFUNCTION,DFREED,DFREED,DFREED
,0,,,0,2021-12-15T17:52:38,c514d3b45dcf11ec8107000d3a02ed0d,0,1899-12-30T00:00:00,0,2021-12-15T17:52:38,c514d3a65dcf11ec8107000d3a02ed0d,TMFODACOMPONENT,658c743af4da11e4aa85002590713bc0,FRAMEWORXFUNCTION,DFREED,DFREED,DFREED
,0,,,0,2021-12-15T17:52:39,c514d3c75dcf11ec8107000d3a02ed0d,0,1899-12-30T00:00:00,0,2021-12-15T17:52:39,c514d3a65dcf11ec8107000d3a02ed0d,TMFODACOMPONENT,658c749bf4da11e4aa85002590713bc0,FRAMEWORXFUNCTION,DFREED,DFREED,DFREED
,0,,,0,2021-12-15T17:52:39,c514d3ca5dcf11ec8107000d3a02ed0d,0,1899-12-30T00:00:00,0,2021-12-15T17:52:39,c514d3a65dcf11ec8107000d3a02ed0d,TMFODACOMPONENT,658c749ef4da11e4aa85002590713bc0,FRAMEWORXFUNCTION,DFREED,DFREED,DFREED
,0,,,0,2021-12-15T17:52:39,c514d3cd5dcf11ec8107000d3a02ed0d,0,1899-12-30T00:00:00,0,2021-12-15T17:52:39,c514d3a65dcf11ec8107000d3a02ed0d,TMFODACOMPONENT,658c74a1f4da11e4aa85002590713bc0,FRAMEWORXFUNCTION,DFREED,DFREED,DFREED
,0,,,0,2021-12-15T17:52:40,c514d3d45dcf11ec8107000d3a02ed0d,0,1899-12-30T00:00:00,0,2021-12-15T17:52:40,c514d3a65dcf11ec8107000d3a02ed0d,TMFODACOMPONENT,658c74adf4da11e4aa85002590713bc0,FRAMEWORXFUNCTION,DFREED,DFREED,DFREED
,0,,,0,2021-12-15T17:52:40,c514d3d75dcf11ec8107000d3a02ed0d,0,1899-12-30T00:00:00,0,2021-12-15T17:52:40,c514d3a65dcf11ec8107000d3a02ed0d,TMFODACOMPONENT,658c74b0f4da11e4aa85002590713bc0,FRAMEWORXFUNCTION,DFREED,DFREED,DFREED
,0,,,0,2021-12-15T17:52:40,cb0df3955dcf11ec8107000d3a02ed0d,0,1899-12-30T00:00:00,0,2021-12-15T17:52:40,c514d3a65dcf11ec8107000d3a02ed0d,TMFODACOMPONENT,658c74b3f4da11e4aa85002590713bc0,FRAMEWORXFUNCTION,DFREED,DFREED,DFREED
,0,,,0,2021-12-15T17:52:40,cb0df3985dcf11ec8107000d3a02ed0d,0,1899-12-30T00:00:00,0,2021-12-15T17:52:40,c514d3a65dcf11ec8107000d3a02ed0d,TMFODACOMPONENT,658c74b6f4da11e4aa85002590713bc0,FRAMEWORXFUNCTION,DFREED,DFREED,DFREED
,0,,,0,2021-12-15T17:52:40,cb0df39b5dcf11ec8107000d3a02ed0d,0,1899-12-30T00:00:00,0,2021-12-15T17:52:40,c514d3a65dcf11ec8107000d3a02ed0d,TMFODACOMPONENT,658c74b9f4da11e4aa85002590713bc0,FRAMEWORXFUNCTION,DFREED,DFREED,DFREED
,0,,,0,2021-12-15T17:52:40,cb0df39e5dcf11ec8107000d3a02ed0d,0,1899-12-30T00:00:00,0,2021-12-15T17:52:40,c514d3a65dcf11ec8107000d3a02ed0d,TMFODACOMPONENT,658c74bcf4da11e4aa85002590713bc0,FRAMEWORXFUNCTION,DFREED,DFREED,DFREED
,0,,,0,2021-12-15T17:52:40,cb0df3a15dcf11ec8107000d3a02ed0d,0,1899-12-30T00:00:00,0,2021-12-15T17:52:40,c514d3a65dcf11ec8107000d3a02ed0d,TMFODACOMPONENT,658c74bff4da11e4aa85002590713bc0,FRAMEWORXFUNCTION,DFREED,DFREED,DFREED
,0,,,0,2021-12-15T17:52:40,cb0df3a45dcf11ec8107000d3a02ed0d,0,1899-12-30T00:00:00,0,2021-12-15T17:52:40,c514d3a65dcf11ec8107000d3a02ed0d,TMFODACOMPONENT,658c74c2f4da11e4aa85002590713bc0,FRAMEWORXFUNCTION,DFREED,DFREED,DFREED
,0,,,0,2021-12-15T17:52:40,cb0df3a75dcf11ec8107000d3a02ed0d,0,1899-12-30T00:00:00,0,2021-12-15T17:52:40,c514d3a65dcf11ec8107000d3a02ed0d,TMFODACOMPONENT,658c74d4f4da11e4aa85002590713bc0,FRAMEWORXFUNCTION,DFREED,DFREED,DFREED
,0,,,0,2021-12-15T17:52:41,cb0df3bb5dcf11ec8107000d3a02ed0d,0,1899-12-30T00:00:00,0,2021-12-15T17:52:41,cb0df3ba5dcf11ec8107000d3a02ed0d,TMFODACOMPONENT,5862db8a4f8d11e780ca000d3a02ed0d,FRAMEWORXFUNCTION,DFREED,DFREED,DFREED
,0,,,0,2021-12-15T17:52:41,cb0df3be5dcf11ec8107000d3a02ed0d,0,1899-12-30T00:00:00,0,2021-12-15T17:52:41,cb0df3ba5dcf11ec8107000d3a02ed0d,TMFODACOMPONENT,5862db8d4f8d11e780ca000d3a02ed0d,FRAMEWORXFUNCTION,DFREED,DFREED,DFREED
,0,,,0,2021-12-15T17:52:41,cb0df3c15dcf11ec8107000d3a02ed0d,0,1899-12-30T00:00:00,0,2021-12-15T17:52:41,cb0df3ba5dcf11ec8107000d3a02ed0d,TMFODACOMPONENT,5862db904f8d11e780ca000d3a02ed0d,FRAMEWORXFUNCTION,DFREED,DFREED,DFREED
,0,,,0,2021-12-15T17:52:41,cb0df3c45dcf11ec8107000d3a02ed0d,0,1899-12-30T00:00:00,0,2021-12-15T17:52:41,cb0df3ba5dcf11ec8107000d3a02ed0d,TMFODACOMPONENT,5862db954f8d11e780ca000d3a02ed0d,FRAMEWORXFUNCTION,DFREED,DFREED,DFREED
,0,,,0,2021-12-15T17:52:41,cb0df3c75dcf11ec8107000d3a02ed0d,0,1899-12-30T00:00:00,0,2021-12-15T17:52:41,cb0df3ba5dcf11ec8107000d3a02ed0d,TMFODACOMPONENT,5862db984f8d11e780ca000d3a02ed0d,FRAMEWORXFUNCTION,DFREED,DFREED,DFREED
,0,,,0,2021-12-15T17:52:42,cb0df3ca5dcf11ec8107000d3a02ed0d,0,1899-12-30T00:00:00,0,2021-12-15T17:52:42,cb0df3ba5dcf11ec8107000d3a02ed0d,TMFODACOMPONENT,5862db9b4f8d11e780ca000d3a02ed0d,FRAMEWORXFUNCTION,DFREED,DFREED,DFREED
,0,,,0,2021-12-15T17:52:42,cb0df3cd5dcf11ec8107000d3a02ed0d,0,1899-12-30T00:00:00,0,2021-12-15T17:52:42,cb0df3ba5dcf11ec8107000d3a02ed0d,TMFODACOMPONENT,5e5be0364f8d11e780ca000d3a02ed0d,FRAMEWORXFUNCTION,DFREED,DFREED,DFREED
,0,,,0,2021-12-15T17:52:42,cb0df3d05dcf11ec8107000d3a02ed0d,0,1899-12-30T00:00:00,0,2021-12-15T17:52:42,c514d3a65dcf11ec8107000d3a02ed0d,TMFODACOMPONENT,2bd33d6152be11e780ca000d3a02ed0d,FRAMEWORXFUNCTION,DFREED,DFREED,DFREED
,0,,,0,2021-12-15T17:52:42,cb0df3d35dcf11ec8107000d3a02ed0d,0,1899-12-30T00:00:00,0,2021-12-15T17:52:42,c514d3a65dcf11ec8107000d3a02ed0d,TMFODACOMPONENT,2bd33d6752be11e780ca000d3a02ed0d,FRAMEWORXFUNCTION,DFREED,DFREED,DFREED
,0,,,0,2021-12-15T17:52:42,cb0df3d65dcf11ec8107000d3a02ed0d,0,1899-12-30T00:00:00,0,2021-12-15T17:52:42,c514d3a65dcf11ec8107000d3a02ed0d,TMFODACOMPONENT,2bd33d6952be11e780ca000d3a02ed0d,FRAMEWORXFUNCTION,DFREED,DFREED,DFREED
,0,,,0,2021-12-15T17:52:52,d109b9475dcf11ec8107000d3a02ed0d,0,1899-12-30T00:00:00,0,2021-12-15T17:52:52,d109b9465dcf11ec8107000d3a02ed0d,TMFODACOMPONENT,2bd33d6f52be11e780ca000d3a02ed0d,FRAMEWORXFUNCTION,DFREED,DFREED,DFREED
,0,,,0,2021-12-15T17:52:52,d109b94c5dcf11ec8107000d3a02ed0d,0,1899-12-30T00:00:00,0,2021-12-15T17:52:52,d109b94b5dcf11ec8107000d3a02ed0d,TMFODACOMPONENT,5f91e042f4da11e4aa85002590713bc0,FRAMEWORXFUNCTION,DFREED,DFREED,DFREED
,0,,,0,2021-12-15T17:52:52,d109b9505dcf11ec8107000d3a02ed0d,0,1899-12-30T00:00:00,0,2021-12-15T17:52:52,d109b94f5dcf11ec8107000d3a02ed0d,TMFODACOMPONENT,5f91e085f4da11e4aa85002590713bc0,FRAMEWORXFUNCTION,DFREED,DFREED,DFREED
,0,,,0,2021-12-15T17:52:53,d109b9535dcf11ec8107000d3a02ed0d,0,1899-12-30T00:00:00,0,2021-12-15T17:52:53,d109b94f5dcf11ec8107000d3a02ed0d,TMFODACOMPONENT,5f91e088f4da11e4aa85002590713bc0,FRAMEWORXFUNCTION,DFREED,DFREED,DFREED
,0,,,0,2021-12-15T17:52:53,d109b9575dcf11ec8107000d3a02ed0d,0,1899-12-30T00:00:00,0,2021-12-15T17:52:53,d109b9565dcf11ec8107000d3a02ed0d,TMFODACOMPONENT,658c75a2f4da11e4aa85002590713bc0,FRAMEWORXFUNCTION,DFREED,DFREED,DFREED
,0,,,0,2021-12-15T17:52:53,d109b95a5dcf11ec8107000d3a02ed0d,0,1899-12-30T00:00:00,0,2021-12-15T17:52:53,d109b9565dcf11ec8107000d3a02ed0d,TMFODACOMPONENT,658c75a5f4da11e4aa85002590713bc0,FRAMEWORXFUNCTION,DFREED,DFREED,DFREED
,0,,,0,2021-12-15T17:52:53,d109b95d5dcf11ec8107000d3a02ed0d,0,1899-12-30T00:00:00,0,2021-12-15T17:52:53,d109b9565dcf11ec8107000d3a02ed0d,TMFODACOMPONENT,658c75c6f4da11e4aa85002590713bc0,FRAMEWORXFUNCTION,DFREED,DFREED,DFREED
,0,,,0,2021-12-15T17:52:53,d109b9605dcf11ec8107000d3a02ed0d,0,1899-12-30T00:00:00,0,2021-12-15T17:52:53,d109b9565dcf11ec8107000d3a02ed0d,TMFODACOMPONENT,658c75c9f4da11e4aa85002590713bc0,FRAMEWORXFUNCTION,DFREED,DFREED,DFREED
,0,,,0,2021-12-15T17:52:53,d109b9635dcf11ec8107000d3a02ed0d,0,1899-12-30T00:00:00,0,2021-12-15T17:52:53,d109b9565dcf11ec8107000d3a02ed0d,TMFODACOMPONENT,658c75ccf4da11e4aa85002590713bc0,FRAMEWORXFUNCTION,DFREED,DFREED,DFREED
,0,,,0,2021-12-15T17:52:53,d109b9665dcf11ec8107000d3a02ed0d,0,1899-12-30T00:00:00,0,2021-12-15T17:52:53,d109b9465dcf11ec8107000d3a02ed0d,TMFODACOMPONENT,658c75cff4da11e4aa85002590713bc0,FRAMEWORXFUNCTION,DFREED,DFREED,DFREED
,0,,,0,2021-12-15T17:52:53,d109b9695dcf11ec8107000d3a02ed0d,0,1899-12-30T00:00:00,0,2021-12-15T17:52:53,d109b9565dcf11ec8107000d3a02ed0d,TMFODACOMPONENT,658c75d5f4da11e4aa85002590713bc0,FRAMEWORXFUNCTION,DFREED,DFREED,DFREED
,0,,,0,2021-12-15T17:52:53,d109b96c5dcf11ec8107000d3a02ed0d,0,1899-12-30T00:00:00,0,2021-12-15T17:52:53,d109b9565dcf11ec8107000d3a02ed0d,TMFODACOMPONENT,658c75d8f4da11e4aa85002590713bc0,FRAMEWORXFUNCTION,DFREED,DFREED,DFREED
,0,,,0,2021-12-15T17:52:53,d109b96f5dcf11ec8107000d3a02ed0d,0,1899-12-30T00:00:00,0,2021-12-15T17:52:53,d109b9565dcf11ec8107000d3a02ed0d,TMFODACOMPONENT,658c75dbf4da11e4aa85002590713bc0,FRAMEWORXFUNCTION,DFREED,DFREED,DFREED
,0,,,0,2021-12-15T17:52:53,d109b9725dcf11ec8107000d3a02ed0d,0,1899-12-30T00:00:00,0,2021-12-15T17:52:53,d109b9565dcf11ec8107000d3a02ed0d,TMFODACOMPONENT,658c75def4da11e4aa85002590713bc0,FRAMEWORXFUNCTION,DFREED,DFREED,DFREED
,0,,,0,2021-12-15T17:52:54,d109b9755dcf11ec8107000d3a02ed0d,0,1899-12-30T00:00:00,0,2021-12-15T17:52:54,d109b9565dcf11ec8107000d3a02ed0d,TMFODACOMPONENT,658c75e1f4da11e4aa85002590713bc0,FRAMEWORXFUNCTION,DFREED,DFREED,DFREED
,0,,,0,2021-12-15T17:52:54,d109b9785dcf11ec8107000d3a02ed0d,0,1899-12-30T00:00:00,0,2021-12-15T17:52:54,d109b9565dcf11ec8107000d3a02ed0d,TMFODACOMPONENT,658c75e7f4da11e4aa85002590713bc0,FRAMEWORXFUNCTION,DFREED,DFREED,DFREED
,0,,,0,2021-12-15T17:52:54,d109b97b5dcf11ec8107000d3a02ed0d,0,1899-12-30T00:00:00,0,2021-12-15T17:52:54,d109b9565dcf11ec8107000d3a02ed0d,TMFODACOMPONENT,658c75eaf4da11e4aa85002590713bc0,FRAMEWORXFUNCTION,DFREED,DFREED,DFREED
,0,,,0,2021-12-15T17:52:54,d109b97e5dcf11ec8107000d3a02ed0d,0,1899-12-30T00:00:00,0,2021-12-15T17:52:54,d109b9565dcf11ec8107000d3a02ed0d,TMFODACOMPONENT,658c75edf4da11e4aa85002590713bc0,FRAMEWORXFUNCTION,DFREED,DFREED,DFREED
,0,,,0,2021-12-15T17:52:54,d109b9815dcf11ec8107000d3a02ed0d,0,1899-12-30T00:00:00,0,2021-12-15T17:52:54,d109b9465dcf11ec8107000d3a02ed0d,TMFODACOMPONENT,658c75f0f4da11e4aa85002590713bc0,FRAMEWORXFUNCTION,DFREED,DFREED,DFREED
,0,,,0,2021-12-15T17:52:54,d109b9845dcf11ec8107000d3a02ed0d,0,1899-12-30T00:00:00,0,2021-12-15T17:52:54,d109b9565dcf11ec8107000d3a02ed0d,TMFODACOMPONENT,658c75f3f4da11e4aa85002590713bc0,FRAMEWORXFUNCTION,DFREED,DFREED,DFREED
,0,,,0,2021-12-15T17:52:54,d109b9875dcf11ec8107000d3a02ed0d,0,1899-12-30T00:00:00,0,2021-12-15T17:52:54,d109b9565dcf11ec8107000d3a02ed0d,TMFODACOMPONENT,658c75f6f4da11e4aa85002590713bc0,FRAMEWORXFUNCTION,DFREED,DFREED,DFREED
,0,,,0,2021-12-15T17:52:54,d109b98a5dcf11ec8107000d3a02ed0d,0,1899-12-30T00:00:00,0,2021-12-15T17:52:54,d109b9565dcf11ec8107000d3a02ed0d,TMFODACOMPONENT,658c75f9f4da11e4aa85002590713bc0,FRAMEWORXFUNCTION,DFREED,DFREED,DFREED
,0,,,0,2021-12-15T17:52:54,d109b98e5dcf11ec8107000d3a02ed0d,0,1899-12-30T00:00:00,0,2021-12-15T17:52:54,d109b9565dcf11ec8107000d3a02ed0d,TMFODACOMPONENT,5862db574f8d11e780ca000d3a02ed0d,FRAMEWORXFUNCTION,DFREED,DFREED,DFREED
,0,,,0,2021-12-15T17:52:55,d109b9915dcf11ec8107000d3a02ed0d,0,1899-12-30T00:00:00,0,2021-12-15T17:52:55,d109b9465dcf11ec8107000d3a02ed0d,TMFODACOMPONENT,5862db5a4f8d11e780ca000d3a02ed0d,FRAMEWORXFUNCTION,DFREED,DFREED,DFREED
,0,,,0,2021-12-15T17:52:55,d109b9965dcf11ec8107000d3a02ed0d,0,1899-12-30T00:00:00,0,2021-12-15T17:52:55,d109b9565dcf11ec8107000d3a02ed0d,TMFODACOMPONENT,2bd33d6c52be11e780ca000d3a02ed0d,FRAMEWORXFUNCTION,DFREED,DFREED,DFREED
,0,,,0,2021-12-15T17:52:55,d109b9995dcf11ec8107000d3a02ed0d,0,1899-12-30T00:00:00,0,2021-12-15T17:52:55,d109b9565dcf11ec8107000d3a02ed0d,TMFODACOMPONENT,2bd33d7b52be11e780ca000d3a02ed0d,FRAMEWORXFUNCTION,DFREED,DFREED,DFREED
,0,,,0,2021-12-15T17:52:55,d109b99c5dcf11ec8107000d3a02ed0d,0,1899-12-30T00:00:00,0,2021-12-15T17:52:55,d109b9565dcf11ec8107000d3a02ed0d,TMFODACOMPONENT,2bd33d7e52be11e780ca000d3a02ed0d,FRAMEWORXFUNCTION,DFREED,DFREED,DFREED
,0,,,0,2021-12-15T17:52:55,d109b99f5dcf11ec8107000d3a02ed0d,0,1899-12-30T00:00:00,0,2021-12-15T17:52:55,d109b9565dcf11ec8107000d3a02ed0d,TMFODACOMPONENT,f434ce9bb35a11eb80ff000d3a02ed0d,FRAMEWORXFUNCTION,DFREED,DFREED,DFREED
,0,,,0,2021-12-15T17:52:56,d109b9b35dcf11ec8107000d3a02ed0d,0,1899-12-30T00:00:00,0,2021-12-15T17:52:56,d109b9b25dcf11ec8107000d3a02ed0d,TMFODACOMPONENT,2753398bf2f011e880dc000d3a02ed0d,FRAMEWORXFUNCTION,DFREED,DFREED,DFREED
,0,,,0,2021-12-15T17:52:56,d109b9c35dcf11ec8107000d3a02ed0d,0,1899-12-30T00:00:00,0,2021-12-15T17:52:56,d109b9465dcf11ec8107000d3a02ed0d,TMFODACOMPONENT,658c75e4f4da11e4aa85002590713bc0,FRAMEWORXFUNCTION,DFREED,DFREED,DFREED
,0,,,0,2021-12-15T17:52:57,d109b9d25dcf11ec8107000d3a02ed0d,0,1899-12-30T00:00:00,0,2021-12-15T17:52:57,d109b9465dcf11ec8107000d3a02ed0d,TMFODACOMPONENT,2bd33d7252be11e780ca000d3a02ed0d,FRAMEWORXFUNCTION,DFREED,DFREED,DFREED
