@TYPE,@UNIQUEIDENTIFIER,@ALLOWAUTOMATICDELETION,@WHENUPDATED,@EXPORTFLAG,@DATEVALIDATED,@TEMPLATE,@DESCRIPTION,@WHENCREATED,@NAME,@VALIDATED,RCABOVEOBJECT@UNIQUEIDENTIFIER,RCABOVEOBJECT@ANYOBJECTDESTINATION,RCBELOWOBJECT@UNIQUEIDENTIFIER,RCBELOWOBJECT@ANYOBJECTDESTINATION,RCWHOCREATEDTOUSER@WHOCREATED,RCWHOOWNSTOUSER@WHOOWNS,RCWHOUPDATEDTOUSER@WHOUPDATED
,7b8fb8d55e8a11e4925a6817294aebff,0,2014-10-28T04:09:28,0,1899-12-30T00:00:00,0,,2014-10-28T04:09:28,,0,81a40e0d5e8a11e4925a6817294aebff,FRAMEWORXTOUCHPOINT,cd0c299b5e8911e4925a6817294aebff,FRAMEWORXBUSINESSSCENARIO,32,32,32
,b1324842f4dd11e4aa85002590713bc0,0,2015-05-07T11:23:00,0,1899-12-30T00:00:00,0,,2015-05-07T11:23:00,,0,dd85868f5f4711e4b023002590713bc0,FRAMEWORXTOUCHPOINT,b1324841f4dd11e4aa85002590713bc0,FRAMEWORXBUSINESSSCENARIO,32,32,32
,b1324844f4dd11e4aa85002590713bc0,0,2015-05-07T11:23:01,0,1899-12-30T00:00:00,0,,2015-05-07T11:23:01,,0,e9c33fda5e8711e4925a6817294aebff,FRAMEWORXTOUCHPOINT,e38198665e8711e4925a6817294aebff,FRAMEWORXBUSINESSSCENARIO,32,32,32
,b1324846f4dd11e4aa85002590713bc0,0,2015-05-07T11:23:02,0,1899-12-30T00:00:00,0,,2015-05-07T11:23:02,,0,f159a6dc5e8711e4925a6817294aebff,FRAMEWORXTOUCHPOINT,e9c33fdb5e8711e4925a6817294aebff,FRAMEWORXBUSINESSSCENARIO,32,32,32
,b1324848f4dd11e4aa85002590713bc0,0,2015-05-07T11:23:02,0,1899-12-30T00:00:00,0,,2015-05-07T11:23:02,,0,fe85944b5e8711e4925a6817294aebff,FRAMEWORXTOUCHPOINT,f159a6dd5e8711e4925a6817294aebff,FRAMEWORXBUSINESSSCENARIO,32,32,32
,b132484af4dd11e4aa85002590713bc0,0,2015-05-07T11:23:03,0,1899-12-30T00:00:00,0,,2015-05-07T11:23:03,,0,063724d25e8811e4925a6817294aebff,FRAMEWORXTOUCHPOINT,f159a6dd5e8711e4925a6817294aebff,FRAMEWORXBUSINESSSCENARIO,32,32,32
,b132484cf4dd11e4aa85002590713bc0,0,2015-05-07T11:23:03,0,1899-12-30T00:00:00,0,,2015-05-07T11:23:03,,0,0d849ae25e8811e4925a6817294aebff,FRAMEWORXTOUCHPOINT,f159a6dd5e8711e4925a6817294aebff,FRAMEWORXBUSINESSSCENARIO,32,32,32
,b75c785df4dd11e4aa85002590713bc0,0,2015-05-07T11:23:04,0,1899-12-30T00:00:00,0,,2015-05-07T11:23:04,,0,1490731c5e8811e4925a6817294aebff,FRAMEWORXTOUCHPOINT,0d849ae35e8811e4925a6817294aebff,FRAMEWORXBUSINESSSCENARIO,32,32,32
,b75c785ff4dd11e4aa85002590713bc0,0,2015-05-07T11:23:04,0,1899-12-30T00:00:00,0,,2015-05-07T11:23:04,,0,1bf5de565e8811e4925a6817294aebff,FRAMEWORXTOUCHPOINT,0d849ae35e8811e4925a6817294aebff,FRAMEWORXBUSINESSSCENARIO,32,32,32
,b75c7861f4dd11e4aa85002590713bc0,0,2015-05-07T11:23:05,0,1899-12-30T00:00:00,0,,2015-05-07T11:23:05,,0,23432d555e8811e4925a6817294aebff,FRAMEWORXTOUCHPOINT,0d849ae35e8811e4925a6817294aebff,FRAMEWORXBUSINESSSCENARIO,32,32,32
,b75c7863f4dd11e4aa85002590713bc0,0,2015-05-07T11:23:06,0,1899-12-30T00:00:00,0,,2015-05-07T11:23:06,,0,3059bdb25e8811e4925a6817294aebff,FRAMEWORXTOUCHPOINT,23432d565e8811e4925a6817294aebff,FRAMEWORXBUSINESSSCENARIO,32,32,32
,b75c7865f4dd11e4aa85002590713bc0,0,2015-05-07T11:23:06,0,1899-12-30T00:00:00,0,,2015-05-07T11:23:06,,0,37df0d745e8811e4925a6817294aebff,FRAMEWORXTOUCHPOINT,3059bdb35e8811e4925a6817294aebff,FRAMEWORXBUSINESSSCENARIO,32,32,32
,b75c7867f4dd11e4aa85002590713bc0,0,2015-05-07T11:23:07,0,1899-12-30T00:00:00,0,,2015-05-07T11:23:07,,0,3eb5cb295e8811e4925a6817294aebff,FRAMEWORXTOUCHPOINT,37df0d755e8811e4925a6817294aebff,FRAMEWORXBUSINESSSCENARIO,32,32,32
,b75c7869f4dd11e4aa85002590713bc0,0,2015-05-07T11:23:08,0,1899-12-30T00:00:00,0,,2015-05-07T11:23:08,,0,4597fab65e8811e4925a6817294aebff,FRAMEWORXTOUCHPOINT,37df0d755e8811e4925a6817294aebff,FRAMEWORXBUSINESSSCENARIO,32,32,32
,b75c786bf4dd11e4aa85002590713bc0,0,2015-05-07T11:23:08,0,1899-12-30T00:00:00,0,,2015-05-07T11:23:08,,0,4cae33565e8811e4925a6817294aebff,FRAMEWORXTOUCHPOINT,37df0d755e8811e4925a6817294aebff,FRAMEWORXBUSINESSSCENARIO,32,32,32
,b75c786df4dd11e4aa85002590713bc0,0,2015-05-07T11:23:09,0,1899-12-30T00:00:00,0,,2015-05-07T11:23:09,,0,5a61a2405e8811e4925a6817294aebff,FRAMEWORXTOUCHPOINT,53ca5f7a5e8811e4925a6817294aebff,FRAMEWORXBUSINESSSCENARIO,32,32,32
,b75c786ff4dd11e4aa85002590713bc0,0,2015-05-07T11:23:09,0,1899-12-30T00:00:00,0,,2015-05-07T11:23:09,,0,617edfdb5e8811e4925a6817294aebff,FRAMEWORXTOUCHPOINT,53ca5f7a5e8811e4925a6817294aebff,FRAMEWORXBUSINESSSCENARIO,32,32,32
,b75c7872f4dd11e4aa85002590713bc0,0,2015-05-07T11:23:11,0,1899-12-30T00:00:00,0,,2015-05-07T11:23:11,,0,6fcb0e965e8811e4925a6817294aebff,FRAMEWORXTOUCHPOINT,617edfdc5e8811e4925a6817294aebff,FRAMEWORXBUSINESSSCENARIO,32,32,32
,b75c7873f4dd11e4aa85002590713bc0,0,2015-05-07T11:23:11,0,1899-12-30T00:00:00,0,,2015-05-07T11:23:11,,0,6fcb0e965e8811e4925a6817294aebff,FRAMEWORXTOUCHPOINT,617edfdd5e8811e4925a6817294aebff,FRAMEWORXBUSINESSSCENARIO,32,32,32
,b75c7874f4dd11e4aa85002590713bc0,0,2015-05-07T11:23:11,0,1899-12-30T00:00:00,0,,2015-05-07T11:23:11,,0,6fcb0e965e8811e4925a6817294aebff,FRAMEWORXTOUCHPOINT,691aec405e8811e4925a6817294aebff,FRAMEWORXBUSINESSSCENARIO,32,32,32
,b75c7875f4dd11e4aa85002590713bc0,0,2015-05-07T11:23:11,0,1899-12-30T00:00:00,0,,2015-05-07T11:23:11,,0,6fcb0e965e8811e4925a6817294aebff,FRAMEWORXTOUCHPOINT,691aec415e8811e4925a6817294aebff,FRAMEWORXBUSINESSSCENARIO,32,32,32
,b75c7876f4dd11e4aa85002590713bc0,0,2015-05-07T11:23:11,0,1899-12-30T00:00:00,0,,2015-05-07T11:23:11,,0,6fcb0e965e8811e4925a6817294aebff,FRAMEWORXTOUCHPOINT,b75c7871f4dd11e4aa85002590713bc0,FRAMEWORXBUSINESSSCENARIO,32,32,32
,b75c787df4dd11e4aa85002590713bc0,0,2015-05-07T11:23:12,0,1899-12-30T00:00:00,0,,2015-05-07T11:23:12,,0,76e3df505e8811e4925a6817294aebff,FRAMEWORXTOUCHPOINT,617edfdd5e8811e4925a6817294aebff,FRAMEWORXBUSINESSSCENARIO,32,32,32
,bde37e5ef4dd11e4aa85002590713bc0,0,2015-05-07T11:23:15,0,1899-12-30T00:00:00,0,,2015-05-07T11:23:15,,0,9d3f28d65e8811e4925a6817294aebff,FRAMEWORXTOUCHPOINT,7eccfb635e8811e4925a6817294aebff,FRAMEWORXBUSINESSSCENARIO,32,32,32
,bde37e5ff4dd11e4aa85002590713bc0,0,2015-05-07T11:23:15,0,1899-12-30T00:00:00,0,,2015-05-07T11:23:15,,0,9d3f28d65e8811e4925a6817294aebff,FRAMEWORXTOUCHPOINT,7eccfb645e8811e4925a6817294aebff,FRAMEWORXBUSINESSSCENARIO,32,32,32
,bde37e60f4dd11e4aa85002590713bc0,0,2015-05-07T11:23:15,0,1899-12-30T00:00:00,0,,2015-05-07T11:23:15,,0,9d3f28d65e8811e4925a6817294aebff,FRAMEWORXTOUCHPOINT,7eccfb655e8811e4925a6817294aebff,FRAMEWORXBUSINESSSCENARIO,32,32,32
,bde37e61f4dd11e4aa85002590713bc0,0,2015-05-07T11:23:15,0,1899-12-30T00:00:00,0,,2015-05-07T11:23:15,,0,9d3f28d65e8811e4925a6817294aebff,FRAMEWORXTOUCHPOINT,84d8ec0d5e8811e4925a6817294aebff,FRAMEWORXBUSINESSSCENARIO,32,32,32
,bde37e62f4dd11e4aa85002590713bc0,0,2015-05-07T11:23:15,0,1899-12-30T00:00:00,0,,2015-05-07T11:23:15,,0,9d3f28d65e8811e4925a6817294aebff,FRAMEWORXTOUCHPOINT,84d8ec0e5e8811e4925a6817294aebff,FRAMEWORXBUSINESSSCENARIO,32,32,32
,bde37e63f4dd11e4aa85002590713bc0,0,2015-05-07T11:23:15,0,1899-12-30T00:00:00,0,,2015-05-07T11:23:15,,0,9d3f28d65e8811e4925a6817294aebff,FRAMEWORXTOUCHPOINT,84d8ec0f5e8811e4925a6817294aebff,FRAMEWORXBUSINESSSCENARIO,32,32,32
,bde37e64f4dd11e4aa85002590713bc0,0,2015-05-07T11:23:15,0,1899-12-30T00:00:00,0,,2015-05-07T11:23:15,,0,9d3f28d65e8811e4925a6817294aebff,FRAMEWORXTOUCHPOINT,8aeb6c805e8811e4925a6817294aebff,FRAMEWORXBUSINESSSCENARIO,32,32,32
,bde37e65f4dd11e4aa85002590713bc0,0,2015-05-07T11:23:15,0,1899-12-30T00:00:00,0,,2015-05-07T11:23:15,,0,9d3f28d65e8811e4925a6817294aebff,FRAMEWORXTOUCHPOINT,617edfdc5e8811e4925a6817294aebff,FRAMEWORXBUSINESSSCENARIO,32,32,32
,bde37e66f4dd11e4aa85002590713bc0,0,2015-05-07T11:23:15,0,1899-12-30T00:00:00,0,,2015-05-07T11:23:15,,0,9d3f28d65e8811e4925a6817294aebff,FRAMEWORXTOUCHPOINT,617edfdd5e8811e4925a6817294aebff,FRAMEWORXBUSINESSSCENARIO,32,32,32
,bde37e67f4dd11e4aa85002590713bc0,0,2015-05-07T11:23:15,0,1899-12-30T00:00:00,0,,2015-05-07T11:23:15,,0,9d3f28d65e8811e4925a6817294aebff,FRAMEWORXTOUCHPOINT,e9c33fdb5e8711e4925a6817294aebff,FRAMEWORXBUSINESSSCENARIO,32,32,32
,bde37e68f4dd11e4aa85002590713bc0,0,2015-05-07T11:23:15,0,1899-12-30T00:00:00,0,,2015-05-07T11:23:15,,0,9d3f28d65e8811e4925a6817294aebff,FRAMEWORXTOUCHPOINT,691aec405e8811e4925a6817294aebff,FRAMEWORXBUSINESSSCENARIO,32,32,32
,bde37e69f4dd11e4aa85002590713bc0,0,2015-05-07T11:23:15,0,1899-12-30T00:00:00,0,,2015-05-07T11:23:15,,0,9d3f28d65e8811e4925a6817294aebff,FRAMEWORXTOUCHPOINT,8aeb6c815e8811e4925a6817294aebff,FRAMEWORXBUSINESSSCENARIO,32,32,32
,bde37e6af4dd11e4aa85002590713bc0,0,2015-05-07T11:23:15,0,1899-12-30T00:00:00,0,,2015-05-07T11:23:15,,0,9d3f28d65e8811e4925a6817294aebff,FRAMEWORXTOUCHPOINT,9111753c5e8811e4925a6817294aebff,FRAMEWORXBUSINESSSCENARIO,32,32,32
,bde37e6bf4dd11e4aa85002590713bc0,0,2015-05-07T11:23:15,0,1899-12-30T00:00:00,0,,2015-05-07T11:23:15,,0,9d3f28d65e8811e4925a6817294aebff,FRAMEWORXTOUCHPOINT,9111753d5e8811e4925a6817294aebff,FRAMEWORXBUSINESSSCENARIO,32,32,32
,bde37e6cf4dd11e4aa85002590713bc0,0,2015-05-07T11:23:15,0,1899-12-30T00:00:00,0,,2015-05-07T11:23:15,,0,9d3f28d65e8811e4925a6817294aebff,FRAMEWORXTOUCHPOINT,bde37e5df4dd11e4aa85002590713bc0,FRAMEWORXBUSINESSSCENARIO,32,32,32
,bde37e74f4dd11e4aa85002590713bc0,0,2015-05-07T11:23:16,0,1899-12-30T00:00:00,0,,2015-05-07T11:23:16,,0,a3fb80585e8811e4925a6817294aebff,FRAMEWORXTOUCHPOINT,691aec405e8811e4925a6817294aebff,FRAMEWORXBUSINESSSCENARIO,32,32,32
,bde37e75f4dd11e4aa85002590713bc0,0,2015-05-07T11:23:16,0,1899-12-30T00:00:00,0,,2015-05-07T11:23:16,,0,a3fb80585e8811e4925a6817294aebff,FRAMEWORXTOUCHPOINT,8aeb6c815e8811e4925a6817294aebff,FRAMEWORXBUSINESSSCENARIO,32,32,32
,bde37e76f4dd11e4aa85002590713bc0,0,2015-05-07T11:23:16,0,1899-12-30T00:00:00,0,,2015-05-07T11:23:16,,0,a3fb80585e8811e4925a6817294aebff,FRAMEWORXTOUCHPOINT,9111753c5e8811e4925a6817294aebff,FRAMEWORXBUSINESSSCENARIO,32,32,32
,bde37e78f4dd11e4aa85002590713bc0,0,2015-05-07T11:23:17,0,1899-12-30T00:00:00,0,,2015-05-07T11:23:17,,0,ac9d67d35e8811e4925a6817294aebff,FRAMEWORXTOUCHPOINT,691aec405e8811e4925a6817294aebff,FRAMEWORXBUSINESSSCENARIO,32,32,32
,bde37e79f4dd11e4aa85002590713bc0,0,2015-05-07T11:23:17,0,1899-12-30T00:00:00,0,,2015-05-07T11:23:17,,0,ac9d67d35e8811e4925a6817294aebff,FRAMEWORXTOUCHPOINT,8aeb6c815e8811e4925a6817294aebff,FRAMEWORXBUSINESSSCENARIO,32,32,32
,bde37e7af4dd11e4aa85002590713bc0,0,2015-05-07T11:23:17,0,1899-12-30T00:00:00,0,,2015-05-07T11:23:17,,0,ac9d67d35e8811e4925a6817294aebff,FRAMEWORXTOUCHPOINT,9111753c5e8811e4925a6817294aebff,FRAMEWORXBUSINESSSCENARIO,32,32,32
,bde37e7cf4dd11e4aa85002590713bc0,0,2015-05-07T11:23:17,0,1899-12-30T00:00:00,0,,2015-05-07T11:23:17,,0,b43d44d65e8811e4925a6817294aebff,FRAMEWORXTOUCHPOINT,617edfdd5e8811e4925a6817294aebff,FRAMEWORXBUSINESSSCENARIO,32,32,32
,bde37e7ef4dd11e4aa85002590713bc0,0,2015-05-07T11:23:18,0,1899-12-30T00:00:00,0,,2015-05-07T11:23:18,,0,bc19b68e5e8811e4925a6817294aebff,FRAMEWORXTOUCHPOINT,691aec405e8811e4925a6817294aebff,FRAMEWORXBUSINESSSCENARIO,32,32,32
,bde37e7ff4dd11e4aa85002590713bc0,0,2015-05-07T11:23:18,0,1899-12-30T00:00:00,0,,2015-05-07T11:23:18,,0,bc19b68e5e8811e4925a6817294aebff,FRAMEWORXTOUCHPOINT,8aeb6c815e8811e4925a6817294aebff,FRAMEWORXBUSINESSSCENARIO,32,32,32
,bde37e81f4dd11e4aa85002590713bc0,0,2015-05-07T11:23:19,0,1899-12-30T00:00:00,0,,2015-05-07T11:23:19,,0,c3ae96e95e8811e4925a6817294aebff,FRAMEWORXTOUCHPOINT,8aeb6c815e8811e4925a6817294aebff,FRAMEWORXBUSINESSSCENARIO,32,32,32
,bde37e83f4dd11e4aa85002590713bc0,0,2015-05-07T11:23:19,0,1899-12-30T00:00:00,0,,2015-05-07T11:23:19,,0,d174f1d85e8811e4925a6817294aebff,FRAMEWORXTOUCHPOINT,cb16c1495e8811e4925a6817294aebff,FRAMEWORXBUSINESSSCENARIO,32,32,32
,bde37e85f4dd11e4aa85002590713bc0,0,2015-05-07T11:23:20,0,1899-12-30T00:00:00,0,,2015-05-07T11:23:20,,0,d8e7cac65e8811e4925a6817294aebff,FRAMEWORXTOUCHPOINT,d174f1d95e8811e4925a6817294aebff,FRAMEWORXBUSINESSSCENARIO,32,32,32
,bde37e87f4dd11e4aa85002590713bc0,0,2015-05-07T11:23:21,0,1899-12-30T00:00:00,0,,2015-05-07T11:23:21,,0,e56b8edd5e8811e4925a6817294aebff,FRAMEWORXTOUCHPOINT,df093f8f5e8811e4925a6817294aebff,FRAMEWORXBUSINESSSCENARIO,32,32,32
,bde37e89f4dd11e4aa85002590713bc0,0,2015-05-07T11:23:21,0,1899-12-30T00:00:00,0,,2015-05-07T11:23:21,,0,ecdb81905e8811e4925a6817294aebff,FRAMEWORXTOUCHPOINT,e56b8ede5e8811e4925a6817294aebff,FRAMEWORXBUSINESSSCENARIO,32,32,32
,bde37e8ff4dd11e4aa85002590713bc0,0,2015-05-07T11:23:23,0,1899-12-30T00:00:00,0,,2015-05-07T11:23:23,,0,09c29c685e8911e4925a6817294aebff,FRAMEWORXTOUCHPOINT,02c4f5335e8911e4925a6817294aebff,FRAMEWORXBUSINESSSCENARIO,32,32,32
,bde37e93f4dd11e4aa85002590713bc0,0,2015-05-07T11:23:25,0,1899-12-30T00:00:00,0,,2015-05-07T11:23:25,,0,2cb189295e8911e4925a6817294aebff,FRAMEWORXTOUCHPOINT,1f2292b45e8911e4925a6817294aebff,FRAMEWORXBUSINESSSCENARIO,32,32,32
,bde37e94f4dd11e4aa85002590713bc0,0,2015-05-07T11:23:25,0,1899-12-30T00:00:00,0,,2015-05-07T11:23:25,,0,2cb189295e8911e4925a6817294aebff,FRAMEWORXTOUCHPOINT,1f2292b55e8911e4925a6817294aebff,FRAMEWORXBUSINESSSCENARIO,32,32,32
,c41e5854f4dd11e4aa85002590713bc0,0,2015-05-07T11:23:25,0,1899-12-30T00:00:00,0,,2015-05-07T11:23:25,,0,33e0ef795e8911e4925a6817294aebff,FRAMEWORXTOUCHPOINT,2cb1892a5e8911e4925a6817294aebff,FRAMEWORXBUSINESSSCENARIO,32,32,32
,c41e5856f4dd11e4aa85002590713bc0,0,2015-05-07T11:23:26,0,1899-12-30T00:00:00,0,,2015-05-07T11:23:26,,0,424ed77c5e8911e4925a6817294aebff,FRAMEWORXTOUCHPOINT,3c05b5dc5e8911e4925a6817294aebff,FRAMEWORXBUSINESSSCENARIO,32,32,32
,c41e5858f4dd11e4aa85002590713bc0,0,2015-05-07T11:23:27,0,1899-12-30T00:00:00,0,,2015-05-07T11:23:27,,0,49d734895e8911e4925a6817294aebff,FRAMEWORXTOUCHPOINT,424ed77d5e8911e4925a6817294aebff,FRAMEWORXBUSINESSSCENARIO,32,32,32
,c41e585af4dd11e4aa85002590713bc0,0,2015-05-07T11:23:27,0,1899-12-30T00:00:00,0,,2015-05-07T11:23:27,,0,50ccc5515e8911e4925a6817294aebff,FRAMEWORXTOUCHPOINT,49d7348a5e8911e4925a6817294aebff,FRAMEWORXBUSINESSSCENARIO,32,32,32
,c41e585cf4dd11e4aa85002590713bc0,0,2015-05-07T11:23:28,0,1899-12-30T00:00:00,0,,2015-05-07T11:23:28,,0,57ba18995e8911e4925a6817294aebff,FRAMEWORXTOUCHPOINT,50ccc5525e8911e4925a6817294aebff,FRAMEWORXBUSINESSSCENARIO,32,32,32
,c41e585ef4dd11e4aa85002590713bc0,0,2015-05-07T11:23:29,0,1899-12-30T00:00:00,0,,2015-05-07T11:23:29,,0,5ee400945e8911e4925a6817294aebff,FRAMEWORXTOUCHPOINT,5ee400905e8911e4925a6817294aebff,FRAMEWORXBUSINESSSCENARIO,32,32,32
,c41e5860f4dd11e4aa85002590713bc0,0,2015-05-07T11:23:29,0,1899-12-30T00:00:00,0,,2015-05-07T11:23:29,,0,6d8d92e65e8911e4925a6817294aebff,FRAMEWORXTOUCHPOINT,7eccfb655e8811e4925a6817294aebff,FRAMEWORXBUSINESSSCENARIO,32,32,32
,c41e5861f4dd11e4aa85002590713bc0,0,2015-05-07T11:23:29,0,1899-12-30T00:00:00,0,,2015-05-07T11:23:29,,0,6d8d92e65e8911e4925a6817294aebff,FRAMEWORXTOUCHPOINT,677b12735e8911e4925a6817294aebff,FRAMEWORXBUSINESSSCENARIO,32,32,32
,c41e5863f4dd11e4aa85002590713bc0,0,2015-05-07T11:23:30,0,1899-12-30T00:00:00,0,,2015-05-07T11:23:30,,0,7496d3075e8911e4925a6817294aebff,FRAMEWORXTOUCHPOINT,6d8d92e75e8911e4925a6817294aebff,FRAMEWORXBUSINESSSCENARIO,32,32,32
,c41e5866f4dd11e4aa85002590713bc0,0,2015-05-07T11:23:31,0,1899-12-30T00:00:00,0,,2015-05-07T11:23:31,,0,7b0641e75e8911e4925a6817294aebff,FRAMEWORXTOUCHPOINT,7496d3085e8911e4925a6817294aebff,FRAMEWORXBUSINESSSCENARIO,32,32,32
,c41e5867f4dd11e4aa85002590713bc0,0,2015-05-07T11:23:31,0,1899-12-30T00:00:00,0,,2015-05-07T11:23:31,,0,7b0641e75e8911e4925a6817294aebff,FRAMEWORXTOUCHPOINT,c41e5865f4dd11e4aa85002590713bc0,FRAMEWORXBUSINESSSCENARIO,32,32,32
,c41e586af4dd11e4aa85002590713bc0,0,2015-05-07T11:23:31,0,1899-12-30T00:00:00,0,,2015-05-07T11:23:31,,0,dd8586c75f4711e4b023002590713bc0,FRAMEWORXTOUCHPOINT,b1324841f4dd11e4aa85002590713bc0,FRAMEWORXBUSINESSSCENARIO,32,32,32
,c41e586bf4dd11e4aa85002590713bc0,0,2015-05-07T11:23:31,0,1899-12-30T00:00:00,0,,2015-05-07T11:23:31,,0,817625f95e8911e4925a6817294aebff,FRAMEWORXTOUCHPOINT,7b0641e85e8911e4925a6817294aebff,FRAMEWORXBUSINESSSCENARIO,32,32,32
,c41e586ef4dd11e4aa85002590713bc0,0,2015-05-07T11:23:31,0,1899-12-30T00:00:00,0,,2015-05-07T11:23:31,,0,dd8586d95f4711e4b023002590713bc0,FRAMEWORXTOUCHPOINT,c41e586df4dd11e4aa85002590713bc0,FRAMEWORXBUSINESSSCENARIO,32,32,32
,c41e5874f4dd11e4aa85002590713bc0,0,2015-05-07T11:23:31,0,1899-12-30T00:00:00,0,,2015-05-07T11:23:31,,0,dd8586e75f4711e4b023002590713bc0,FRAMEWORXTOUCHPOINT,b1324841f4dd11e4aa85002590713bc0,FRAMEWORXBUSINESSSCENARIO,32,32,32
,c41e5875f4dd11e4aa85002590713bc0,0,2015-05-07T11:23:32,0,1899-12-30T00:00:00,0,,2015-05-07T11:23:32,,0,8824c1a55e8911e4925a6817294aebff,FRAMEWORXTOUCHPOINT,e9c33fdb5e8711e4925a6817294aebff,FRAMEWORXBUSINESSSCENARIO,32,32,32
,c41e5878f4dd11e4aa85002590713bc0,0,2015-05-07T11:23:33,0,1899-12-30T00:00:00,0,,2015-05-07T11:23:33,,0,8ed028f65e8911e4925a6817294aebff,FRAMEWORXTOUCHPOINT,7496d3085e8911e4925a6817294aebff,FRAMEWORXBUSINESSSCENARIO,32,32,32
,c41e5879f4dd11e4aa85002590713bc0,0,2015-05-07T11:23:33,0,1899-12-30T00:00:00,0,,2015-05-07T11:23:33,,0,8ed028f65e8911e4925a6817294aebff,FRAMEWORXTOUCHPOINT,c41e5877f4dd11e4aa85002590713bc0,FRAMEWORXBUSINESSSCENARIO,32,32,32
,c41e587cf4dd11e4aa85002590713bc0,0,2015-05-07T11:23:33,0,1899-12-30T00:00:00,0,,2015-05-07T11:23:33,,0,dd85870b5f4711e4b023002590713bc0,FRAMEWORXTOUCHPOINT,b1324841f4dd11e4aa85002590713bc0,FRAMEWORXBUSINESSSCENARIO,32,32,32
,c41e587df4dd11e4aa85002590713bc0,0,2015-05-07T11:23:33,0,1899-12-30T00:00:00,0,,2015-05-07T11:23:33,,0,9bbe974c5e8911e4925a6817294aebff,FRAMEWORXTOUCHPOINT,957d8c1a5e8911e4925a6817294aebff,FRAMEWORXBUSINESSSCENARIO,32,32,32
,c41e587ff4dd11e4aa85002590713bc0,0,2015-05-07T11:23:34,0,1899-12-30T00:00:00,0,,2015-05-07T11:23:34,,0,a34f31d85e8911e4925a6817294aebff,FRAMEWORXTOUCHPOINT,9bbe974d5e8911e4925a6817294aebff,FRAMEWORXBUSINESSSCENARIO,32,32,32
,c41e5881f4dd11e4aa85002590713bc0,0,2015-05-07T11:23:35,0,1899-12-30T00:00:00,0,,2015-05-07T11:23:35,,0,a97bf16e5e8911e4925a6817294aebff,FRAMEWORXTOUCHPOINT,617edfdd5e8811e4925a6817294aebff,FRAMEWORXBUSINESSSCENARIO,32,32,32
,ca201145f4dd11e4aa85002590713bc0,0,2015-05-07T11:23:35,0,1899-12-30T00:00:00,0,,2015-05-07T11:23:35,,0,b0a6c3cc5e8911e4925a6817294aebff,FRAMEWORXTOUCHPOINT,7eccfb635e8811e4925a6817294aebff,FRAMEWORXBUSINESSSCENARIO,32,32,32
,ca201147f4dd11e4aa85002590713bc0,0,2015-05-07T11:23:36,0,1899-12-30T00:00:00,0,,2015-05-07T11:23:36,,0,b7e063715e8911e4925a6817294aebff,FRAMEWORXTOUCHPOINT,84d8ec0d5e8811e4925a6817294aebff,FRAMEWORXBUSINESSSCENARIO,32,32,32
,ca201149f4dd11e4aa85002590713bc0,0,2015-05-07T11:23:37,0,1899-12-30T00:00:00,0,,2015-05-07T11:23:37,,0,be7f20645e8911e4925a6817294aebff,FRAMEWORXTOUCHPOINT,b7e063725e8911e4925a6817294aebff,FRAMEWORXBUSINESSSCENARIO,32,32,32
,ca20114cf4dd11e4aa85002590713bc0,0,2015-05-07T11:23:37,0,1899-12-30T00:00:00,0,,2015-05-07T11:23:37,,0,c6a790575e8911e4925a6817294aebff,FRAMEWORXTOUCHPOINT,ca20114bf4dd11e4aa85002590713bc0,FRAMEWORXBUSINESSSCENARIO,32,32,32
,ca20114ff4dd11e4aa85002590713bc0,0,2015-05-07T11:23:38,0,1899-12-30T00:00:00,0,,2015-05-07T11:23:38,,0,d33d56125e8911e4925a6817294aebff,FRAMEWORXTOUCHPOINT,cd0c299b5e8911e4925a6817294aebff,FRAMEWORXBUSINESSSCENARIO,32,32,32
,ca201151f4dd11e4aa85002590713bc0,0,2015-05-07T11:23:38,0,1899-12-30T00:00:00,0,,2015-05-07T11:23:38,,0,d9aee7da5e8911e4925a6817294aebff,FRAMEWORXTOUCHPOINT,d33d56135e8911e4925a6817294aebff,FRAMEWORXBUSINESSSCENARIO,32,32,32
,ca201153f4dd11e4aa85002590713bc0,0,2015-05-07T11:23:39,0,1899-12-30T00:00:00,0,,2015-05-07T11:23:39,,0,e01d6c585e8911e4925a6817294aebff,FRAMEWORXTOUCHPOINT,d9aee7db5e8911e4925a6817294aebff,FRAMEWORXBUSINESSSCENARIO,32,32,32
,ca201155f4dd11e4aa85002590713bc0,0,2015-05-07T11:23:39,0,1899-12-30T00:00:00,0,,2015-05-07T11:23:39,,0,e841214a5e8911e4925a6817294aebff,FRAMEWORXTOUCHPOINT,1f2292b55e8911e4925a6817294aebff,FRAMEWORXBUSINESSSCENARIO,32,32,32
,ca201158f4dd11e4aa85002590713bc0,0,2015-05-07T11:23:40,0,1899-12-30T00:00:00,0,,2015-05-07T11:23:40,,0,f51f62c35e8911e4925a6817294aebff,FRAMEWORXTOUCHPOINT,ef042f9f5e8911e4925a6817294aebff,FRAMEWORXBUSINESSSCENARIO,32,32,32
,ca201159f4dd11e4aa85002590713bc0,0,2015-05-07T11:23:40,0,1899-12-30T00:00:00,0,,2015-05-07T11:23:40,,0,f51f62c35e8911e4925a6817294aebff,FRAMEWORXTOUCHPOINT,ca201157f4dd11e4aa85002590713bc0,FRAMEWORXBUSINESSSCENARIO,32,32,32
,ca20115ef4dd11e4aa85002590713bc0,0,2015-05-07T11:23:41,0,1899-12-30T00:00:00,0,,2015-05-07T11:23:41,,0,fb2fe75f5e8911e4925a6817294aebff,FRAMEWORXTOUCHPOINT,691aec415e8811e4925a6817294aebff,FRAMEWORXBUSINESSSCENARIO,32,32,32
,ca201161f4dd11e4aa85002590713bc0,0,2015-05-07T11:23:42,0,1899-12-30T00:00:00,0,,2015-05-07T11:23:42,,0,0878ac0b5e8a11e4925a6817294aebff,FRAMEWORXTOUCHPOINT,1f2292b45e8911e4925a6817294aebff,FRAMEWORXBUSINESSSCENARIO,32,32,32
,ca201162f4dd11e4aa85002590713bc0,0,2015-05-07T11:23:42,0,1899-12-30T00:00:00,0,,2015-05-07T11:23:42,,0,0878ac0b5e8a11e4925a6817294aebff,FRAMEWORXTOUCHPOINT,1f2292b55e8911e4925a6817294aebff,FRAMEWORXBUSINESSSCENARIO,32,32,32
,ca201164f4dd11e4aa85002590713bc0,0,2015-05-07T11:23:42,0,1899-12-30T00:00:00,0,,2015-05-07T11:23:42,,0,0f81c51a5e8a11e4925a6817294aebff,FRAMEWORXTOUCHPOINT,6d8d92e75e8911e4925a6817294aebff,FRAMEWORXBUSINESSSCENARIO,32,32,32
,ca201166f4dd11e4aa85002590713bc0,0,2015-05-07T11:23:43,0,1899-12-30T00:00:00,0,,2015-05-07T11:23:43,,0,16b60d7c5e8a11e4925a6817294aebff,FRAMEWORXTOUCHPOINT,7496d3085e8911e4925a6817294aebff,FRAMEWORXBUSINESSSCENARIO,32,32,32
,ca201168f4dd11e4aa85002590713bc0,0,2015-05-07T11:23:44,0,1899-12-30T00:00:00,0,,2015-05-07T11:23:44,,0,1d6286405e8a11e4925a6817294aebff,FRAMEWORXTOUCHPOINT,7b0641e85e8911e4925a6817294aebff,FRAMEWORXBUSINESSSCENARIO,32,32,32
,ca20116af4dd11e4aa85002590713bc0,0,2015-05-07T11:23:44,0,1899-12-30T00:00:00,0,,2015-05-07T11:23:44,,0,240f74365e8a11e4925a6817294aebff,FRAMEWORXTOUCHPOINT,2cb1892a5e8911e4925a6817294aebff,FRAMEWORXBUSINESSSCENARIO,32,32,32
,ca20116cf4dd11e4aa85002590713bc0,0,2015-05-07T11:23:45,0,1899-12-30T00:00:00,0,,2015-05-07T11:23:45,,0,2aebd74d5e8a11e4925a6817294aebff,FRAMEWORXTOUCHPOINT,e9c33fdb5e8711e4925a6817294aebff,FRAMEWORXBUSINESSSCENARIO,32,32,32
,d01844b5f4dd11e4aa85002590713bc0,0,2015-05-07T11:23:45,0,1899-12-30T00:00:00,0,,2015-05-07T11:23:45,,0,31f788765e8a11e4925a6817294aebff,FRAMEWORXTOUCHPOINT,7496d3085e8911e4925a6817294aebff,FRAMEWORXBUSINESSSCENARIO,32,32,32
,d01844b7f4dd11e4aa85002590713bc0,0,2015-05-07T11:23:46,0,1899-12-30T00:00:00,0,,2015-05-07T11:23:46,,0,3917d35d5e8a11e4925a6817294aebff,FRAMEWORXTOUCHPOINT,424ed77d5e8911e4925a6817294aebff,FRAMEWORXBUSINESSSCENARIO,32,32,32
,d01844b9f4dd11e4aa85002590713bc0,0,2015-05-07T11:23:47,0,1899-12-30T00:00:00,0,,2015-05-07T11:23:47,,0,3f98f5bf5e8a11e4925a6817294aebff,FRAMEWORXTOUCHPOINT,3917d35e5e8a11e4925a6817294aebff,FRAMEWORXBUSINESSSCENARIO,32,32,32
,d01844bcf4dd11e4aa85002590713bc0,0,2015-05-07T11:23:48,0,1899-12-30T00:00:00,0,,2015-05-07T11:23:48,,0,4cf2d1aa5e8a11e4925a6817294aebff,FRAMEWORXTOUCHPOINT,9bbe974d5e8911e4925a6817294aebff,FRAMEWORXBUSINESSSCENARIO,32,32,32
,d01844bef4dd11e4aa85002590713bc0,0,2015-05-07T11:23:48,0,1899-12-30T00:00:00,0,,2015-05-07T11:23:48,,0,5328e0345e8a11e4925a6817294aebff,FRAMEWORXTOUCHPOINT,617edfdd5e8811e4925a6817294aebff,FRAMEWORXBUSINESSSCENARIO,32,32,32
,d01844c2f4dd11e4aa85002590713bc0,0,2015-05-07T11:23:49,0,1899-12-30T00:00:00,0,,2015-05-07T11:23:49,,0,5a1018e35e8a11e4925a6817294aebff,FRAMEWORXTOUCHPOINT,7eccfb635e8811e4925a6817294aebff,FRAMEWORXBUSINESSSCENARIO,32,32,32
,d01844c4f4dd11e4aa85002590713bc0,0,2015-05-07T11:23:50,0,1899-12-30T00:00:00,0,,2015-05-07T11:23:50,,0,60db3dab5e8a11e4925a6817294aebff,FRAMEWORXTOUCHPOINT,84d8ec0d5e8811e4925a6817294aebff,FRAMEWORXBUSINESSSCENARIO,32,32,32
,d01844c6f4dd11e4aa85002590713bc0,0,2015-05-07T11:23:50,0,1899-12-30T00:00:00,0,,2015-05-07T11:23:50,,0,678852b15e8a11e4925a6817294aebff,FRAMEWORXTOUCHPOINT,49d7348a5e8911e4925a6817294aebff,FRAMEWORXBUSINESSSCENARIO,32,32,32
,d01844c8f4dd11e4aa85002590713bc0,0,2015-05-07T11:23:51,0,1899-12-30T00:00:00,0,,2015-05-07T11:23:51,,0,6e3567b75e8a11e4925a6817294aebff,FRAMEWORXTOUCHPOINT,b7e063725e8911e4925a6817294aebff,FRAMEWORXBUSINESSSCENARIO,32,32,32
,d01844cbf4dd11e4aa85002590713bc0,0,2015-05-07T11:23:52,0,1899-12-30T00:00:00,0,,2015-05-07T11:23:52,,0,7b8fb8d45e8a11e4925a6817294aebff,FRAMEWORXTOUCHPOINT,50ccc5525e8911e4925a6817294aebff,FRAMEWORXBUSINESSSCENARIO,32,32,32
,d01844cdf4dd11e4aa85002590713bc0,0,2015-05-07T11:23:52,0,1899-12-30T00:00:00,0,,2015-05-07T11:23:52,,0,d01844cff4dd11e4aa85002590713bc0,FRAMEWORXTOUCHPOINT,cd0c299b5e8911e4925a6817294aebff,FRAMEWORXBUSINESSSCENARIO,32,32,32
,d01844d0f4dd11e4aa85002590713bc0,0,2015-05-07T11:23:53,0,1899-12-30T00:00:00,0,,2015-05-07T11:23:53,,0,8850d4f25e8a11e4925a6817294aebff,FRAMEWORXTOUCHPOINT,d33d56135e8911e4925a6817294aebff,FRAMEWORXBUSINESSSCENARIO,32,32,32
,d01844d2f4dd11e4aa85002590713bc0,0,2015-05-07T11:23:53,0,1899-12-30T00:00:00,0,,2015-05-07T11:23:53,,0,8efd9bd75e8a11e4925a6817294aebff,FRAMEWORXTOUCHPOINT,d9aee7db5e8911e4925a6817294aebff,FRAMEWORXBUSINESSSCENARIO,32,32,32
,d01844d4f4dd11e4aa85002590713bc0,0,2015-05-07T11:23:54,0,1899-12-30T00:00:00,0,,2015-05-07T11:23:54,,0,95aa89cd5e8a11e4925a6817294aebff,FRAMEWORXTOUCHPOINT,1f2292b55e8911e4925a6817294aebff,FRAMEWORXBUSINESSSCENARIO,32,32,32
,d01844d6f4dd11e4aa85002590713bc0,0,2015-05-07T11:23:54,0,1899-12-30T00:00:00,0,,2015-05-07T11:23:54,,0,9c579ed35e8a11e4925a6817294aebff,FRAMEWORXTOUCHPOINT,ef042f9f5e8911e4925a6817294aebff,FRAMEWORXBUSINESSSCENARIO,32,32,32
,d01844d8f4dd11e4aa85002590713bc0,0,2015-05-07T11:23:55,0,1899-12-30T00:00:00,0,,2015-05-07T11:23:55,,0,a3048cc95e8a11e4925a6817294aebff,FRAMEWORXTOUCHPOINT,691aec415e8811e4925a6817294aebff,FRAMEWORXBUSINESSSCENARIO,32,32,32
,d62121c7f4dd11e4aa85002590713bc0,0,2015-05-07T11:23:56,0,1899-12-30T00:00:00,0,,2015-05-07T11:23:56,,0,a9b2da545e8a11e4925a6817294aebff,FRAMEWORXTOUCHPOINT,5ee400905e8911e4925a6817294aebff,FRAMEWORXBUSINESSSCENARIO,32,32,32
,d62121caf4dd11e4aa85002590713bc0,0,2015-05-07T11:23:57,0,1899-12-30T00:00:00,0,,2015-05-07T11:23:57,,0,b1788f6a5e8a11e4925a6817294aebff,FRAMEWORXTOUCHPOINT,7eccfb655e8811e4925a6817294aebff,FRAMEWORXBUSINESSSCENARIO,32,32,32
,d62121cbf4dd11e4aa85002590713bc0,0,2015-05-07T11:23:57,0,1899-12-30T00:00:00,0,,2015-05-07T11:23:57,,0,b1788f6a5e8a11e4925a6817294aebff,FRAMEWORXTOUCHPOINT,677b12735e8911e4925a6817294aebff,FRAMEWORXBUSINESSSCENARIO,32,32,32
,d62121cdf4dd11e4aa85002590713bc0,0,2015-05-07T11:23:57,0,1899-12-30T00:00:00,0,,2015-05-07T11:23:57,,0,bf8a9a755e8a11e4925a6817294aebff,FRAMEWORXTOUCHPOINT,f159a6dd5e8711e4925a6817294aebff,FRAMEWORXBUSINESSSCENARIO,32,32,32
,d62121cff4dd11e4aa85002590713bc0,0,2015-05-07T11:23:58,0,1899-12-30T00:00:00,0,,2015-05-07T11:23:58,,0,c6f954a25e8a11e4925a6817294aebff,FRAMEWORXTOUCHPOINT,0d849ae35e8811e4925a6817294aebff,FRAMEWORXBUSINESSSCENARIO,32,32,32
,d62121d1f4dd11e4aa85002590713bc0,0,2015-05-07T11:23:58,0,1899-12-30T00:00:00,0,,2015-05-07T11:23:58,,0,ce3a47625e8a11e4925a6817294aebff,FRAMEWORXTOUCHPOINT,37df0d755e8811e4925a6817294aebff,FRAMEWORXBUSINESSSCENARIO,32,32,32
,d62121d3f4dd11e4aa85002590713bc0,0,2015-05-07T11:23:59,0,1899-12-30T00:00:00,0,,2015-05-07T11:23:59,,0,d58992395e8a11e4925a6817294aebff,FRAMEWORXTOUCHPOINT,53ca5f7a5e8811e4925a6817294aebff,FRAMEWORXBUSINESSSCENARIO,32,32,32
,d62121d5f4dd11e4aa85002590713bc0,0,2015-05-07T11:24:00,0,1899-12-30T00:00:00,0,,2015-05-07T11:24:00,,0,dccc59c05e8a11e4925a6817294aebff,FRAMEWORXTOUCHPOINT,691aec405e8811e4925a6817294aebff,FRAMEWORXBUSINESSSCENARIO,32,32,32
,d62121d7f4dd11e4aa85002590713bc0,0,2015-05-07T11:24:00,0,1899-12-30T00:00:00,0,,2015-05-07T11:24:00,,0,e3bfa08e5e8a11e4925a6817294aebff,FRAMEWORXTOUCHPOINT,8aeb6c815e8811e4925a6817294aebff,FRAMEWORXBUSINESSSCENARIO,32,32,32
,d62121d9f4dd11e4aa85002590713bc0,0,2015-05-07T11:24:01,0,1899-12-30T00:00:00,0,,2015-05-07T11:24:01,,0,ea8cc12c5e8a11e4925a6817294aebff,FRAMEWORXTOUCHPOINT,9111753c5e8811e4925a6817294aebff,FRAMEWORXBUSINESSSCENARIO,32,32,32
,d62121dbf4dd11e4aa85002590713bc0,0,2015-05-07T11:24:01,0,1899-12-30T00:00:00,0,,2015-05-07T11:24:01,,0,f138287c5e8a11e4925a6817294aebff,FRAMEWORXTOUCHPOINT,7eccfb655e8811e4925a6817294aebff,FRAMEWORXBUSINESSSCENARIO,32,32,32
,d62121def4dd11e4aa85002590713bc0,0,2015-05-07T11:24:02,0,1899-12-30T00:00:00,0,,2015-05-07T11:24:02,,0,d62121e1f4dd11e4aa85002590713bc0,FRAMEWORXTOUCHPOINT,d62121ddf4dd11e4aa85002590713bc0,FRAMEWORXBUSINESSSCENARIO,32,32,32
,d62121e3f4dd11e4aa85002590713bc0,0,2015-05-07T11:24:02,0,1899-12-30T00:00:00,0,,2015-05-07T11:24:02,,0,d62121e8f4dd11e4aa85002590713bc0,FRAMEWORXTOUCHPOINT,d62121e2f4dd11e4aa85002590713bc0,FRAMEWORXBUSINESSSCENARIO,32,32,32
,d62121eaf4dd11e4aa85002590713bc0,0,2015-05-07T11:24:02,0,1899-12-30T00:00:00,0,,2015-05-07T11:24:02,,0,d62121eef4dd11e4aa85002590713bc0,FRAMEWORXTOUCHPOINT,d62121e9f4dd11e4aa85002590713bc0,FRAMEWORXBUSINESSSCENARIO,32,32,32
,d62121f0f4dd11e4aa85002590713bc0,0,2015-05-07T11:24:02,0,1899-12-30T00:00:00,0,,2015-05-07T11:24:02,,0,d62121f3f4dd11e4aa85002590713bc0,FRAMEWORXTOUCHPOINT,d62121eff4dd11e4aa85002590713bc0,FRAMEWORXBUSINESSSCENARIO,32,32,32
,d62121f5f4dd11e4aa85002590713bc0,0,2015-05-07T11:24:02,0,1899-12-30T00:00:00,0,,2015-05-07T11:24:02,,0,d62121f8f4dd11e4aa85002590713bc0,FRAMEWORXTOUCHPOINT,d62121f4f4dd11e4aa85002590713bc0,FRAMEWORXBUSINESSSCENARIO,32,32,32
,d62121faf4dd11e4aa85002590713bc0,0,2015-05-07T11:24:02,0,1899-12-30T00:00:00,0,,2015-05-07T11:24:02,,0,d62121fdf4dd11e4aa85002590713bc0,FRAMEWORXTOUCHPOINT,d62121f9f4dd11e4aa85002590713bc0,FRAMEWORXBUSINESSSCENARIO,32,32,32
,d62121fff4dd11e4aa85002590713bc0,0,2015-05-07T11:24:02,0,1899-12-30T00:00:00,0,,2015-05-07T11:24:02,,0,d6212202f4dd11e4aa85002590713bc0,FRAMEWORXTOUCHPOINT,d62121fef4dd11e4aa85002590713bc0,FRAMEWORXBUSINESSSCENARIO,32,32,32
,d6212204f4dd11e4aa85002590713bc0,0,2015-05-07T11:24:02,0,1899-12-30T00:00:00,0,,2015-05-07T11:24:02,,0,d6212207f4dd11e4aa85002590713bc0,FRAMEWORXTOUCHPOINT,d6212203f4dd11e4aa85002590713bc0,FRAMEWORXBUSINESSSCENARIO,32,32,32
,d6212209f4dd11e4aa85002590713bc0,0,2015-05-07T11:24:02,0,1899-12-30T00:00:00,0,,2015-05-07T11:24:02,,0,d621220cf4dd11e4aa85002590713bc0,FRAMEWORXTOUCHPOINT,d6212208f4dd11e4aa85002590713bc0,FRAMEWORXBUSINESSSCENARIO,32,32,32
,d621220ef4dd11e4aa85002590713bc0,0,2015-05-07T11:24:02,0,1899-12-30T00:00:00,0,,2015-05-07T11:24:02,,0,d6212211f4dd11e4aa85002590713bc0,FRAMEWORXTOUCHPOINT,d621220df4dd11e4aa85002590713bc0,FRAMEWORXBUSINESSSCENARIO,32,32,32
,d6212213f4dd11e4aa85002590713bc0,0,2015-05-07T11:24:02,0,1899-12-30T00:00:00,0,,2015-05-07T11:24:02,,0,d6212217f4dd11e4aa85002590713bc0,FRAMEWORXTOUCHPOINT,d6212212f4dd11e4aa85002590713bc0,FRAMEWORXBUSINESSSCENARIO,32,32,32
,d6212219f4dd11e4aa85002590713bc0,0,2015-05-07T11:24:03,0,1899-12-30T00:00:00,0,,2015-05-07T11:24:03,,0,d621221cf4dd11e4aa85002590713bc0,FRAMEWORXTOUCHPOINT,d6212218f4dd11e4aa85002590713bc0,FRAMEWORXBUSINESSSCENARIO,32,32,32
,d621221ef4dd11e4aa85002590713bc0,0,2015-05-07T11:24:03,0,1899-12-30T00:00:00,0,,2015-05-07T11:24:03,,0,d6212221f4dd11e4aa85002590713bc0,FRAMEWORXTOUCHPOINT,d621221df4dd11e4aa85002590713bc0,FRAMEWORXBUSINESSSCENARIO,32,32,32
,d6212222f4dd11e4aa85002590713bc0,0,2015-05-07T11:24:03,0,1899-12-30T00:00:00,0,,2015-05-07T11:24:03,,0,d6212225f4dd11e4aa85002590713bc0,FRAMEWORXTOUCHPOINT,d621221df4dd11e4aa85002590713bc0,FRAMEWORXBUSINESSSCENARIO,32,32,32
,d6212227f4dd11e4aa85002590713bc0,0,2015-05-07T11:24:03,0,1899-12-30T00:00:00,0,,2015-05-07T11:24:03,,0,d621222bf4dd11e4aa85002590713bc0,FRAMEWORXTOUCHPOINT,d6212226f4dd11e4aa85002590713bc0,FRAMEWORXBUSINESSSCENARIO,32,32,32
,d621222df4dd11e4aa85002590713bc0,0,2015-05-07T11:24:03,0,1899-12-30T00:00:00,0,,2015-05-07T11:24:03,,0,d6212230f4dd11e4aa85002590713bc0,FRAMEWORXTOUCHPOINT,d621222cf4dd11e4aa85002590713bc0,FRAMEWORXBUSINESSSCENARIO,32,32,32
,d6212231f4dd11e4aa85002590713bc0,0,2015-05-07T11:24:03,0,1899-12-30T00:00:00,0,,2015-05-07T11:24:03,,0,d6212234f4dd11e4aa85002590713bc0,FRAMEWORXTOUCHPOINT,d621222cf4dd11e4aa85002590713bc0,FRAMEWORXBUSINESSSCENARIO,32,32,32
,d6212236f4dd11e4aa85002590713bc0,0,2015-05-07T11:24:03,0,1899-12-30T00:00:00,0,,2015-05-07T11:24:03,,0,d6212239f4dd11e4aa85002590713bc0,FRAMEWORXTOUCHPOINT,d6212235f4dd11e4aa85002590713bc0,FRAMEWORXBUSINESSSCENARIO,32,32,32
,d621223bf4dd11e4aa85002590713bc0,0,2015-05-07T11:24:03,0,1899-12-30T00:00:00,0,,2015-05-07T11:24:03,,0,d621223ef4dd11e4aa85002590713bc0,FRAMEWORXTOUCHPOINT,d621223af4dd11e4aa85002590713bc0,FRAMEWORXBUSINESSSCENARIO,32,32,32
,d6212240f4dd11e4aa85002590713bc0,0,2015-05-07T11:24:03,0,1899-12-30T00:00:00,0,,2015-05-07T11:24:03,,0,d6212243f4dd11e4aa85002590713bc0,FRAMEWORXTOUCHPOINT,d621223ff4dd11e4aa85002590713bc0,FRAMEWORXBUSINESSSCENARIO,32,32,32
,d6212245f4dd11e4aa85002590713bc0,0,2015-05-07T11:24:03,0,1899-12-30T00:00:00,0,,2015-05-07T11:24:03,,0,d6212248f4dd11e4aa85002590713bc0,FRAMEWORXTOUCHPOINT,d6212244f4dd11e4aa85002590713bc0,FRAMEWORXBUSINESSSCENARIO,32,32,32
,d621224af4dd11e4aa85002590713bc0,0,2015-05-07T11:24:03,0,1899-12-30T00:00:00,0,,2015-05-07T11:24:03,,0,d621224df4dd11e4aa85002590713bc0,FRAMEWORXTOUCHPOINT,d6212249f4dd11e4aa85002590713bc0,FRAMEWORXBUSINESSSCENARIO,32,32,32
,d621224ff4dd11e4aa85002590713bc0,0,2015-05-07T11:24:03,0,1899-12-30T00:00:00,0,,2015-05-07T11:24:03,,0,d6212252f4dd11e4aa85002590713bc0,FRAMEWORXTOUCHPOINT,d621224ef4dd11e4aa85002590713bc0,FRAMEWORXBUSINESSSCENARIO,32,32,32
,d6212254f4dd11e4aa85002590713bc0,0,2015-05-07T11:24:04,0,1899-12-30T00:00:00,0,,2015-05-07T11:24:04,,0,d6212257f4dd11e4aa85002590713bc0,FRAMEWORXTOUCHPOINT,d6212253f4dd11e4aa85002590713bc0,FRAMEWORXBUSINESSSCENARIO,32,32,32
,d6212258f4dd11e4aa85002590713bc0,0,2015-05-07T11:24:04,0,1899-12-30T00:00:00,0,,2015-05-07T11:24:04,,0,d621225bf4dd11e4aa85002590713bc0,FRAMEWORXTOUCHPOINT,d6212253f4dd11e4aa85002590713bc0,FRAMEWORXBUSINESSSCENARIO,32,32,32
,d621225df4dd11e4aa85002590713bc0,0,2015-05-07T11:24:04,0,1899-12-30T00:00:00,0,,2015-05-07T11:24:04,,0,d6212260f4dd11e4aa85002590713bc0,FRAMEWORXTOUCHPOINT,d621225cf4dd11e4aa85002590713bc0,FRAMEWORXBUSINESSSCENARIO,32,32,32
,d6212262f4dd11e4aa85002590713bc0,0,2015-05-07T11:24:04,0,1899-12-30T00:00:00,0,,2015-05-07T11:24:04,,0,d6212265f4dd11e4aa85002590713bc0,FRAMEWORXTOUCHPOINT,d6212261f4dd11e4aa85002590713bc0,FRAMEWORXBUSINESSSCENARIO,32,32,32
,d6212266f4dd11e4aa85002590713bc0,0,2015-05-07T11:24:04,0,1899-12-30T00:00:00,0,,2015-05-07T11:24:04,,0,d6212269f4dd11e4aa85002590713bc0,FRAMEWORXTOUCHPOINT,d621224ef4dd11e4aa85002590713bc0,FRAMEWORXBUSINESSSCENARIO,32,32,32
,d621226bf4dd11e4aa85002590713bc0,0,2015-05-07T11:24:04,0,1899-12-30T00:00:00,0,,2015-05-07T11:24:04,,0,d621226ef4dd11e4aa85002590713bc0,FRAMEWORXTOUCHPOINT,d621226af4dd11e4aa85002590713bc0,FRAMEWORXBUSINESSSCENARIO,32,32,32
,d6212270f4dd11e4aa85002590713bc0,0,2015-05-07T11:24:04,0,1899-12-30T00:00:00,0,,2015-05-07T11:24:04,,0,d6212273f4dd11e4aa85002590713bc0,FRAMEWORXTOUCHPOINT,d621226ff4dd11e4aa85002590713bc0,FRAMEWORXBUSINESSSCENARIO,32,32,32
,d6212275f4dd11e4aa85002590713bc0,0,2015-05-07T11:24:04,0,1899-12-30T00:00:00,0,,2015-05-07T11:24:04,,0,d6212278f4dd11e4aa85002590713bc0,FRAMEWORXTOUCHPOINT,d6212274f4dd11e4aa85002590713bc0,FRAMEWORXBUSINESSSCENARIO,32,32,32
,d621227af4dd11e4aa85002590713bc0,0,2015-05-07T11:24:04,0,1899-12-30T00:00:00,0,,2015-05-07T11:24:04,,0,d621227df4dd11e4aa85002590713bc0,FRAMEWORXTOUCHPOINT,d6212279f4dd11e4aa85002590713bc0,FRAMEWORXBUSINESSSCENARIO,32,32,32
,d621227ff4dd11e4aa85002590713bc0,0,2015-05-07T11:24:04,0,1899-12-30T00:00:00,0,,2015-05-07T11:24:04,,0,d6212282f4dd11e4aa85002590713bc0,FRAMEWORXTOUCHPOINT,d621227ef4dd11e4aa85002590713bc0,FRAMEWORXBUSINESSSCENARIO,32,32,32
,d6212284f4dd11e4aa85002590713bc0,0,2015-05-07T11:24:04,0,1899-12-30T00:00:00,0,,2015-05-07T11:24:04,,0,d6212287f4dd11e4aa85002590713bc0,FRAMEWORXTOUCHPOINT,d6212283f4dd11e4aa85002590713bc0,FRAMEWORXBUSINESSSCENARIO,32,32,32
,d6212289f4dd11e4aa85002590713bc0,0,2015-05-07T11:24:04,0,1899-12-30T00:00:00,0,,2015-05-07T11:24:04,,0,d621228cf4dd11e4aa85002590713bc0,FRAMEWORXTOUCHPOINT,d6212288f4dd11e4aa85002590713bc0,FRAMEWORXBUSINESSSCENARIO,32,32,32
,d621228ef4dd11e4aa85002590713bc0,0,2015-05-07T11:24:04,0,1899-12-30T00:00:00,0,,2015-05-07T11:24:04,,0,d6212292f4dd11e4aa85002590713bc0,FRAMEWORXTOUCHPOINT,d621228df4dd11e4aa85002590713bc0,FRAMEWORXBUSINESSSCENARIO,32,32,32
,d6212294f4dd11e4aa85002590713bc0,0,2015-05-07T11:24:05,0,1899-12-30T00:00:00,0,,2015-05-07T11:24:05,,0,d6212297f4dd11e4aa85002590713bc0,FRAMEWORXTOUCHPOINT,d6212293f4dd11e4aa85002590713bc0,FRAMEWORXBUSINESSSCENARIO,32,32,32
,d6212299f4dd11e4aa85002590713bc0,0,2015-05-07T11:24:05,0,1899-12-30T00:00:00,0,,2015-05-07T11:24:05,,0,d621229cf4dd11e4aa85002590713bc0,FRAMEWORXTOUCHPOINT,d6212298f4dd11e4aa85002590713bc0,FRAMEWORXBUSINESSSCENARIO,32,32,32
,d621229ef4dd11e4aa85002590713bc0,0,2015-05-07T11:24:05,0,1899-12-30T00:00:00,0,,2015-05-07T11:24:05,,0,d62122a5f4dd11e4aa85002590713bc0,FRAMEWORXTOUCHPOINT,d621229df4dd11e4aa85002590713bc0,FRAMEWORXBUSINESSSCENARIO,32,32,32
,d62122a6f4dd11e4aa85002590713bc0,0,2015-05-07T11:24:05,0,1899-12-30T00:00:00,0,,2015-05-07T11:24:05,,0,d62122a9f4dd11e4aa85002590713bc0,FRAMEWORXTOUCHPOINT,d621229df4dd11e4aa85002590713bc0,FRAMEWORXBUSINESSSCENARIO,32,32,32
,d62122abf4dd11e4aa85002590713bc0,0,2015-05-07T11:24:05,0,1899-12-30T00:00:00,0,,2015-05-07T11:24:05,,0,d62122aef4dd11e4aa85002590713bc0,FRAMEWORXTOUCHPOINT,d62122aaf4dd11e4aa85002590713bc0,FRAMEWORXBUSINESSSCENARIO,32,32,32
,d62122aff4dd11e4aa85002590713bc0,0,2015-05-07T11:24:05,0,1899-12-30T00:00:00,0,,2015-05-07T11:24:05,,0,d62122b2f4dd11e4aa85002590713bc0,FRAMEWORXTOUCHPOINT,d62122aaf4dd11e4aa85002590713bc0,FRAMEWORXBUSINESSSCENARIO,32,32,32
,d62122b3f4dd11e4aa85002590713bc0,0,2015-05-07T11:24:05,0,1899-12-30T00:00:00,0,,2015-05-07T11:24:05,,0,d62122b6f4dd11e4aa85002590713bc0,FRAMEWORXTOUCHPOINT,d62122aaf4dd11e4aa85002590713bc0,FRAMEWORXBUSINESSSCENARIO,32,32,32
,d62122b8f4dd11e4aa85002590713bc0,0,2015-05-07T11:24:05,0,1899-12-30T00:00:00,0,,2015-05-07T11:24:05,,0,d62122bbf4dd11e4aa85002590713bc0,FRAMEWORXTOUCHPOINT,d62122b7f4dd11e4aa85002590713bc0,FRAMEWORXBUSINESSSCENARIO,32,32,32
,d62122bdf4dd11e4aa85002590713bc0,0,2015-05-07T11:24:05,0,1899-12-30T00:00:00,0,,2015-05-07T11:24:05,,0,d62122c0f4dd11e4aa85002590713bc0,FRAMEWORXTOUCHPOINT,d62122bcf4dd11e4aa85002590713bc0,FRAMEWORXBUSINESSSCENARIO,32,32,32
,d62122c1f4dd11e4aa85002590713bc0,0,2015-05-07T11:24:05,0,1899-12-30T00:00:00,0,,2015-05-07T11:24:05,,0,d62122c4f4dd11e4aa85002590713bc0,FRAMEWORXTOUCHPOINT,d621229df4dd11e4aa85002590713bc0,FRAMEWORXBUSINESSSCENARIO,32,32,32
,d62122c5f4dd11e4aa85002590713bc0,0,2015-05-07T11:24:05,0,1899-12-30T00:00:00,0,,2015-05-07T11:24:05,,0,d62122c8f4dd11e4aa85002590713bc0,FRAMEWORXTOUCHPOINT,d621229df4dd11e4aa85002590713bc0,FRAMEWORXBUSINESSSCENARIO,32,32,32
,d62122c9f4dd11e4aa85002590713bc0,0,2015-05-07T11:24:06,0,1899-12-30T00:00:00,0,,2015-05-07T11:24:06,,0,dc195538f4dd11e4aa85002590713bc0,FRAMEWORXTOUCHPOINT,d621229df4dd11e4aa85002590713bc0,FRAMEWORXBUSINESSSCENARIO,32,32,32
,dc195539f4dd11e4aa85002590713bc0,0,2015-05-07T11:24:06,0,1899-12-30T00:00:00,0,,2015-05-07T11:24:06,,0,dc19553cf4dd11e4aa85002590713bc0,FRAMEWORXTOUCHPOINT,d621229df4dd11e4aa85002590713bc0,FRAMEWORXBUSINESSSCENARIO,32,32,32
,dc19553df4dd11e4aa85002590713bc0,0,2015-05-07T11:24:06,0,1899-12-30T00:00:00,0,,2015-05-07T11:24:06,,0,dc195540f4dd11e4aa85002590713bc0,FRAMEWORXTOUCHPOINT,d62122aaf4dd11e4aa85002590713bc0,FRAMEWORXBUSINESSSCENARIO,32,32,32
,dc195541f4dd11e4aa85002590713bc0,0,2015-05-07T11:24:06,0,1899-12-30T00:00:00,0,,2015-05-07T11:24:06,,0,dc195544f4dd11e4aa85002590713bc0,FRAMEWORXTOUCHPOINT,d62122aaf4dd11e4aa85002590713bc0,FRAMEWORXBUSINESSSCENARIO,32,32,32
,dc195545f4dd11e4aa85002590713bc0,0,2015-05-07T11:24:06,0,1899-12-30T00:00:00,0,,2015-05-07T11:24:06,,0,dc195548f4dd11e4aa85002590713bc0,FRAMEWORXTOUCHPOINT,d62122aaf4dd11e4aa85002590713bc0,FRAMEWORXBUSINESSSCENARIO,32,32,32
,dc195549f4dd11e4aa85002590713bc0,0,2015-05-07T11:24:06,0,1899-12-30T00:00:00,0,,2015-05-07T11:24:06,,0,dc19554cf4dd11e4aa85002590713bc0,FRAMEWORXTOUCHPOINT,d62122aaf4dd11e4aa85002590713bc0,FRAMEWORXBUSINESSSCENARIO,32,32,32
,dc19554df4dd11e4aa85002590713bc0,0,2015-05-07T11:24:06,0,1899-12-30T00:00:00,0,,2015-05-07T11:24:06,,0,dc195550f4dd11e4aa85002590713bc0,FRAMEWORXTOUCHPOINT,d62122bcf4dd11e4aa85002590713bc0,FRAMEWORXBUSINESSSCENARIO,32,32,32
,dc195551f4dd11e4aa85002590713bc0,0,2015-05-07T11:24:06,0,1899-12-30T00:00:00,0,,2015-05-07T11:24:06,,0,dc195554f4dd11e4aa85002590713bc0,FRAMEWORXTOUCHPOINT,d62122bcf4dd11e4aa85002590713bc0,FRAMEWORXBUSINESSSCENARIO,32,32,32
