@TEMPLATE,@ALLOWAUTOMATICDELETION,@DESCRIPTION,@EXPORTFLAG,@DATEVALIDATED,@VALIDATED,@TYPE,@UNIQUEIDENTIFIER,@WHENCREATED,@WHENUPDATED,@NAME,RCABOVEOBJECT@UNIQUEIDENTIFIER,RCABOVEOBJECT@ANYOBJECTDESTINATION,RCBELOWOBJECT@UNIQUEIDENTIFIER,RCBELOWOBJECT@ANYOBJECTDESTINATION,RCWHOCREATEDTOUSER@UNIQUEIDENTIFIER,RCWHOOWNSTOUSER@UNIQUEIDENTIFIER,RCWHOUPDATEDTOUSER@UNIQUEIDENTIFIER
0,0,,0,1899-12-30T00:00:00,0,,06318510aaa411dd9438001de065480b,2008-11-04T14:08:56,2008-11-04T14:08:56,,7001e999cb2b11db9435000e3573f0d3,ETOMPROCESS,88356b2eaa9711dd9438001de065480b,ETOMPROCESS,EVOLVEADMIN,EVOLVEADMIN,EVOLVEADMIN
0,0,,0,1899-12-30T00:00:00,0,,0aedaf28aaa611dd9438001de065480b,2008-11-04T14:23:23,2008-11-04T14:23:23,,7600198ecb2b11db9435000e3573f0d3,ETOMPROCESS,2fa1ed38aa9811dd9438001de065480b,ETOMPROCESS,EVOLVEADMIN,EVOLVEADMIN,EVOLVEADMIN
0,0,,0,1899-12-30T00:00:00,0,,0aedaf29aaa611dd9438001de065480b,2008-11-04T14:23:28,2008-11-04T14:23:28,,7600198ecb2b11db9435000e3573f0d3,ETOMPROCESS,e8b3f7b8aa9711dd9438001de065480b,ETOMPROCESS,EVOLVEADMIN,EVOLVEADMIN,EVOLVEADMIN
0,0,,0,1899-12-30T00:00:00,0,,0e84fb5caaa411dd9438001de065480b,2008-11-04T14:09:10,2008-11-04T14:09:10,,7001e999cb2b11db9435000e3573f0d3,ETOMPROCESS,b0fdc4acaa9711dd9438001de065480b,ETOMPROCESS,EVOLVEADMIN,EVOLVEADMIN,EVOLVEADMIN
0,0,,0,1899-12-30T00:00:00,0,,112b16b4aaa611dd9438001de065480b,2008-11-04T14:23:33,2008-11-04T14:23:33,,7600198ecb2b11db9435000e3573f0d3,ETOMPROCESS,375a6aaaaa9811dd9438001de065480b,ETOMPROCESS,EVOLVEADMIN,EVOLVEADMIN,EVOLVEADMIN
0,0,,0,1899-12-30T00:00:00,0,,112b16b5aaa611dd9438001de065480b,2008-11-04T14:23:36,2008-11-04T14:23:36,,7600198ecb2b11db9435000e3573f0d3,ETOMPROCESS,f0e60d18aa9711dd9438001de065480b,ETOMPROCESS,EVOLVEADMIN,EVOLVEADMIN,EVOLVEADMIN
0,0,,0,1899-12-30T00:00:00,0,,112b16b6aaa611dd9438001de065480b,2008-11-04T14:23:40,2008-11-04T14:23:40,,7600198ecb2b11db9435000e3573f0d3,ETOMPROCESS,f0e60d19aa9711dd9438001de065480b,ETOMPROCESS,EVOLVEADMIN,EVOLVEADMIN,EVOLVEADMIN
0,0,,0,1899-12-30T00:00:00,0,,112b16b7aaa611dd9438001de065480b,2008-11-04T14:23:42,2008-11-04T14:23:42,,7600198ecb2b11db9435000e3573f0d3,ETOMPROCESS,fdb91332aa9711dd9438001de065480b,ETOMPROCESS,EVOLVEADMIN,EVOLVEADMIN,EVOLVEADMIN
0,0,,0,1899-12-30T00:00:00,0,,1923f3a4aaa611dd9438001de065480b,2008-11-04T14:23:46,2008-11-04T14:23:46,,7600198ecb2b11db9435000e3573f0d3,ETOMPROCESS,465db962aa9811dd9438001de065480b,ETOMPROCESS,EVOLVEADMIN,EVOLVEADMIN,EVOLVEADMIN
0,0,,0,1899-12-30T00:00:00,0,,1923f3a5aaa611dd9438001de065480b,2008-11-04T14:23:52,2008-11-04T14:23:52,,7600198ecb2b11db9435000e3573f0d3,ETOMPROCESS,7d35ce62aa9c11dd9438001de065480b,ETOMPROCESS,EVOLVEADMIN,EVOLVEADMIN,EVOLVEADMIN
0,0,,0,1899-12-30T00:00:00,0,,29d92e58aaa611dd9438001de065480b,2008-11-04T14:24:14,2008-11-04T14:24:14,,7001e934cb2b11db9435000e3573f0d3,ETOMPROCESS,aa932cd8aa9c11dd9438001de065480b,ETOMPROCESS,EVOLVEADMIN,EVOLVEADMIN,EVOLVEADMIN
0,0,,0,1899-12-30T00:00:00,0,,7001e935cb2b11db9435000e3573f0d3,2007-03-05T10:09:03,2007-03-05T10:09:03,,7001e934cb2b11db9435000e3573f0d3,ETOMPROCESS,7001e932cb2b11db9435000e3573f0d3,ETOMPROCESS,ADMIN,ADMIN,ADMIN
0,0,,0,1899-12-30T00:00:00,0,,7001e990cb2b11db9435000e3573f0d3,2007-03-05T10:09:04,2007-03-05T10:09:04,,7001e98fcb2b11db9435000e3573f0d3,ETOMPROCESS,7001e98dcb2b11db9435000e3573f0d3,ETOMPROCESS,ADMIN,ADMIN,ADMIN
0,0,,0,1899-12-30T00:00:00,0,,7001e996cb2b11db9435000e3573f0d3,2007-03-05T10:09:04,2007-03-05T10:09:04,,7001e934cb2b11db9435000e3573f0d3,ETOMPROCESS,7001e994cb2b11db9435000e3573f0d3,ETOMPROCESS,ADMIN,ADMIN,ADMIN
0,0,,0,1899-12-30T00:00:00,0,,7001e99acb2b11db9435000e3573f0d3,2007-03-05T10:09:05,2007-03-05T10:09:05,,7001e999cb2b11db9435000e3573f0d3,ETOMPROCESS,7001e997cb2b11db9435000e3573f0d3,ETOMPROCESS,ADMIN,ADMIN,ADMIN
0,0,,0,1899-12-30T00:00:00,0,,7001e9d5cb2b11db9435000e3573f0d3,2007-03-05T10:09:06,2007-03-05T10:09:06,,7001e98fcb2b11db9435000e3573f0d3,ETOMPROCESS,7001e9d3cb2b11db9435000e3573f0d3,ETOMPROCESS,ADMIN,ADMIN,ADMIN
0,0,,0,1899-12-30T00:00:00,0,,7001e9e3cb2b11db9435000e3573f0d3,2007-03-05T10:09:07,2007-03-05T10:09:07,,7001e98fcb2b11db9435000e3573f0d3,ETOMPROCESS,7001e9e1cb2b11db9435000e3573f0d3,ETOMPROCESS,ADMIN,ADMIN,ADMIN
0,0,,0,1899-12-30T00:00:00,0,,76001968cb2b11db9435000e3573f0d3,2007-03-05T10:09:12,2007-03-05T10:09:12,,76001967cb2b11db9435000e3573f0d3,ETOMPROCESS,76001965cb2b11db9435000e3573f0d3,ETOMPROCESS,ADMIN,ADMIN,ADMIN
0,0,,0,1899-12-30T00:00:00,0,,7600198dcb2b11db9435000e3573f0d3,2007-03-05T10:09:13,2007-03-05T10:09:13,,7001e999cb2b11db9435000e3573f0d3,ETOMPROCESS,7600198bcb2b11db9435000e3573f0d3,ETOMPROCESS,ADMIN,ADMIN,ADMIN
0,0,,0,1899-12-30T00:00:00,0,,76001994cb2b11db9435000e3573f0d3,2007-03-05T10:09:13,2007-03-05T10:09:13,,7600198ecb2b11db9435000e3573f0d3,ETOMPROCESS,7600198fcb2b11db9435000e3573f0d3,ETOMPROCESS,ADMIN,ADMIN,ADMIN
0,0,,0,1899-12-30T00:00:00,0,,76001995cb2b11db9435000e3573f0d3,2007-03-05T10:09:13,2007-03-05T10:09:13,,7600198ecb2b11db9435000e3573f0d3,ETOMPROCESS,76001990cb2b11db9435000e3573f0d3,ETOMPROCESS,ADMIN,ADMIN,ADMIN
0,0,,0,1899-12-30T00:00:00,0,,76001996cb2b11db9435000e3573f0d3,2007-03-05T10:09:13,2007-03-05T10:09:13,,7600198ecb2b11db9435000e3573f0d3,ETOMPROCESS,76001991cb2b11db9435000e3573f0d3,ETOMPROCESS,ADMIN,ADMIN,ADMIN
0,0,,0,1899-12-30T00:00:00,0,,76001997cb2b11db9435000e3573f0d3,2007-03-05T10:09:13,2007-03-05T10:09:13,,7600198ecb2b11db9435000e3573f0d3,ETOMPROCESS,76001992cb2b11db9435000e3573f0d3,ETOMPROCESS,ADMIN,ADMIN,ADMIN
0,0,,0,1899-12-30T00:00:00,0,,76001998cb2b11db9435000e3573f0d3,2007-03-05T10:09:13,2007-03-05T10:09:13,,7600198ecb2b11db9435000e3573f0d3,ETOMPROCESS,76001993cb2b11db9435000e3573f0d3,ETOMPROCESS,ADMIN,ADMIN,ADMIN
0,0,,0,1899-12-30T00:00:00,0,,760019c8cb2b11db9435000e3573f0d3,2007-03-05T10:09:14,2007-03-05T10:09:14,,7001e934cb2b11db9435000e3573f0d3,ETOMPROCESS,7600199bcb2b11db9435000e3573f0d3,ETOMPROCESS,ADMIN,ADMIN,ADMIN
0,0,,0,1899-12-30T00:00:00,0,,760019c9cb2b11db9435000e3573f0d3,2007-03-05T10:09:14,2007-03-05T10:09:14,,7001e934cb2b11db9435000e3573f0d3,ETOMPROCESS,7600199ecb2b11db9435000e3573f0d3,ETOMPROCESS,ADMIN,ADMIN,ADMIN
0,0,,0,1899-12-30T00:00:00,0,,760019cacb2b11db9435000e3573f0d3,2007-03-05T10:09:14,2007-03-05T10:09:14,,7001e934cb2b11db9435000e3573f0d3,ETOMPROCESS,760019a6cb2b11db9435000e3573f0d3,ETOMPROCESS,ADMIN,ADMIN,ADMIN
0,0,,0,1899-12-30T00:00:00,0,,760019e8cb2b11db9435000e3573f0d3,2007-03-05T10:09:15,2007-03-05T10:09:15,,7001e8a2cb2b11db9435000e3573f0d3,ETOMPROCESS,7600199acb2b11db9435000e3573f0d3,ETOMPROCESS,ADMIN,ADMIN,ADMIN
0,0,,0,1899-12-30T00:00:00,0,,760019e9cb2b11db9435000e3573f0d3,2007-03-05T10:09:15,2007-03-05T10:09:15,,7001e8a2cb2b11db9435000e3573f0d3,ETOMPROCESS,760019a3cb2b11db9435000e3573f0d3,ETOMPROCESS,ADMIN,ADMIN,ADMIN
0,0,,0,1899-12-30T00:00:00,0,,78d0b13eaaa611dd9438001de065480b,2008-11-04T14:26:27,2008-11-04T14:26:27,,7600198ecb2b11db9435000e3573f0d3,ETOMPROCESS,8f0be8faaa9811dd9438001de065480b,ETOMPROCESS,EVOLVEADMIN,EVOLVEADMIN,EVOLVEADMIN
0,0,,0,1899-12-30T00:00:00,0,,7bf6a4c9cb2b11db9435000e3573f0d3,2007-03-05T10:09:17,2007-03-05T10:09:17,,7001e999cb2b11db9435000e3573f0d3,ETOMPROCESS,7600199ccb2b11db9435000e3573f0d3,ETOMPROCESS,ADMIN,ADMIN,ADMIN
0,0,,0,1899-12-30T00:00:00,0,,7bf6a4cacb2b11db9435000e3573f0d3,2007-03-05T10:09:17,2007-03-05T10:09:17,,76001967cb2b11db9435000e3573f0d3,ETOMPROCESS,7600199dcb2b11db9435000e3573f0d3,ETOMPROCESS,ADMIN,ADMIN,ADMIN
0,0,,0,1899-12-30T00:00:00,0,,7bf6a4cbcb2b11db9435000e3573f0d3,2007-03-05T10:09:18,2007-03-05T10:09:18,,76001967cb2b11db9435000e3573f0d3,ETOMPROCESS,760019a2cb2b11db9435000e3573f0d3,ETOMPROCESS,ADMIN,ADMIN,ADMIN
0,0,,0,1899-12-30T00:00:00,0,,7bf6a4cccb2b11db9435000e3573f0d3,2007-03-05T10:09:18,2007-03-05T10:09:18,,76001967cb2b11db9435000e3573f0d3,ETOMPROCESS,760019aacb2b11db9435000e3573f0d3,ETOMPROCESS,ADMIN,ADMIN,ADMIN
0,0,,0,1899-12-30T00:00:00,0,,7bf6a4cdcb2b11db9435000e3573f0d3,2007-03-05T10:09:18,2007-03-05T10:09:18,,76001967cb2b11db9435000e3573f0d3,ETOMPROCESS,760019abcb2b11db9435000e3573f0d3,ETOMPROCESS,ADMIN,ADMIN,ADMIN
0,0,,0,1899-12-30T00:00:00,0,,7bf6a4ffcb2b11db9435000e3573f0d3,2007-03-05T10:09:19,2007-03-05T10:09:19,,7600199fcb2b11db9435000e3573f0d3,ETOMPROCESS,760019a0cb2b11db9435000e3573f0d3,ETOMPROCESS,ADMIN,ADMIN,ADMIN
0,0,,0,1899-12-30T00:00:00,0,,7bf6a500cb2b11db9435000e3573f0d3,2007-03-05T10:09:19,2007-03-05T10:09:19,,7600199fcb2b11db9435000e3573f0d3,ETOMPROCESS,760019a5cb2b11db9435000e3573f0d3,ETOMPROCESS,ADMIN,ADMIN,ADMIN
0,0,,0,1899-12-30T00:00:00,0,,7bf6a501cb2b11db9435000e3573f0d3,2007-03-05T10:09:19,2007-03-05T10:09:19,,7600199fcb2b11db9435000e3573f0d3,ETOMPROCESS,760019a9cb2b11db9435000e3573f0d3,ETOMPROCESS,ADMIN,ADMIN,ADMIN
0,0,,0,1899-12-30T00:00:00,0,,7bf6a506cb2b11db9435000e3573f0d3,2007-03-05T10:09:19,2007-03-05T10:09:19,,7001e98fcb2b11db9435000e3573f0d3,ETOMPROCESS,760019a1cb2b11db9435000e3573f0d3,ETOMPROCESS,ADMIN,ADMIN,ADMIN
0,0,,0,1899-12-30T00:00:00,0,,81eeb863cb2b11db9435000e3573f0d3,2007-03-05T10:09:29,2007-03-05T10:09:29,,7001e98fcb2b11db9435000e3573f0d3,ETOMPROCESS,760019a4cb2b11db9435000e3573f0d3,ETOMPROCESS,ADMIN,ADMIN,ADMIN
0,0,,0,1899-12-30T00:00:00,0,,81eeb8dacb2b11db9435000e3573f0d3,2007-03-05T10:09:34,2007-03-05T10:09:34,,7001e98fcb2b11db9435000e3573f0d3,ETOMPROCESS,760019a7cb2b11db9435000e3573f0d3,ETOMPROCESS,ADMIN,ADMIN,ADMIN
0,0,,0,1899-12-30T00:00:00,0,,81eeb8decb2b11db9435000e3573f0d3,2007-03-05T10:09:34,2007-03-05T10:09:34,,7001e999cb2b11db9435000e3573f0d3,ETOMPROCESS,760019a8cb2b11db9435000e3573f0d3,ETOMPROCESS,ADMIN,ADMIN,ADMIN
0,0,,0,1899-12-30T00:00:00,0,,c0aebbb4aa9b11dd9438001de065480b,2008-11-04T13:09:43,2008-11-04T13:09:43,,7001e934cb2b11db9435000e3573f0d3,ETOMPROCESS,84882a10aa9811dd9438001de065480b,ETOMPROCESS,EVOLVEADMIN,EVOLVEADMIN,EVOLVEADMIN
0,0,,0,1899-12-30T00:00:00,0,,cb432b14aa9b11dd9438001de065480b,2008-11-04T13:10:01,2008-11-04T13:10:01,,7001e934cb2b11db9435000e3573f0d3,ETOMPROCESS,8f0be8fbaa9811dd9438001de065480b,ETOMPROCESS,EVOLVEADMIN,EVOLVEADMIN,EVOLVEADMIN
