@QUEUEPRIORITY,@GROWTHTYPE,@TYPE,@INTERNALEXTERNAL,@DESCRIPTION,@NAME,@EXPORTFLAG,@TEMPLATE,@WHENCREATED,@WHENUPDATED,@VALIDATED,@UNIQUEIDENTIFIER,@DATEVALIDATED,@TRIGGER,@CWAVERAGERATING,@CWTOTALCOMMENT,RCWHOCREATEDTOUSER@UNIQUEIDENTIFIER,RCWHOOWNSTOUSER@UNIQUEIDENTIFIER,RCWHOUPDATEDTOUSER@UNIQUEIDENTIFIER,RCWHOCREATEDTOUSER@WHOCREATED,RCWHOOWNSTOUSER@WHOOWNS,RCWHOUPDATEDTOUSER@WHOUPDATED
0,0,,0b248d2767a3438ba9dc1188028d64e5,,End Survey & Analyze Resource Trouble,0,0,2012-02-01T16:30:47,2012-02-01T16:30:47,0,00a908714d1c11e1a996002564cb911c,1899-12-30T00:00:00,,0.0,0.0,ADMIN,ADMIN,ADMIN,,,
0,0,,3ef3579c57bf48c8b858027f8f762661,,Customer Billed,0,0,2004-09-02T09:49:34,2004-09-02T09:49:40,0,02fc7f10fcbd11d8af0c005056c00008,1899-12-30T00:00:00,,0.0,0.0,ADMIN,ADMIN,ADMIN,,,
0,0,,0b248d2767a3438ba9dc1188028d64e5,,End Diagnose Service Problem,0,0,2012-02-02T15:39:39,2012-02-02T15:39:44,0,061a1f2a4dde11e1a996002564cb911c,1899-12-30T00:00:00,,0.0,0.0,ADMIN,ADMIN,ADMIN,,,
0,0,,eab48b00e15b4d66883fbfc50e5d3422,,Service Domain,0,0,2022-03-17T14:10:48,2022-03-17T14:10:54,0,072cb74da5fc11ec94f7000d3a0ebc70,1899-12-30T00:00:00,,0.0,0.0,ADMIN,ADMIN,ADMIN,,,
0,0,,0b248d2767a3438ba9dc1188028d64e5,,Resource Allocation,0,0,2004-03-17T10:56:52,2004-03-17T10:57:38,0,084c058a77f111d8bc1d0003476dfa9b,1899-12-30T00:00:00,,0.0,0.0,ADMIN,ADMIN,ADMIN,,,
0,0,,0b248d2767a3438ba9dc1188028d64e5,,Customer Request (Complaint),0,0,2009-03-31T18:21:51,2010-06-21T11:09:30,0,09e1e4c01e1011deb424000e35d948d7,1899-12-30T00:00:00,,0.0,0.0,ADMIN,ADMIN,ADMIN,,,
0,0,,0b248d2767a3438ba9dc1188028d64e5,,SLA data,0,0,2002-10-25T17:01:55,2002-10-25T17:02:14,0,0cc08917e83a11d6aeea08004605e039,1899-12-30T00:00:00,,0.0,0.0,ADMIN,ADMIN,ADMIN,,,
0,0,,3ef3579c57bf48c8b858027f8f762661,,Customer acknowledges problem resolved,0,0,2002-10-01T17:52:32,2003-03-29T16:25:01,0,0d2f902ed55711d6aeea08004605e039,1899-12-30T00:00:00,,0.0,0.0,ADMIN,ADMIN,ADMIN,,,
0,0,,eab48b00e15b4d66883fbfc50e5d3422,,Resource Domain,0,0,2022-03-17T14:11:00,2022-03-17T14:11:06,0,0e5f7819a5fc11ec94f7000d3a0ebc70,1899-12-30T00:00:00,,0.0,0.0,ADMIN,ADMIN,ADMIN,,,
0,0,,eab48b00e15b4d66883fbfc50e5d3422,,WorkOrder Statuses Response Received,0,0,2004-04-04T16:12:10,2004-04-04T16:12:34,0,0fce7036864211d8bc200003476dfa9b,1899-12-30T00:00:00,,0.0,0.0,ADMIN,ADMIN,ADMIN,,,
0,0,,3ef3579c57bf48c8b858027f8f762661,,Decrease Balance,0,0,2004-04-14T18:47:45,2004-04-14T18:47:53,0,12095c798e2b11d8bc200003476dfa9b,1899-12-30T00:00:00,,0.0,0.0,ADMIN,ADMIN,ADMIN,,,
0,0,,3ef3579c57bf48c8b858027f8f762661,,Service Details for Assurance,0,0,2003-03-12T17:41:05,2003-03-12T17:41:20,0,13b2741fa50b42d7aa1ce0e53a13b807,1899-12-30T00:00:00,,0.0,0.0,ADMIN,ADMIN,ADMIN,,,
0,0,,0b248d2767a3438ba9dc1188028d64e5,,Reserve Balance,0,0,2004-05-12T09:03:24,2004-08-05T19:49:20,-1,13e0ff10a3da11d8bc2f0003476dfa9b,1899-12-30T00:00:00,,0.0,0.0,ADMIN,ADMIN,ADMIN,,,
0,0,,eab48b00e15b4d66883fbfc50e5d3422,,Business PArtner Domain,0,0,2022-03-17T14:11:10,2022-03-17T14:11:17,0,1543569fa5fc11ec94f7000d3a0ebc70,1899-12-30T00:00:00,,0.0,0.0,ADMIN,ADMIN,ADMIN,,,
0,0,,3ef3579c57bf48c8b858027f8f762661,,Call not Authorized,0,0,2004-04-15T14:00:23,2004-05-12T11:03:22,0,176872708ecc11d8bc210003476dfa9b,1899-12-30T00:00:00,,0.0,0.0,ADMIN,ADMIN,ADMIN,,,
0,0,,0b248d2767a3438ba9dc1188028d64e5,,New Producte Development Approved & Integrated in Product Portfolio,0,0,2005-05-13T13:47:02,2005-05-13T13:47:28,0,19b96744c3ad11d981b70010c6589928,1899-12-30T00:00:00,,0.0,0.0,ADMIN,ADMIN,ADMIN,,,
0,0,,0b248d2767a3438ba9dc1188028d64e5,,Invoice received by customer,0,0,2009-03-27T11:36:22,2010-06-24T16:27:12,0,19f313a11abb11deb424000e35d948d7,1899-12-30T00:00:00,,0.0,0.0,ADMIN,ADMIN,ADMIN,,,
0,0,,3ef3579c57bf48c8b858027f8f762661,,Customer informed,0,0,2003-01-23T17:55:52,2003-01-23T17:56:08,0,1a06193952d545bbb98b78be3b12159d,1899-12-30T00:00:00,,0.0,0.0,ADMIN,ADMIN,ADMIN,,,
0,0,,0b248d2767a3438ba9dc1188028d64e5,,End of Correct & Recover Customer Problem,0,0,2012-02-01T13:03:55,2012-02-01T13:04:06,0,1a8c92384cff11e1a996002564cb911c,1899-12-30T00:00:00,,0.0,0.0,ADMIN,ADMIN,ADMIN,,,
0,0,,eab48b00e15b4d66883fbfc50e5d3422,,Enterprise Domain,0,0,2022-03-17T14:11:19,2022-03-17T14:11:29,0,1bc57962a5fc11ec94f7000d3a0ebc70,1899-12-30T00:00:00,,0.0,0.0,ADMIN,ADMIN,ADMIN,,,
0,0,,0b248d2767a3438ba9dc1188028d64e5,,Start Close Resource Trouble Report,0,0,2012-02-01T15:34:19,2012-02-01T15:34:24,0,1cf12df44d1411e1a996002564cb911c,1899-12-30T00:00:00,,0.0,0.0,ADMIN,ADMIN,ADMIN,,,
0,0,,eab48b00e15b4d66883fbfc50e5d3422,,Customer requests SP offering,0,0,2003-03-10T08:07:40,2003-04-06T21:56:10,0,1dd1dcc4cf7642ada3e00cf891516323,1899-12-30T00:00:00,,0.0,0.0,ADMIN,ADMIN,ADMIN,,,
0,0,,3ef3579c57bf48c8b858027f8f762661,,Notification  to Customer of Order Completion,0,0,2004-04-04T15:08:11,2004-04-04T15:13:06,0,1f24f0aa863911d8bc200003476dfa9b,1899-12-30T00:00:00,,0.0,0.0,ADMIN,ADMIN,ADMIN,,,
0,0,,0b248d2767a3438ba9dc1188028d64e5,,End Close Resource Trouble Report,0,0,2012-02-01T15:34:31,2012-02-01T15:34:35,0,24620b084d1411e1a996002564cb911c,1899-12-30T00:00:00,,0.0,0.0,ADMIN,ADMIN,ADMIN,,,
0,0,,0b248d2767a3438ba9dc1188028d64e5,,Resource Allocated,0,0,2004-03-17T10:57:46,2004-03-17T10:57:56,0,2884bdd677f111d8bc1d0003476dfa9b,1899-12-30T00:00:00,,0.0,0.0,ADMIN,ADMIN,ADMIN,,,
0,0,,0b248d2767a3438ba9dc1188028d64e5,,End Track & Manage Service Problem,0,0,2012-02-03T09:27:12,2012-02-03T09:27:12,0,2905eece4e7311e1a996002564cb911c,1899-12-30T00:00:00,,0.0,0.0,ADMIN,ADMIN,ADMIN,,,
0,0,,0b248d2767a3438ba9dc1188028d64e5,,Start Survey & Analyze Resource Trouble,0,0,2012-02-01T16:24:48,2012-02-01T16:24:48,0,2a8c53da4d1b11e1a996002564cb911c,1899-12-30T00:00:00,,0.0,0.0,ADMIN,ADMIN,ADMIN,,,
0,0,,0b248d2767a3438ba9dc1188028d64e5,,Request to create a new product,0,0,2005-05-13T13:18:57,2005-05-13T13:19:07,0,2d4d1c76c3a911d981b70010c6589928,1899-12-30T00:00:00,,0.0,0.0,ADMIN,ADMIN,ADMIN,,,
0,0,,0b248d2767a3438ba9dc1188028d64e5,,Test event hugo,0,0,2013-07-19T08:55:01,2013-07-19T08:55:01,0,2e2e5966f08311e2a792002590713bc0,1899-12-30T00:00:00,,0.0,0.0,,,,6,6,6
0,0,,eab48b00e15b4d66883fbfc50e5d3422,,External Order Status Received,0,0,2003-05-01T03:31:00,2004-04-04T16:05:52,0,2f6b09824b634c6abaa076dcdcd10d1f,1899-12-30T00:00:00,,0.0,0.0,ADMIN,ADMIN,ADMIN,,,
0,0,,eab48b00e15b4d66883fbfc50e5d3422,,Customer contacts retailer,0,0,2005-03-29T22:00:25,2005-03-29T22:00:44,0,301d55dca08d11d981a80010c6589928,1899-12-30T00:00:00,,0.0,0.0,ADMIN,ADMIN,ADMIN,,,
0,0,,0b248d2767a3438ba9dc1188028d64e5,,result 13 WM 1313,0,0,2013-07-24T02:58:25,2013-07-24T02:58:25,0,30f6d096f43f11e2a792002590713bc0,1899-12-30T00:00:00,,0.0,0.0,,,,6,6,6
0,0,,0b248d2767a3438ba9dc1188028d64e5,,event 8 WM 1313,0,0,2013-07-24T02:58:25,2013-07-24T02:58:25,0,30f6d09bf43f11e2a792002590713bc0,1899-12-30T00:00:00,,0.0,0.0,,,,6,6,6
0,0,,0b248d2767a3438ba9dc1188028d64e5,,Start Correct & Resolve Resource Trouble,0,0,2012-02-01T15:42:03,2012-02-01T15:42:06,0,315afa724d1511e1a996002564cb911c,1899-12-30T00:00:00,,0.0,0.0,ADMIN,ADMIN,ADMIN,,,
0,0,,eab48b00e15b4d66883fbfc50e5d3422,,Request for  prepaid call authorization/balance reservation,0,0,2001-04-05T13:59:57,2004-08-05T19:49:20,-1,337fdf307c274ef8ae5576017632e8ab,1899-12-30T00:00:00,,0.0,0.0,ADMIN,ADMIN,ADMIN,,,
0,0,,0b248d2767a3438ba9dc1188028d64e5,,Trouble Ticket or Request or Signal,0,0,2009-04-17T11:14:57,2009-04-17T11:15:16,0,37ef8a902b3011deb424000e35d948d7,1899-12-30T00:00:00,,0.0,0.0,ADMIN,ADMIN,ADMIN,,,
0,0,,0b248d2767a3438ba9dc1188028d64e5,,Resource Performance Data Available,0,0,2001-06-27T09:20:23,2005-05-13T12:09:38,-1,38d95847d4ea49548f0f9c536194c8b8,1899-12-30T00:00:00,,0.0,0.0,ADMIN,ADMIN,ADMIN,,,
0,0,,0b248d2767a3438ba9dc1188028d64e5,,Internal resource Provisionning Completed,0,0,2004-03-17T18:15:03,2004-03-17T18:15:13,0,3ec5ae5d782e11d8bc1d0003476dfa9b,1899-12-30T00:00:00,,0.0,0.0,ADMIN,ADMIN,ADMIN,,,
0,0,,eab48b00e15b4d66883fbfc50e5d3422,,Partner Usage and Charging Data Available,0,0,2004-09-02T09:44:13,2004-09-02T09:44:32,0,43d56290fcbc11d8af0c005056c00008,1899-12-30T00:00:00,,0.0,0.0,ADMIN,ADMIN,ADMIN,,,
0,0,,eab48b00e15b4d66883fbfc50e5d3422,,event 5 WM 1162,0,0,2013-03-07T09:54:22,2013-03-07T09:54:22,0,459f80e3873f11e2a792002590713bc0,1899-12-30T00:00:00,,0.0,0.0,,,,6,6,6
0,0,,eab48b00e15b4d66883fbfc50e5d3422,,Status Request,0,0,2000-12-07T15:59:25,2000-12-07T15:59:54,0,45b224be30a34b0b8e4a5e155bed4145,1899-12-30T00:00:00,,0.0,0.0,ADMIN,ADMIN,ADMIN,,,
0,0,,3ef3579c57bf48c8b858027f8f762661,,Sales Proposal received By Customer,0,0,2003-04-06T22:15:25,2003-04-06T22:17:06,0,489b21f6b6464ec9ad616fef88b94772,1899-12-30T00:00:00,,0.0,0.0,ADMIN,ADMIN,ADMIN,,,
0,0,,0b248d2767a3438ba9dc1188028d64e5,,Incident Resolved,0,0,2013-07-24T06:19:38,2013-07-24T06:19:38,0,4d6f04f4f45b11e2a792002590713bc0,1899-12-30T00:00:00,,0.0,0.0,,,,6,6,6
0,0,,0b248d2767a3438ba9dc1188028d64e5,,Close Customer Problem Report,0,0,2012-01-31T18:57:19,2012-01-31T18:57:24,0,4e42f9ce4c6711e1b622002564cb911c,1899-12-30T00:00:00,,0.0,0.0,ADMIN,ADMIN,ADMIN,,,
0,0,,0b248d2767a3438ba9dc1188028d64e5,,End Localize Resource Trouble,0,0,2012-02-01T16:18:40,2012-02-01T16:18:40,0,4ef51b4b4d1a11e1a996002564cb911c,1899-12-30T00:00:00,,0.0,0.0,ADMIN,ADMIN,ADMIN,,,
0,0,,0b248d2767a3438ba9dc1188028d64e5,,End Isolation Customer Problem,0,0,2012-02-01T14:59:56,2012-02-01T15:00:20,0,4f4494464d0f11e1a996002564cb911c,1899-12-30T00:00:00,,0.0,0.0,ADMIN,ADMIN,ADMIN,,,
0,0,,0b248d2767a3438ba9dc1188028d64e5,,Service Performance Data,0,0,2002-10-22T14:34:19,2002-10-22T14:35:12,0,5196ccaee5ca11d6aeea08004605e039,1899-12-30T00:00:00,,0.0,0.0,ADMIN,ADMIN,ADMIN,,,
0,0,,0b248d2767a3438ba9dc1188028d64e5,,Start Isolate Customer Problem,0,0,2012-02-01T14:52:58,2012-02-01T14:53:04,0,566310cb4d0e11e1a996002564cb911c,1899-12-30T00:00:00,,0.0,0.0,ADMIN,ADMIN,ADMIN,,,
0,0,,0b248d2767a3438ba9dc1188028d64e5,,End Report Service Problem,0,0,2012-02-02T18:12:14,2012-02-02T18:12:26,0,56cbab574df311e1a996002564cb911c,1899-12-30T00:00:00,,0.0,0.0,ADMIN,ADMIN,ADMIN,,,
0,0,,0b248d2767a3438ba9dc1188028d64e5,,Create Customer Problem Report,0,0,2012-02-01T13:05:52,2012-02-01T13:06:02,0,5aa19f934cff11e1a996002564cb911c,1899-12-30T00:00:00,,0.0,0.0,ADMIN,ADMIN,ADMIN,,,
0,0,,eab48b00e15b4d66883fbfc50e5d3422,,Market Sales Domain,0,0,2022-03-01T14:53:30,2022-03-01T14:53:59,0,5ac7bf60996f11ec94f7000d3a0ebc70,1899-12-30T00:00:00,,0.0,0.0,ADMIN,ADMIN,ADMIN,,,
0,0,,eab48b00e15b4d66883fbfc50e5d3422,,Event Occurs,0,0,2013-07-04T08:45:27,2013-07-04T08:45:47,0,5f0e71c3e4b811e2be9650b7c3954f49,1899-12-30T00:00:00,,0.0,0.0,,,,6,6,6
0,0,,0b248d2767a3438ba9dc1188028d64e5,,Customer Order Confirmed,0,0,2004-04-04T16:00:05,2004-04-04T16:00:38,0,5f495b10864011d8bc200003476dfa9b,1899-12-30T00:00:00,,0.0,0.0,ADMIN,ADMIN,ADMIN,,,
0,0,,eab48b00e15b4d66883fbfc50e5d3422,,Customer  accepts design,0,0,2004-03-17T17:33:05,2004-03-17T17:35:36,0,62097c61782811d8bc1d0003476dfa9b,1899-12-30T00:00:00,,0.0,0.0,ADMIN,ADMIN,ADMIN,,,
0,0,,0b248d2767a3438ba9dc1188028d64e5,,Service Orders Statuses Notification,0,0,2004-04-04T16:21:39,2004-04-04T16:23:04,0,62cb9e02864311d8bc200003476dfa9b,1899-12-30T00:00:00,,0.0,0.0,ADMIN,ADMIN,ADMIN,,,
0,0,,0b248d2767a3438ba9dc1188028d64e5,,eMail,0,0,2013-07-24T06:27:26,2013-07-24T06:27:26,0,64519d6ff45c11e2a792002590713bc0,1899-12-30T00:00:00,,0.0,0.0,,,,6,6,6
0,0,,0b248d2767a3438ba9dc1188028d64e5,,Phone Call,0,0,2013-07-24T06:27:26,2013-07-24T06:27:26,0,64519d70f45c11e2a792002590713bc0,1899-12-30T00:00:00,,0.0,0.0,,,,6,6,6
0,0,,0b248d2767a3438ba9dc1188028d64e5,,Web Interface,0,0,2013-07-24T06:27:26,2013-07-24T06:27:26,0,64519d71f45c11e2a792002590713bc0,1899-12-30T00:00:00,,0.0,0.0,,,,6,6,6
0,0,,0b248d2767a3438ba9dc1188028d64e5,,Event Management,0,0,2013-07-24T06:27:26,2013-07-24T06:27:26,0,64519d72f45c11e2a792002590713bc0,1899-12-30T00:00:00,,0.0,0.0,,,,6,6,6
0,0,,3ef3579c57bf48c8b858027f8f762661,,Pre-Order,0,0,2003-04-09T12:01:14,2003-04-09T12:01:23,0,658ea34444ca4574a9b1db9b4e5fd733,1899-12-30T00:00:00,,0.0,0.0,ADMIN,ADMIN,ADMIN,,,
0,0,,0b248d2767a3438ba9dc1188028d64e5,,Design Completed,0,0,2004-03-17T10:59:30,2004-03-17T10:59:39,0,6672d93477f111d8bc1d0003476dfa9b,1899-12-30T00:00:00,,0.0,0.0,ADMIN,ADMIN,ADMIN,,,
0,0,,0b248d2767a3438ba9dc1188028d64e5,,Start Report Resource Trouble,0,0,2012-02-01T16:19:27,2012-02-01T16:19:27,0,6b002ac94d1a11e1a996002564cb911c,1899-12-30T00:00:00,,0.0,0.0,ADMIN,ADMIN,ADMIN,,,
0,0,,0b248d2767a3438ba9dc1188028d64e5,,Enbd Report Resource Trouble,0,0,2012-02-01T16:19:32,2012-02-01T16:19:32,0,6b002aca4d1a11e1a996002564cb911c,1899-12-30T00:00:00,,0.0,0.0,ADMIN,ADMIN,ADMIN,,,
0,0,,0b248d2767a3438ba9dc1188028d64e5,,End Create Resource Trouble Report,0,0,2012-02-01T15:58:08,2012-02-01T15:58:10,0,6b0a02224d1711e1a996002564cb911c,1899-12-30T00:00:00,,0.0,0.0,ADMIN,ADMIN,ADMIN,,,
0,0,,0b248d2767a3438ba9dc1188028d64e5,,End Report Customer Problem,0,0,2012-02-01T15:07:54,2012-02-01T15:07:56,0,6c62e6264d1011e1a996002564cb911c,1899-12-30T00:00:00,,0.0,0.0,ADMIN,ADMIN,ADMIN,,,
0,0,,0b248d2767a3438ba9dc1188028d64e5,,Action(s) carried out,0,0,2005-05-12T18:01:06,2005-05-12T18:01:32,0,6d88b501c30711d981b70010c6589928,1899-12-30T00:00:00,,0.0,0.0,ADMIN,ADMIN,ADMIN,,,
0,0,,0b248d2767a3438ba9dc1188028d64e5,,Start Track & Manage Resource Trouble,0,0,2012-02-01T16:33:51,2012-02-01T16:33:51,0,6de45d044d1c11e1a996002564cb911c,1899-12-30T00:00:00,,0.0,0.0,ADMIN,ADMIN,ADMIN,,,
0,0,,0b248d2767a3438ba9dc1188028d64e5,,End Track & Manage Resource Trouble,0,0,2012-02-01T16:33:56,2012-02-01T16:33:56,0,6de45d054d1c11e1a996002564cb911c,1899-12-30T00:00:00,,0.0,0.0,ADMIN,ADMIN,ADMIN,,,
0,0,,0b248d2767a3438ba9dc1188028d64e5,,Offer Accepted,0,0,2009-03-27T10:41:24,2010-06-21T11:12:03,0,6f2134701ab311deb424000e35d948d7,1899-12-30T00:00:00,,0.0,0.0,ADMIN,ADMIN,ADMIN,,,
0,0,,0b248d2767a3438ba9dc1188028d64e5,,Start Report Customer Problem,0,0,2012-02-01T15:01:01,2012-02-01T15:01:24,0,75e8327c4d0f11e1a996002564cb911c,1899-12-30T00:00:00,,0.0,0.0,ADMIN,ADMIN,ADMIN,,,
0,0,,eab48b00e15b4d66883fbfc50e5d3422,,Customer Domain,0,0,2022-03-17T14:06:57,2022-03-17T14:07:03,0,7bb1576ba5fb11ec94f7000d3a0ebc70,1899-12-30T00:00:00,,0.0,0.0,ADMIN,ADMIN,ADMIN,,,
0,0,,0b248d2767a3438ba9dc1188028d64e5,,End Correct & Resolve Resource Trouble,0,0,2012-02-01T15:51:19,2012-02-01T15:51:20,0,7ce007814d1611e1a996002564cb911c,1899-12-30T00:00:00,,0.0,0.0,ADMIN,ADMIN,ADMIN,,,
0,0,,0b248d2767a3438ba9dc1188028d64e5,,Start Report Service Problem,0,0,2012-02-02T17:59:00,2012-02-02T17:59:00,0,7deff9ec4df111e1a996002564cb911c,1899-12-30T00:00:00,,0.0,0.0,ADMIN,ADMIN,ADMIN,,,
0,0,,0b248d2767a3438ba9dc1188028d64e5,,End Survey & Analyze Service Problem,0,0,2012-02-02T18:20:32,2012-02-02T18:20:32,0,801e67a74df411e1a996002564cb911c,1899-12-30T00:00:00,,0.0,0.0,ADMIN,ADMIN,ADMIN,,,
0,0,,0b248d2767a3438ba9dc1188028d64e5,,Formalized service configuration change,0,0,2003-02-12T18:01:42,2003-07-31T18:52:14,0,81c7ac91d75f47adb4c9521c3884832a,1899-12-30T00:00:00,,0.0,0.0,ADMIN,ADMIN,ADMIN,,,
0,0,,0b248d2767a3438ba9dc1188028d64e5,,Close Service Trouble Report,0,0,2012-02-15T09:22:37,2012-02-15T09:22:37,0,81dceb9357e011e1aa36002564cb911c,1899-12-30T00:00:00,,0.0,0.0,ADMIN,ADMIN,ADMIN,,,
0,0,,0b248d2767a3438ba9dc1188028d64e5,,End Close Service Trouble Report,0,0,2012-02-15T09:22:44,2012-02-15T09:22:44,0,81dceb9457e011e1aa36002564cb911c,1899-12-30T00:00:00,,0.0,0.0,ADMIN,ADMIN,ADMIN,,,
0,0,,3ef3579c57bf48c8b858027f8f762661,,Authorize Call,0,0,2004-04-14T18:29:28,2004-08-05T19:49:20,-1,84019fac8e2811d8bc200003476dfa9b,1899-12-30T00:00:00,,0.0,0.0,ADMIN,ADMIN,ADMIN,,,
0,0,,eab48b00e15b4d66883fbfc50e5d3422,,Debit Request,0,0,2004-05-12T10:32:29,2004-05-12T10:39:31,0,85af9000a3e611d8bc2f0003476dfa9b,1899-12-30T00:00:00,,0.0,0.0,ADMIN,ADMIN,ADMIN,,,
0,0,,0b248d2767a3438ba9dc1188028d64e5,,Start Track & Manage Customer Problem,0,0,2012-02-01T15:08:40,2012-02-01T15:08:42,0,87733e494d1011e1a996002564cb911c,1899-12-30T00:00:00,,0.0,0.0,ADMIN,ADMIN,ADMIN,,,
0,0,,0b248d2767a3438ba9dc1188028d64e5,,End Track & Manage Customer Problem,0,0,2012-02-01T15:08:44,2012-02-01T15:08:46,0,87733e4a4d1011e1a996002564cb911c,1899-12-30T00:00:00,,0.0,0.0,ADMIN,ADMIN,ADMIN,,,
0,0,,3ef3579c57bf48c8b858027f8f762661,,Service Details for Billing,0,0,2003-03-12T17:12:48,2003-03-12T17:12:58,0,8ae59ac92e354f47bd0c4cb291997e98,1899-12-30T00:00:00,,0.0,0.0,ADMIN,ADMIN,ADMIN,,,
0,0,,0b248d2767a3438ba9dc1188028d64e5,,Advice of Charge Request,0,0,2004-07-01T13:00:59,2010-05-06T23:07:51,0,8cd6dda0cb4511d8bc390003476dfa9b,1899-12-30T00:00:00,,0.0,0.0,ADMIN,ADMIN,ADMIN,,,
0,0,,eab48b00e15b4d66883fbfc50e5d3422,"Customer is reporting problems with a service like
-- QoS degeneration
-- Permanent or temporary loss of communication 
or is requesting a status update on already reported problems",Customer Reports Problem,0,0,2001-02-06T12:28:53,2003-02-26T22:32:12,0,8d3a62da8a5846b08c605f9f9c05441a,1899-12-30T00:00:00,,0.0,0.0,ADMIN,ADMIN,ADMIN,,,
0,0,,0b248d2767a3438ba9dc1188028d64e5,,Start Survey & Analyze Service Problem,0,0,2012-02-02T18:13:46,2012-02-02T18:13:46,0,8de2a6174df311e1a996002564cb911c,1899-12-30T00:00:00,,0.0,0.0,ADMIN,ADMIN,ADMIN,,,
0,0,,0b248d2767a3438ba9dc1188028d64e5,,result 3 WM 1311,0,0,2013-07-19T08:57:40,2013-07-19T08:57:40,0,8e1cae4ff08311e2a792002590713bc0,1899-12-30T00:00:00,,0.0,0.0,,,,6,6,6
0,0,,0b248d2767a3438ba9dc1188028d64e5,,Internal Resources Activated,0,0,2004-03-18T12:03:55,2004-03-18T12:04:17,0,904f0d6578c311d8bc1d0003476dfa9b,1899-12-30T00:00:00,,0.0,0.0,ADMIN,ADMIN,ADMIN,,,
0,0,,0b248d2767a3438ba9dc1188028d64e5,,Start Localize Resource Trouble,0,0,2012-02-01T15:59:15,2012-02-01T15:59:17,0,98a83a3f4d1711e1a996002564cb911c,1899-12-30T00:00:00,,0.0,0.0,ADMIN,ADMIN,ADMIN,,,
0,0,,0b248d2767a3438ba9dc1188028d64e5,,Input to SLA Lifecycle Stage 1 Product Development,0,0,2005-05-13T09:54:22,2005-05-13T09:55:09,0,98e76a03c38c11d981b70010c6589928,1899-12-30T00:00:00,,0.0,0.0,ADMIN,ADMIN,ADMIN,,,
0,0,,0b248d2767a3438ba9dc1188028d64e5,,Internal Resources activation completed,0,0,2004-03-18T12:04:24,2004-03-18T12:04:56,0,a1833b5178c311d8bc1d0003476dfa9b,1899-12-30T00:00:00,,0.0,0.0,ADMIN,ADMIN,ADMIN,,,
0,0,,0b248d2767a3438ba9dc1188028d64e5,,Trouble Tiicket or Request,0,0,2009-04-17T11:10:50,2009-04-17T11:11:08,0,a4bba7a02b2f11deb424000e35d948d7,1899-12-30T00:00:00,,0.0,0.0,ADMIN,ADMIN,ADMIN,,,
0,0,,0b248d2767a3438ba9dc1188028d64e5,,Service Activation Completed,0,0,2004-04-04T14:50:42,2004-04-04T14:51:04,0,adfe5396863611d8bc200003476dfa9b,1899-12-30T00:00:00,,0.0,0.0,ADMIN,ADMIN,ADMIN,,,
0,0,,0b248d2767a3438ba9dc1188028d64e5,,Start Create Resource Trouble Report,0,0,2012-02-01T15:52:44,2012-02-01T15:52:46,0,af65f7534d1611e1a996002564cb911c,1899-12-30T00:00:00,,0.0,0.0,ADMIN,ADMIN,ADMIN,,,
0,0,,0b248d2767a3438ba9dc1188028d64e5,,Correct & Recover Customer Problem,0,0,2012-02-01T13:01:08,2012-02-01T13:01:15,0,b1300cf84cfe11e1a996002564cb911c,1899-12-30T00:00:00,,0.0,0.0,ADMIN,ADMIN,ADMIN,,,
0,0,,eab48b00e15b4d66883fbfc50e5d3422,,Customer Enquiry made,0,0,2005-05-13T09:47:53,2005-05-13T09:48:13,0,b178f7ddc38b11d981b70010c6589928,1899-12-30T00:00:00,,0.0,0.0,ADMIN,ADMIN,ADMIN,,,
0,0,,0b248d2767a3438ba9dc1188028d64e5,,Ressource Data Available,0,0,2004-09-01T12:18:50,2004-09-01T12:19:11,0,b2b04361fc0811d8af0c005056c00008,1899-12-30T00:00:00,,0.0,0.0,ADMIN,ADMIN,ADMIN,,,
0,0,,0b248d2767a3438ba9dc1188028d64e5,,Design Completion,0,0,2004-03-17T11:01:43,2004-03-17T11:02:08,0,b5bcb08a77f111d8bc1d0003476dfa9b,1899-12-30T00:00:00,,0.0,0.0,ADMIN,ADMIN,ADMIN,,,
0,0,,0b248d2767a3438ba9dc1188028d64e5,,Start Diagnose Service Problem,0,0,2012-02-02T10:22:28,2012-02-02T10:22:28,0,b6c2eed74db111e1a996002564cb911c,1899-12-30T00:00:00,,0.0,0.0,ADMIN,ADMIN,ADMIN,,,
0,0,,3ef3579c57bf48c8b858027f8f762661,,External Order Issued,0,0,2003-03-12T17:55:54,2003-03-12T17:56:06,0,b8df9093e56243d299f2bf00c3b0dcae,1899-12-30T00:00:00,,0.0,0.0,ADMIN,ADMIN,ADMIN,,,
0,0,,3ef3579c57bf48c8b858027f8f762661,,Result,0,0,2013-03-18T02:49:24,2013-03-18T02:49:24,0,ba66c75f8fa811e2a792002590713bc0,1899-12-30T00:00:00,,0.0,0.0,,,,6,6,6
0,0,,eab48b00e15b4d66883fbfc50e5d3422,,New start,0,0,2013-03-18T02:49:24,2013-03-18T02:49:24,0,ba66c7608fa811e2a792002590713bc0,1899-12-30T00:00:00,,0.0,0.0,,,,6,6,6
0,0,,0b248d2767a3438ba9dc1188028d64e5,,Order Completion Notification,0,0,2001-01-19T11:01:43,2001-01-19T11:02:00,0,baa3c6277005443a9c91a55cc2590d6b,1899-12-30T00:00:00,,0.0,0.0,ADMIN,ADMIN,ADMIN,,,
0,0,,3ef3579c57bf48c8b858027f8f762661,,Order Status,0,0,2003-05-01T03:34:54,2003-05-01T03:35:01,0,be40c25ee0e6481ba7932f806732640c,1899-12-30T00:00:00,,0.0,0.0,ADMIN,ADMIN,ADMIN,,,
0,0,,0b248d2767a3438ba9dc1188028d64e5,,Details of Complaint,0,0,2009-10-01T17:55:00,2010-06-21T11:09:30,0,c5a57240aea211deb432000e35d948d7,1899-12-30T00:00:00,,0.0,0.0,ADMIN,ADMIN,ADMIN,,,
0,0,,eab48b00e15b4d66883fbfc50e5d3422,,External Resource Activated,0,0,2003-05-01T03:14:50,2003-05-01T03:15:13,0,c7af81b51118407ba0da00edc1447545,1899-12-30T00:00:00,,0.0,0.0,ADMIN,ADMIN,ADMIN,,,
0,0,,3ef3579c57bf48c8b858027f8f762661,,Customer Feedback,0,0,2012-08-20T09:07:42,2012-08-20T09:08:23,0,cbd71ad0ead811e19647984be1bad6a0,1899-12-30T00:00:00,,0.0,0.0,ADMIN,ADMIN,ADMIN,,,
0,0,,0b248d2767a3438ba9dc1188028d64e5,,Request to develop new product or change an existing product,0,0,2005-05-16T10:45:08,2005-05-16T10:45:34,0,ce3ba710c5e611d981b70010c6589928,1899-12-30T00:00:00,,0.0,0.0,ADMIN,ADMIN,ADMIN,,,
0,0,,0b248d2767a3438ba9dc1188028d64e5,,Release Balance reservation,0,0,2004-08-05T19:45:13,2004-08-05T19:45:40,0,d1b3dba8e6fe11d8bc4b0003476dfa9b,1899-12-30T00:00:00,,0.0,0.0,ADMIN,ADMIN,ADMIN,,,
0,0,,0b248d2767a3438ba9dc1188028d64e5,,Charge presented to Customer,0,0,2004-07-01T13:02:55,2010-05-06T23:05:14,0,d1fdfb52cb4511d8bc390003476dfa9b,1899-12-30T00:00:00,,0.0,0.0,ADMIN,ADMIN,ADMIN,,,
0,0,,0b248d2767a3438ba9dc1188028d64e5,,Service specification consistent with SLA,0,0,2003-02-12T18:18:32,2003-07-31T18:52:03,0,d51e09acdc424ced8e0deaee647c071e,1899-12-30T00:00:00,,0.0,0.0,ADMIN,ADMIN,ADMIN,,,
0,0,,0b248d2767a3438ba9dc1188028d64e5,,Start Create Service Trouble Report,0,0,2012-02-01T16:43:55,2012-02-01T16:43:59,0,d5de396e4d1d11e1a996002564cb911c,1899-12-30T00:00:00,,0.0,0.0,ADMIN,ADMIN,ADMIN,,,
0,0,,0b248d2767a3438ba9dc1188028d64e5,,End Create Service Trouble Report,0,0,2012-02-01T16:44:04,2012-02-01T16:44:04,0,d5de396f4d1d11e1a996002564cb911c,1899-12-30T00:00:00,,0.0,0.0,ADMIN,ADMIN,ADMIN,,,
0,0,,0b248d2767a3438ba9dc1188028d64e5,,Final Report,0,0,2009-04-17T11:40:54,2009-04-17T11:41:03,0,d7acc7c02b3311deb424000e35d948d7,1899-12-30T00:00:00,,0.0,0.0,ADMIN,ADMIN,ADMIN,,,
0,0,,3ef3579c57bf48c8b858027f8f762661,,External Order Status Requested,0,0,2001-03-09T09:30:57,2004-04-04T16:05:45,0,d979b252f2d74d31bbaeff5c049c01ce,1899-12-30T00:00:00,,0.0,0.0,ADMIN,ADMIN,ADMIN,,,
0,0,,0b248d2767a3438ba9dc1188028d64e5,,End Correct & Resolve Service Problem,0,0,2012-02-02T09:04:46,2012-02-02T09:04:46,0,dbcdb6e24da611e1a996002564cb911c,1899-12-30T00:00:00,,0.0,0.0,ADMIN,ADMIN,ADMIN,,,
0,0,,0b248d2767a3438ba9dc1188028d64e5,,End Close Customer Problem Report,0,0,2012-02-01T11:36:20,2012-02-01T11:41:29,0,de1921e64cf211e1a996002564cb911c,1899-12-30T00:00:00,,0.0,0.0,ADMIN,ADMIN,ADMIN,,,
0,0,,eab48b00e15b4d66883fbfc50e5d3422,,Partner Performance Data Available,0,0,2003-02-24T15:03:40,2003-02-24T15:04:01,0,e04df32b3a4b4b13bdf3a9adcaf4de6d,1899-12-30T00:00:00,,0.0,0.0,ADMIN,ADMIN,ADMIN,,,
0,0,,0b248d2767a3438ba9dc1188028d64e5,,Resource restored,0,0,2001-06-29T08:30:11,2005-05-12T17:58:04,0,e393cb99bbb24caab878d72ba0d4a98f,1899-12-30T00:00:00,,0.0,0.0,ADMIN,ADMIN,ADMIN,,,
0,0,,eab48b00e15b4d66883fbfc50e5d3422,,Service Order Statuses Received,0,0,2004-04-04T16:18:13,2004-04-04T16:22:58,0,e3a8790e864211d8bc200003476dfa9b,1899-12-30T00:00:00,,0.0,0.0,ADMIN,ADMIN,ADMIN,,,
0,0,,0b248d2767a3438ba9dc1188028d64e5,,Internal resource Provisionned,0,0,2004-03-17T18:12:39,2004-03-17T18:13:29,0,e8f0d0cc782d11d8bc1d0003476dfa9b,1899-12-30T00:00:00,,0.0,0.0,ADMIN,ADMIN,ADMIN,,,
0,0,,eab48b00e15b4d66883fbfc50e5d3422,,Cross Domain,0,0,2022-03-18T13:26:08,2022-03-18T13:26:14,0,f23c23fba6be11ec94f7000d3a0ebc70,1899-12-30T00:00:00,,0.0,0.0,ADMIN,ADMIN,ADMIN,,,
0,0,,eab48b00e15b4d66883fbfc50e5d3422,,Product Domain,0,0,2022-03-17T14:10:09,2022-03-17T14:10:15,0,f2a122bea5fb11ec94f7000d3a0ebc70,1899-12-30T00:00:00,,0.0,0.0,ADMIN,ADMIN,ADMIN,,,
0,0,,0b248d2767a3438ba9dc1188028d64e5,,Sales catalog updated with new or modified product,0,0,2005-05-16T10:46:18,2005-05-16T10:46:38,0,f7a571f0c5e611d981b70010c6589928,1899-12-30T00:00:00,,0.0,0.0,ADMIN,ADMIN,ADMIN,,,
0,0,,0b248d2767a3438ba9dc1188028d64e5,,Start Correct & Resolve Service Problem,0,0,2012-02-01T16:52:01,2012-02-01T16:52:01,0,f7cc74e74d1e11e1a996002564cb911c,1899-12-30T00:00:00,,0.0,0.0,ADMIN,ADMIN,ADMIN,,,
0,0,,0b248d2767a3438ba9dc1188028d64e5,,End Create Customer Problem Report,0,0,2012-02-01T14:50:20,2012-02-01T14:50:26,0,f82cdd664d0d11e1a996002564cb911c,1899-12-30T00:00:00,,0.0,0.0,ADMIN,ADMIN,ADMIN,,,
0,0,,0b248d2767a3438ba9dc1188028d64e5,,Start Track & Manage Service Problem,0,0,2012-02-03T09:25:51,2012-02-03T09:25:51,0,f8cc41894e7211e1a996002564cb911c,1899-12-30T00:00:00,,0.0,0.0,ADMIN,ADMIN,ADMIN,,,
0,0,,3ef3579c57bf48c8b858027f8f762661,,Customer QoS Report Received,0,0,2003-01-23T13:46:34,2004-03-26T11:34:06,-1,f93966a445084e4cb6d3d9b0195450f7,1899-12-30T00:00:00,,0.0,0.0,ADMIN,ADMIN,ADMIN,,,
0,0,,eab48b00e15b4d66883fbfc50e5d3422,,Customer Request (Incident),0,0,2012-08-20T08:25:59,2012-08-20T08:28:49,0,fb6da080ead211e19647984be1bad6a0,1899-12-30T00:00:00,,0.0,0.0,ADMIN,ADMIN,ADMIN,,,
0,0,,eab48b00e15b4d66883fbfc50e5d3422,,Partner Billing Data Available,0,0,2003-02-24T16:34:06,2003-02-24T16:35:03,0,fe18d1f663d1486590a14cb8180e176e,1899-12-30T00:00:00,,0.0,0.0,ADMIN,ADMIN,ADMIN,,,
