@DESCRIPTION,@EXPORTFLAG,@DATEVALIDATED,@VALIDATED,@WHENCREATED,@TYPE,@TEMPLATE,@NAME,@ALLOWAUTOMATICDELETION,@WHENUPDATED,@UNIQUEIDENTIFIER,RCABOVEOBJECT@UNIQUEIDENTIFIER,RCABOVEOBJECT@ANYOBJECTDESTINATION,RCBELOWOBJECT@UNIQUEIDENTIFIER,RCBELOWOBJECT@ANYOBJECTDESTINATION,RCWHOCREATEDTOUSER@UNIQUEIDENTIFIER,RCWHOOWNSTOUSER@UNIQUEIDENTIFIER,RCWHOUPDATEDTOUSER@UNIQUEIDENTIFIER
,0,1899-12-30T00:00:00,0,2020-03-31T15:14:25,,0,,0,2020-03-31T15:14:25,4e3c7e5c736211ea80ee000d3a02ed0d,bd2c8884815f11db9401000e3573f0d3,TAMDOMAIN,4e3c7e5d736211ea80ee000d3a02ed0d,ENTITY,ATALMOR,ATALMOR,ATALMOR
,0,1899-12-30T00:00:00,0,2020-03-31T15:14:26,,0,,0,2020-03-31T15:14:26,4e3c7e5e736211ea80ee000d3a02ed0d,bd2c8884815f11db9401000e3573f0d3,TAMDOMAIN,4e3c7e5f736211ea80ee000d3a02ed0d,ENTITY,ATALMOR,ATALMOR,ATALMOR
,0,1899-12-30T00:00:00,0,2020-03-31T15:14:26,,0,,0,2020-03-31T15:14:26,4e3c7e60736211ea80ee000d3a02ed0d,bd2c8884815f11db9401000e3573f0d3,TAMDOMAIN,4e3c7e61736211ea80ee000d3a02ed0d,ENTITY,ATALMOR,ATALMOR,ATALMOR
,0,1899-12-30T00:00:00,0,2020-03-31T15:14:26,,0,,0,2020-03-31T15:14:26,4e3c7e62736211ea80ee000d3a02ed0d,bd2c8884815f11db9401000e3573f0d3,TAMDOMAIN,4e3c7e63736211ea80ee000d3a02ed0d,ENTITY,ATALMOR,ATALMOR,ATALMOR
,0,1899-12-30T00:00:00,0,2020-03-31T15:14:26,,0,,0,2020-03-31T15:14:26,4e3c7e64736211ea80ee000d3a02ed0d,bd2c8884815f11db9401000e3573f0d3,TAMDOMAIN,4e3c7e65736211ea80ee000d3a02ed0d,ENTITY,ATALMOR,ATALMOR,ATALMOR
,0,1899-12-30T00:00:00,0,2020-03-31T15:14:26,,0,,0,2020-03-31T15:14:26,4e3c7e66736211ea80ee000d3a02ed0d,bd2c8884815f11db9401000e3573f0d3,TAMDOMAIN,4e3c7e67736211ea80ee000d3a02ed0d,ENTITY,ATALMOR,ATALMOR,ATALMOR
,0,1899-12-30T00:00:00,0,2020-03-31T15:14:26,,0,,0,2020-03-31T15:14:26,4e3c7e68736211ea80ee000d3a02ed0d,bd2c8884815f11db9401000e3573f0d3,TAMDOMAIN,4e3c7e69736211ea80ee000d3a02ed0d,ENTITY,ATALMOR,ATALMOR,ATALMOR
,0,1899-12-30T00:00:00,0,2020-03-31T15:14:26,,0,,0,2020-03-31T15:14:26,4e3c7e6a736211ea80ee000d3a02ed0d,bd2c8884815f11db9401000e3573f0d3,TAMDOMAIN,4e3c7e6b736211ea80ee000d3a02ed0d,ENTITY,ATALMOR,ATALMOR,ATALMOR
,0,1899-12-30T00:00:00,0,2020-03-31T15:14:26,,0,,0,2020-03-31T15:14:26,4e3c7e6c736211ea80ee000d3a02ed0d,bd2c8884815f11db9401000e3573f0d3,TAMDOMAIN,4e3c7e6d736211ea80ee000d3a02ed0d,ENTITY,ATALMOR,ATALMOR,ATALMOR
,0,1899-12-30T00:00:00,0,2020-03-31T15:14:26,,0,,0,2020-03-31T15:14:26,4e3c7e6e736211ea80ee000d3a02ed0d,bd2c8884815f11db9401000e3573f0d3,TAMDOMAIN,4e3c7e6f736211ea80ee000d3a02ed0d,ENTITY,ATALMOR,ATALMOR,ATALMOR
,0,1899-12-30T00:00:00,0,2020-03-31T15:14:26,,0,,0,2020-03-31T15:14:26,4e3c7e70736211ea80ee000d3a02ed0d,bd2c8884815f11db9401000e3573f0d3,TAMDOMAIN,4e3c7e71736211ea80ee000d3a02ed0d,ENTITY,ATALMOR,ATALMOR,ATALMOR
,0,1899-12-30T00:00:00,0,2020-03-31T15:14:26,,0,,0,2020-03-31T15:14:26,4e3c7e72736211ea80ee000d3a02ed0d,bd2c886f815f11db9401000e3573f0d3,TAMDOMAIN,4e3c7e73736211ea80ee000d3a02ed0d,ENTITY,ATALMOR,ATALMOR,ATALMOR
,0,1899-12-30T00:00:00,0,2020-03-31T15:14:26,,0,,0,2020-03-31T15:14:26,4e3c7e74736211ea80ee000d3a02ed0d,bd2c886f815f11db9401000e3573f0d3,TAMDOMAIN,4e3c7e75736211ea80ee000d3a02ed0d,ENTITY,ATALMOR,ATALMOR,ATALMOR
,0,1899-12-30T00:00:00,0,2020-03-31T15:14:27,,0,,0,2020-03-31T15:14:27,4e3c7e76736211ea80ee000d3a02ed0d,bd2c886f815f11db9401000e3573f0d3,TAMDOMAIN,4e3c7e77736211ea80ee000d3a02ed0d,ENTITY,ATALMOR,ATALMOR,ATALMOR
,0,1899-12-30T00:00:00,0,2020-03-31T15:14:27,,0,,0,2020-03-31T15:14:27,4e3c7e78736211ea80ee000d3a02ed0d,bd2c886f815f11db9401000e3573f0d3,TAMDOMAIN,4e3c7e79736211ea80ee000d3a02ed0d,ENTITY,ATALMOR,ATALMOR,ATALMOR
,0,1899-12-30T00:00:00,0,2020-03-31T15:14:27,,0,,0,2020-03-31T15:14:27,4e3c7e7a736211ea80ee000d3a02ed0d,bd2c886f815f11db9401000e3573f0d3,TAMDOMAIN,4e3c7e7b736211ea80ee000d3a02ed0d,ENTITY,ATALMOR,ATALMOR,ATALMOR
,0,1899-12-30T00:00:00,0,2020-03-31T15:14:27,,0,,0,2020-03-31T15:14:27,4e3c7e7c736211ea80ee000d3a02ed0d,bd2c886f815f11db9401000e3573f0d3,TAMDOMAIN,4e3c7e7d736211ea80ee000d3a02ed0d,ENTITY,ATALMOR,ATALMOR,ATALMOR
,0,1899-12-30T00:00:00,0,2020-03-31T15:14:27,,0,,0,2020-03-31T15:14:27,4e3c7e7e736211ea80ee000d3a02ed0d,bd2c886f815f11db9401000e3573f0d3,TAMDOMAIN,4e3c7e7f736211ea80ee000d3a02ed0d,ENTITY,ATALMOR,ATALMOR,ATALMOR
,0,1899-12-30T00:00:00,0,2020-03-31T15:14:27,,0,,0,2020-03-31T15:14:27,4e3c7e80736211ea80ee000d3a02ed0d,bd2c886f815f11db9401000e3573f0d3,TAMDOMAIN,4e3c7e81736211ea80ee000d3a02ed0d,ENTITY,ATALMOR,ATALMOR,ATALMOR
,0,1899-12-30T00:00:00,0,2020-03-31T15:14:27,,0,,0,2020-03-31T15:14:27,4e3c7e82736211ea80ee000d3a02ed0d,bd2c886f815f11db9401000e3573f0d3,TAMDOMAIN,4e3c7e83736211ea80ee000d3a02ed0d,ENTITY,ATALMOR,ATALMOR,ATALMOR
,0,1899-12-30T00:00:00,0,2020-03-31T15:14:27,,0,,0,2020-03-31T15:14:27,4e3c7e84736211ea80ee000d3a02ed0d,bd2c886f815f11db9401000e3573f0d3,TAMDOMAIN,4e3c7e85736211ea80ee000d3a02ed0d,ENTITY,ATALMOR,ATALMOR,ATALMOR
,0,1899-12-30T00:00:00,0,2020-03-31T15:14:27,,0,,0,2020-03-31T15:14:27,4e3c7e86736211ea80ee000d3a02ed0d,bd2c886f815f11db9401000e3573f0d3,TAMDOMAIN,4e3c7e87736211ea80ee000d3a02ed0d,ENTITY,ATALMOR,ATALMOR,ATALMOR
,0,1899-12-30T00:00:00,0,2020-03-31T15:14:27,,0,,0,2020-03-31T15:14:27,4e3c7e88736211ea80ee000d3a02ed0d,bd2c886f815f11db9401000e3573f0d3,TAMDOMAIN,4e3c7e89736211ea80ee000d3a02ed0d,ENTITY,ATALMOR,ATALMOR,ATALMOR
,0,1899-12-30T00:00:00,0,2020-03-31T15:14:27,,0,,0,2020-03-31T15:14:27,4e3c7e8a736211ea80ee000d3a02ed0d,bd2c886f815f11db9401000e3573f0d3,TAMDOMAIN,4e3c7e8b736211ea80ee000d3a02ed0d,ENTITY,ATALMOR,ATALMOR,ATALMOR
,0,1899-12-30T00:00:00,0,2020-03-31T15:14:27,,0,,0,2020-03-31T15:14:27,4e3c7e8c736211ea80ee000d3a02ed0d,bd2c886f815f11db9401000e3573f0d3,TAMDOMAIN,4e3c7e8d736211ea80ee000d3a02ed0d,ENTITY,ATALMOR,ATALMOR,ATALMOR
,0,1899-12-30T00:00:00,0,2020-03-31T15:14:27,,0,,0,2020-03-31T15:14:27,4e3c7e8e736211ea80ee000d3a02ed0d,bd2c886f815f11db9401000e3573f0d3,TAMDOMAIN,4e3c7e8f736211ea80ee000d3a02ed0d,ENTITY,ATALMOR,ATALMOR,ATALMOR
,0,1899-12-30T00:00:00,0,2020-03-31T15:14:27,,0,,0,2020-03-31T15:14:27,4e3c7e90736211ea80ee000d3a02ed0d,bd2c8887815f11db9401000e3573f0d3,TAMDOMAIN,4e3c7e91736211ea80ee000d3a02ed0d,ENTITY,ATALMOR,ATALMOR,ATALMOR
,0,1899-12-30T00:00:00,0,2020-03-31T15:14:27,,0,,0,2020-03-31T15:14:27,4e3c7e92736211ea80ee000d3a02ed0d,bd2c8887815f11db9401000e3573f0d3,TAMDOMAIN,4e3c7e93736211ea80ee000d3a02ed0d,ENTITY,ATALMOR,ATALMOR,ATALMOR
,0,1899-12-30T00:00:00,0,2020-03-31T15:14:28,,0,,0,2020-03-31T15:14:28,4e3c7e94736211ea80ee000d3a02ed0d,bd2c8887815f11db9401000e3573f0d3,TAMDOMAIN,4e3c7e95736211ea80ee000d3a02ed0d,ENTITY,ATALMOR,ATALMOR,ATALMOR
,0,1899-12-30T00:00:00,0,2020-03-31T15:14:28,,0,,0,2020-03-31T15:14:28,4e3c7e96736211ea80ee000d3a02ed0d,bd2c8887815f11db9401000e3573f0d3,TAMDOMAIN,4e3c7e97736211ea80ee000d3a02ed0d,ENTITY,ATALMOR,ATALMOR,ATALMOR
,0,1899-12-30T00:00:00,0,2020-03-31T15:14:28,,0,,0,2020-03-31T15:14:28,4e3c7e98736211ea80ee000d3a02ed0d,bd2c8887815f11db9401000e3573f0d3,TAMDOMAIN,4e3c7e99736211ea80ee000d3a02ed0d,ENTITY,ATALMOR,ATALMOR,ATALMOR
,0,1899-12-30T00:00:00,0,2020-03-31T15:14:28,,0,,0,2020-03-31T15:14:28,4e3c7e9a736211ea80ee000d3a02ed0d,bd2c8887815f11db9401000e3573f0d3,TAMDOMAIN,4e3c7e9b736211ea80ee000d3a02ed0d,ENTITY,ATALMOR,ATALMOR,ATALMOR
,0,1899-12-30T00:00:00,0,2020-03-31T15:14:28,,0,,0,2020-03-31T15:14:28,4e3c7e9c736211ea80ee000d3a02ed0d,bd2c8887815f11db9401000e3573f0d3,TAMDOMAIN,4e3c7e9d736211ea80ee000d3a02ed0d,ENTITY,ATALMOR,ATALMOR,ATALMOR
,0,1899-12-30T00:00:00,0,2020-03-31T15:14:28,,0,,0,2020-03-31T15:14:28,4e3c7e9e736211ea80ee000d3a02ed0d,bd2c8887815f11db9401000e3573f0d3,TAMDOMAIN,4e3c7e9f736211ea80ee000d3a02ed0d,ENTITY,ATALMOR,ATALMOR,ATALMOR
,0,1899-12-30T00:00:00,0,2020-03-31T15:14:28,,0,,0,2020-03-31T15:14:28,4e3c7ea0736211ea80ee000d3a02ed0d,bd2c8887815f11db9401000e3573f0d3,TAMDOMAIN,4e3c7ea1736211ea80ee000d3a02ed0d,ENTITY,ATALMOR,ATALMOR,ATALMOR
,0,1899-12-30T00:00:00,0,2020-03-31T15:14:28,,0,,0,2020-03-31T15:14:28,4e3c7ea2736211ea80ee000d3a02ed0d,bd2c8887815f11db9401000e3573f0d3,TAMDOMAIN,4e3c7ea3736211ea80ee000d3a02ed0d,ENTITY,ATALMOR,ATALMOR,ATALMOR
,0,1899-12-30T00:00:00,0,2020-03-31T15:14:28,,0,,0,2020-03-31T15:14:28,4e3c7ea4736211ea80ee000d3a02ed0d,bd2c8887815f11db9401000e3573f0d3,TAMDOMAIN,4e3c7ea5736211ea80ee000d3a02ed0d,ENTITY,ATALMOR,ATALMOR,ATALMOR
,0,1899-12-30T00:00:00,0,2020-03-31T15:14:28,,0,,0,2020-03-31T15:14:28,4e3c7ea6736211ea80ee000d3a02ed0d,bd2c8887815f11db9401000e3573f0d3,TAMDOMAIN,4e3c7ea7736211ea80ee000d3a02ed0d,ENTITY,ATALMOR,ATALMOR,ATALMOR
,0,1899-12-30T00:00:00,0,2020-03-31T15:14:28,,0,,0,2020-03-31T15:14:28,4e3c7ea8736211ea80ee000d3a02ed0d,bd2c8887815f11db9401000e3573f0d3,TAMDOMAIN,4e3c7ea9736211ea80ee000d3a02ed0d,ENTITY,ATALMOR,ATALMOR,ATALMOR
,0,1899-12-30T00:00:00,0,2020-03-31T15:14:28,,0,,0,2020-03-31T15:14:28,4e3c7eaa736211ea80ee000d3a02ed0d,bd2c8887815f11db9401000e3573f0d3,TAMDOMAIN,4e3c7eab736211ea80ee000d3a02ed0d,ENTITY,ATALMOR,ATALMOR,ATALMOR
,0,1899-12-30T00:00:00,0,2020-03-31T15:14:28,,0,,0,2020-03-31T15:14:28,4e3c7eac736211ea80ee000d3a02ed0d,bd2c8887815f11db9401000e3573f0d3,TAMDOMAIN,4e3c7ead736211ea80ee000d3a02ed0d,ENTITY,ATALMOR,ATALMOR,ATALMOR
,0,1899-12-30T00:00:00,0,2020-03-31T15:14:28,,0,,0,2020-03-31T15:14:28,4e3c7eae736211ea80ee000d3a02ed0d,bd2c8887815f11db9401000e3573f0d3,TAMDOMAIN,4e3c7eaf736211ea80ee000d3a02ed0d,ENTITY,ATALMOR,ATALMOR,ATALMOR
,0,1899-12-30T00:00:00,0,2020-03-31T15:14:29,,0,,0,2020-03-31T15:14:29,4e3c7eb0736211ea80ee000d3a02ed0d,bd2c8887815f11db9401000e3573f0d3,TAMDOMAIN,4e3c7eb1736211ea80ee000d3a02ed0d,ENTITY,ATALMOR,ATALMOR,ATALMOR
,0,1899-12-30T00:00:00,0,2020-03-31T15:14:29,,0,,0,2020-03-31T15:14:29,4e3c7eb2736211ea80ee000d3a02ed0d,bd2c8887815f11db9401000e3573f0d3,TAMDOMAIN,4e3c7eb3736211ea80ee000d3a02ed0d,ENTITY,ATALMOR,ATALMOR,ATALMOR
,0,1899-12-30T00:00:00,0,2020-03-31T15:14:29,,0,,0,2020-03-31T15:14:29,4e3c7eb4736211ea80ee000d3a02ed0d,bd2c8887815f11db9401000e3573f0d3,TAMDOMAIN,4e3c7eb5736211ea80ee000d3a02ed0d,ENTITY,ATALMOR,ATALMOR,ATALMOR
,0,1899-12-30T00:00:00,0,2020-03-31T15:14:29,,0,,0,2020-03-31T15:14:29,4e3c7eb6736211ea80ee000d3a02ed0d,bd2c8887815f11db9401000e3573f0d3,TAMDOMAIN,4e3c7eb7736211ea80ee000d3a02ed0d,ENTITY,ATALMOR,ATALMOR,ATALMOR
,0,1899-12-30T00:00:00,0,2020-03-31T15:14:29,,0,,0,2020-03-31T15:14:29,4e3c7eb8736211ea80ee000d3a02ed0d,bd2c8887815f11db9401000e3573f0d3,TAMDOMAIN,4e3c7eb9736211ea80ee000d3a02ed0d,ENTITY,ATALMOR,ATALMOR,ATALMOR
,0,1899-12-30T00:00:00,0,2020-03-31T15:14:29,,0,,0,2020-03-31T15:14:29,4e3c7eba736211ea80ee000d3a02ed0d,bd2c8887815f11db9401000e3573f0d3,TAMDOMAIN,4e3c7ebb736211ea80ee000d3a02ed0d,ENTITY,ATALMOR,ATALMOR,ATALMOR
,0,1899-12-30T00:00:00,0,2020-03-31T15:14:29,,0,,0,2020-03-31T15:14:29,4e3c7ebc736211ea80ee000d3a02ed0d,bd2c8887815f11db9401000e3573f0d3,TAMDOMAIN,4e3c7ebd736211ea80ee000d3a02ed0d,ENTITY,ATALMOR,ATALMOR,ATALMOR
,0,1899-12-30T00:00:00,0,2020-03-31T15:14:29,,0,,0,2020-03-31T15:14:29,4e3c7ebe736211ea80ee000d3a02ed0d,bd2c8887815f11db9401000e3573f0d3,TAMDOMAIN,4e3c7ebf736211ea80ee000d3a02ed0d,ENTITY,ATALMOR,ATALMOR,ATALMOR
,0,1899-12-30T00:00:00,0,2020-03-31T15:14:29,,0,,0,2020-03-31T15:14:29,4e3c7ec0736211ea80ee000d3a02ed0d,bd2c8887815f11db9401000e3573f0d3,TAMDOMAIN,4e3c7ec1736211ea80ee000d3a02ed0d,ENTITY,ATALMOR,ATALMOR,ATALMOR
,0,1899-12-30T00:00:00,0,2020-03-31T15:14:29,,0,,0,2020-03-31T15:14:29,4e3c7ec2736211ea80ee000d3a02ed0d,bd2c8887815f11db9401000e3573f0d3,TAMDOMAIN,4e3c7ec3736211ea80ee000d3a02ed0d,ENTITY,ATALMOR,ATALMOR,ATALMOR
,0,1899-12-30T00:00:00,0,2020-03-31T15:14:29,,0,,0,2020-03-31T15:14:29,4e3c7ec4736211ea80ee000d3a02ed0d,bd2c888c815f11db9401000e3573f0d3,TAMDOMAIN,4e3c7ec5736211ea80ee000d3a02ed0d,ENTITY,ATALMOR,ATALMOR,ATALMOR
,0,1899-12-30T00:00:00,0,2020-03-31T15:14:29,,0,,0,2020-03-31T15:14:29,4e3c7ec6736211ea80ee000d3a02ed0d,bd2c888c815f11db9401000e3573f0d3,TAMDOMAIN,4e3c7ec7736211ea80ee000d3a02ed0d,ENTITY,ATALMOR,ATALMOR,ATALMOR
,0,1899-12-30T00:00:00,0,2020-03-31T15:14:30,,0,,0,2020-03-31T15:14:30,4e3c7ec8736211ea80ee000d3a02ed0d,bd2c888c815f11db9401000e3573f0d3,TAMDOMAIN,4e3c7ec9736211ea80ee000d3a02ed0d,ENTITY,ATALMOR,ATALMOR,ATALMOR
,0,1899-12-30T00:00:00,0,2020-03-31T15:14:30,,0,,0,2020-03-31T15:14:30,4e3c7eca736211ea80ee000d3a02ed0d,bd2c888c815f11db9401000e3573f0d3,TAMDOMAIN,4e3c7ecb736211ea80ee000d3a02ed0d,ENTITY,ATALMOR,ATALMOR,ATALMOR
,0,1899-12-30T00:00:00,0,2020-03-31T15:14:30,,0,,0,2020-03-31T15:14:30,4e3c7ecc736211ea80ee000d3a02ed0d,bd2c888c815f11db9401000e3573f0d3,TAMDOMAIN,4e3c7ecd736211ea80ee000d3a02ed0d,ENTITY,ATALMOR,ATALMOR,ATALMOR
,0,1899-12-30T00:00:00,0,2020-03-31T15:14:30,,0,,0,2020-03-31T15:14:30,4e3c7ece736211ea80ee000d3a02ed0d,bd2c888c815f11db9401000e3573f0d3,TAMDOMAIN,4e3c7ecf736211ea80ee000d3a02ed0d,ENTITY,ATALMOR,ATALMOR,ATALMOR
,0,1899-12-30T00:00:00,0,2020-03-31T15:14:30,,0,,0,2020-03-31T15:14:30,4e3c7ed0736211ea80ee000d3a02ed0d,bd2c888c815f11db9401000e3573f0d3,TAMDOMAIN,4e3c7ed1736211ea80ee000d3a02ed0d,ENTITY,ATALMOR,ATALMOR,ATALMOR
,0,1899-12-30T00:00:00,0,2020-03-31T15:14:30,,0,,0,2020-03-31T15:14:30,4e3c7ed2736211ea80ee000d3a02ed0d,bd2c888c815f11db9401000e3573f0d3,TAMDOMAIN,4e3c7ed3736211ea80ee000d3a02ed0d,ENTITY,ATALMOR,ATALMOR,ATALMOR
,0,1899-12-30T00:00:00,0,2020-03-31T15:14:30,,0,,0,2020-03-31T15:14:30,4e3c7ed4736211ea80ee000d3a02ed0d,bd2c888c815f11db9401000e3573f0d3,TAMDOMAIN,4e3c7ed5736211ea80ee000d3a02ed0d,ENTITY,ATALMOR,ATALMOR,ATALMOR
,0,1899-12-30T00:00:00,0,2020-03-31T15:14:30,,0,,0,2020-03-31T15:14:30,4e3c7ed6736211ea80ee000d3a02ed0d,bd2c888c815f11db9401000e3573f0d3,TAMDOMAIN,4e3c7ed7736211ea80ee000d3a02ed0d,ENTITY,ATALMOR,ATALMOR,ATALMOR
,0,1899-12-30T00:00:00,0,2020-03-31T15:14:30,,0,,0,2020-03-31T15:14:30,4e3c7ed8736211ea80ee000d3a02ed0d,bd2c888c815f11db9401000e3573f0d3,TAMDOMAIN,4e3c7ed9736211ea80ee000d3a02ed0d,ENTITY,ATALMOR,ATALMOR,ATALMOR
,0,1899-12-30T00:00:00,0,2020-03-31T15:14:30,,0,,0,2020-03-31T15:14:30,4e3c7eda736211ea80ee000d3a02ed0d,bd2c888c815f11db9401000e3573f0d3,TAMDOMAIN,4e3c7edb736211ea80ee000d3a02ed0d,ENTITY,ATALMOR,ATALMOR,ATALMOR
,0,1899-12-30T00:00:00,0,2020-03-31T15:14:30,,0,,0,2020-03-31T15:14:30,4e3c7edc736211ea80ee000d3a02ed0d,bd2c888c815f11db9401000e3573f0d3,TAMDOMAIN,4e3c7edd736211ea80ee000d3a02ed0d,ENTITY,ATALMOR,ATALMOR,ATALMOR
,0,1899-12-30T00:00:00,0,2020-03-31T15:14:30,,0,,0,2020-03-31T15:14:30,4e3c7ede736211ea80ee000d3a02ed0d,bd2c888c815f11db9401000e3573f0d3,TAMDOMAIN,4e3c7edf736211ea80ee000d3a02ed0d,ENTITY,ATALMOR,ATALMOR,ATALMOR
,0,1899-12-30T00:00:00,0,2020-03-31T15:14:30,,0,,0,2020-03-31T15:14:30,4e3c7ee0736211ea80ee000d3a02ed0d,bd2c888c815f11db9401000e3573f0d3,TAMDOMAIN,4e3c7ee1736211ea80ee000d3a02ed0d,ENTITY,ATALMOR,ATALMOR,ATALMOR
,0,1899-12-30T00:00:00,0,2020-03-31T15:14:30,,0,,0,2020-03-31T15:14:30,4e3c7ee2736211ea80ee000d3a02ed0d,bd2c888c815f11db9401000e3573f0d3,TAMDOMAIN,4e3c7ee3736211ea80ee000d3a02ed0d,ENTITY,ATALMOR,ATALMOR,ATALMOR
,0,1899-12-30T00:00:00,0,2020-03-31T15:14:31,,0,,0,2020-03-31T15:14:31,4e3c7ee4736211ea80ee000d3a02ed0d,bd2c888c815f11db9401000e3573f0d3,TAMDOMAIN,4e3c7ee5736211ea80ee000d3a02ed0d,ENTITY,ATALMOR,ATALMOR,ATALMOR
,0,1899-12-30T00:00:00,0,2020-03-31T15:14:31,,0,,0,2020-03-31T15:14:31,4e3c7ee6736211ea80ee000d3a02ed0d,bd2c888c815f11db9401000e3573f0d3,TAMDOMAIN,4e3c7ee7736211ea80ee000d3a02ed0d,ENTITY,ATALMOR,ATALMOR,ATALMOR
,0,1899-12-30T00:00:00,0,2020-03-31T15:14:31,,0,,0,2020-03-31T15:14:31,4e3c7ee8736211ea80ee000d3a02ed0d,bd2c888c815f11db9401000e3573f0d3,TAMDOMAIN,4e3c7ee9736211ea80ee000d3a02ed0d,ENTITY,ATALMOR,ATALMOR,ATALMOR
,0,1899-12-30T00:00:00,0,2020-03-31T15:14:31,,0,,0,2020-03-31T15:14:31,4e3c7eea736211ea80ee000d3a02ed0d,bd2c888c815f11db9401000e3573f0d3,TAMDOMAIN,4e3c7eeb736211ea80ee000d3a02ed0d,ENTITY,ATALMOR,ATALMOR,ATALMOR
,0,1899-12-30T00:00:00,0,2020-03-31T15:14:31,,0,,0,2020-03-31T15:14:31,4e3c7eec736211ea80ee000d3a02ed0d,bd2c888c815f11db9401000e3573f0d3,TAMDOMAIN,4e3c7eed736211ea80ee000d3a02ed0d,ENTITY,ATALMOR,ATALMOR,ATALMOR
,0,1899-12-30T00:00:00,0,2020-03-31T15:14:31,,0,,0,2020-03-31T15:14:31,4e3c7eee736211ea80ee000d3a02ed0d,bd2c888c815f11db9401000e3573f0d3,TAMDOMAIN,4e3c7eef736211ea80ee000d3a02ed0d,ENTITY,ATALMOR,ATALMOR,ATALMOR
,0,1899-12-30T00:00:00,0,2020-03-31T15:14:31,,0,,0,2020-03-31T15:14:31,4e3c7ef0736211ea80ee000d3a02ed0d,bd2c888c815f11db9401000e3573f0d3,TAMDOMAIN,4e3c7ef1736211ea80ee000d3a02ed0d,ENTITY,ATALMOR,ATALMOR,ATALMOR
,0,1899-12-30T00:00:00,0,2020-03-31T15:14:31,,0,,0,2020-03-31T15:14:31,4e3c7ef2736211ea80ee000d3a02ed0d,bd2c888c815f11db9401000e3573f0d3,TAMDOMAIN,4e3c7ef3736211ea80ee000d3a02ed0d,ENTITY,ATALMOR,ATALMOR,ATALMOR
,0,1899-12-30T00:00:00,0,2020-03-31T15:14:31,,0,,0,2020-03-31T15:14:31,4e3c7ef4736211ea80ee000d3a02ed0d,bd2c888c815f11db9401000e3573f0d3,TAMDOMAIN,4e3c7ef5736211ea80ee000d3a02ed0d,ENTITY,ATALMOR,ATALMOR,ATALMOR
,0,1899-12-30T00:00:00,0,2020-03-31T15:14:31,,0,,0,2020-03-31T15:14:31,4e3c7ef6736211ea80ee000d3a02ed0d,bd2c888c815f11db9401000e3573f0d3,TAMDOMAIN,4e3c7ef7736211ea80ee000d3a02ed0d,ENTITY,ATALMOR,ATALMOR,ATALMOR
,0,1899-12-30T00:00:00,0,2020-03-31T15:14:31,,0,,0,2020-03-31T15:14:31,4e3c7ef8736211ea80ee000d3a02ed0d,bd2c888c815f11db9401000e3573f0d3,TAMDOMAIN,4e3c7ef9736211ea80ee000d3a02ed0d,ENTITY,ATALMOR,ATALMOR,ATALMOR
,0,1899-12-30T00:00:00,0,2020-03-31T15:14:31,,0,,0,2020-03-31T15:14:31,4e3c7efa736211ea80ee000d3a02ed0d,bd2c888c815f11db9401000e3573f0d3,TAMDOMAIN,4e3c7efb736211ea80ee000d3a02ed0d,ENTITY,ATALMOR,ATALMOR,ATALMOR
,0,1899-12-30T00:00:00,0,2020-03-31T15:14:31,,0,,0,2020-03-31T15:14:31,4e3c7efc736211ea80ee000d3a02ed0d,bd2c888c815f11db9401000e3573f0d3,TAMDOMAIN,4e3c7efd736211ea80ee000d3a02ed0d,ENTITY,ATALMOR,ATALMOR,ATALMOR
,0,1899-12-30T00:00:00,0,2020-03-31T15:14:31,,0,,0,2020-03-31T15:14:31,4e3c7efe736211ea80ee000d3a02ed0d,2a1be77e23fd11dc87cb00059a3c7800,TAMDOMAIN,4e3c7eff736211ea80ee000d3a02ed0d,ENTITY,ATALMOR,ATALMOR,ATALMOR
,0,1899-12-30T00:00:00,0,2020-03-31T15:14:31,,0,,0,2020-03-31T15:14:31,4e3c7f00736211ea80ee000d3a02ed0d,2a1be77e23fd11dc87cb00059a3c7800,TAMDOMAIN,4e3c7f01736211ea80ee000d3a02ed0d,ENTITY,ATALMOR,ATALMOR,ATALMOR
,0,1899-12-30T00:00:00,0,2020-03-31T15:14:31,,0,,0,2020-03-31T15:14:31,4e3c7f02736211ea80ee000d3a02ed0d,2a1be77e23fd11dc87cb00059a3c7800,TAMDOMAIN,4e3c7f03736211ea80ee000d3a02ed0d,ENTITY,ATALMOR,ATALMOR,ATALMOR
,0,1899-12-30T00:00:00,0,2020-03-31T15:14:31,,0,,0,2020-03-31T15:14:31,4e3c7f04736211ea80ee000d3a02ed0d,2a1be77e23fd11dc87cb00059a3c7800,TAMDOMAIN,4e3c7f05736211ea80ee000d3a02ed0d,ENTITY,ATALMOR,ATALMOR,ATALMOR
,0,1899-12-30T00:00:00,0,2020-03-31T15:14:32,,0,,0,2020-03-31T15:14:32,4e3c7f06736211ea80ee000d3a02ed0d,2a1be77e23fd11dc87cb00059a3c7800,TAMDOMAIN,4e3c7f07736211ea80ee000d3a02ed0d,ENTITY,ATALMOR,ATALMOR,ATALMOR
,0,1899-12-30T00:00:00,0,2020-03-31T15:14:32,,0,,0,2020-03-31T15:14:32,4e3c7f08736211ea80ee000d3a02ed0d,2a1be77e23fd11dc87cb00059a3c7800,TAMDOMAIN,4e3c7f09736211ea80ee000d3a02ed0d,ENTITY,ATALMOR,ATALMOR,ATALMOR
,0,1899-12-30T00:00:00,0,2020-03-31T15:14:32,,0,,0,2020-03-31T15:14:32,4e3c7f0a736211ea80ee000d3a02ed0d,2a1be77e23fd11dc87cb00059a3c7800,TAMDOMAIN,4e3c7f0b736211ea80ee000d3a02ed0d,ENTITY,ATALMOR,ATALMOR,ATALMOR
,0,1899-12-30T00:00:00,0,2020-03-31T15:14:32,,0,,0,2020-03-31T15:14:32,4e3c7f0c736211ea80ee000d3a02ed0d,2a1be77e23fd11dc87cb00059a3c7800,TAMDOMAIN,4e3c7f0d736211ea80ee000d3a02ed0d,ENTITY,ATALMOR,ATALMOR,ATALMOR
,0,1899-12-30T00:00:00,0,2020-03-31T15:14:32,,0,,0,2020-03-31T15:14:32,4e3c7f0e736211ea80ee000d3a02ed0d,2a1be77e23fd11dc87cb00059a3c7800,TAMDOMAIN,4e3c7f0f736211ea80ee000d3a02ed0d,ENTITY,ATALMOR,ATALMOR,ATALMOR
,0,1899-12-30T00:00:00,0,2020-03-31T15:14:32,,0,,0,2020-03-31T15:14:32,4e3c7f10736211ea80ee000d3a02ed0d,2a1be77e23fd11dc87cb00059a3c7800,TAMDOMAIN,4e3c7f11736211ea80ee000d3a02ed0d,ENTITY,ATALMOR,ATALMOR,ATALMOR
,0,1899-12-30T00:00:00,0,2020-03-31T15:14:32,,0,,0,2020-03-31T15:14:32,4e3c7f12736211ea80ee000d3a02ed0d,2a1be77e23fd11dc87cb00059a3c7800,TAMDOMAIN,4e3c7f13736211ea80ee000d3a02ed0d,ENTITY,ATALMOR,ATALMOR,ATALMOR
,0,1899-12-30T00:00:00,0,2020-03-31T15:14:32,,0,,0,2020-03-31T15:14:32,4e3c7f14736211ea80ee000d3a02ed0d,2a1be77e23fd11dc87cb00059a3c7800,TAMDOMAIN,4e3c7f15736211ea80ee000d3a02ed0d,ENTITY,ATALMOR,ATALMOR,ATALMOR
,0,1899-12-30T00:00:00,0,2020-03-31T15:14:32,,0,,0,2020-03-31T15:14:32,4e3c7f16736211ea80ee000d3a02ed0d,2a1be77e23fd11dc87cb00059a3c7800,TAMDOMAIN,4e3c7f17736211ea80ee000d3a02ed0d,ENTITY,ATALMOR,ATALMOR,ATALMOR
,0,1899-12-30T00:00:00,0,2020-03-31T15:14:32,,0,,0,2020-03-31T15:14:32,4e3c7f18736211ea80ee000d3a02ed0d,2a1be77e23fd11dc87cb00059a3c7800,TAMDOMAIN,4e3c7f19736211ea80ee000d3a02ed0d,ENTITY,ATALMOR,ATALMOR,ATALMOR
,0,1899-12-30T00:00:00,0,2020-03-31T15:14:32,,0,,0,2020-03-31T15:14:32,4e3c7f1a736211ea80ee000d3a02ed0d,2a1be77e23fd11dc87cb00059a3c7800,TAMDOMAIN,4e3c7f1b736211ea80ee000d3a02ed0d,ENTITY,ATALMOR,ATALMOR,ATALMOR
,0,1899-12-30T00:00:00,0,2020-03-31T15:14:32,,0,,0,2020-03-31T15:14:32,4e3c7f1c736211ea80ee000d3a02ed0d,2a1be77e23fd11dc87cb00059a3c7800,TAMDOMAIN,4e3c7f1d736211ea80ee000d3a02ed0d,ENTITY,ATALMOR,ATALMOR,ATALMOR
,0,1899-12-30T00:00:00,0,2020-03-31T15:14:32,,0,,0,2020-03-31T15:14:32,4e3c7f1e736211ea80ee000d3a02ed0d,2a1be77e23fd11dc87cb00059a3c7800,TAMDOMAIN,4e3c7f1f736211ea80ee000d3a02ed0d,ENTITY,ATALMOR,ATALMOR,ATALMOR
,0,1899-12-30T00:00:00,0,2020-03-31T15:14:32,,0,,0,2020-03-31T15:14:32,4e3c7f20736211ea80ee000d3a02ed0d,2a1be77e23fd11dc87cb00059a3c7800,TAMDOMAIN,4e3c7f21736211ea80ee000d3a02ed0d,ENTITY,ATALMOR,ATALMOR,ATALMOR
,0,1899-12-30T00:00:00,0,2020-03-31T15:14:32,,0,,0,2020-03-31T15:14:32,4e3c7f22736211ea80ee000d3a02ed0d,2a1be77e23fd11dc87cb00059a3c7800,TAMDOMAIN,4e3c7f23736211ea80ee000d3a02ed0d,ENTITY,ATALMOR,ATALMOR,ATALMOR
,0,1899-12-30T00:00:00,0,2020-03-31T15:14:32,,0,,0,2020-03-31T15:14:32,4e3c7f24736211ea80ee000d3a02ed0d,2a1be77e23fd11dc87cb00059a3c7800,TAMDOMAIN,4e3c7f25736211ea80ee000d3a02ed0d,ENTITY,ATALMOR,ATALMOR,ATALMOR
,0,1899-12-30T00:00:00,0,2020-03-31T15:14:32,,0,,0,2020-03-31T15:14:32,4e3c7f26736211ea80ee000d3a02ed0d,2a1be77e23fd11dc87cb00059a3c7800,TAMDOMAIN,4e3c7f27736211ea80ee000d3a02ed0d,ENTITY,ATALMOR,ATALMOR,ATALMOR
,0,1899-12-30T00:00:00,0,2020-03-31T15:14:33,,0,,0,2020-03-31T15:14:33,4e3c7f28736211ea80ee000d3a02ed0d,2a1be77e23fd11dc87cb00059a3c7800,TAMDOMAIN,4e3c7f29736211ea80ee000d3a02ed0d,ENTITY,ATALMOR,ATALMOR,ATALMOR
,0,1899-12-30T00:00:00,0,2020-03-31T15:14:33,,0,,0,2020-03-31T15:14:33,4e3c7f2a736211ea80ee000d3a02ed0d,2a1be77e23fd11dc87cb00059a3c7800,TAMDOMAIN,4e3c7f2b736211ea80ee000d3a02ed0d,ENTITY,ATALMOR,ATALMOR,ATALMOR
,0,1899-12-30T00:00:00,0,2020-03-31T15:14:33,,0,,0,2020-03-31T15:14:33,4e3c7f2c736211ea80ee000d3a02ed0d,2a1be77e23fd11dc87cb00059a3c7800,TAMDOMAIN,4e3c7f2d736211ea80ee000d3a02ed0d,ENTITY,ATALMOR,ATALMOR,ATALMOR
,0,1899-12-30T00:00:00,0,2020-03-31T15:14:33,,0,,0,2020-03-31T15:14:33,4e3c7f2e736211ea80ee000d3a02ed0d,2a1be77e23fd11dc87cb00059a3c7800,TAMDOMAIN,4e3c7f2f736211ea80ee000d3a02ed0d,ENTITY,ATALMOR,ATALMOR,ATALMOR
,0,1899-12-30T00:00:00,0,2020-03-31T15:14:33,,0,,0,2020-03-31T15:14:33,4e3c7f30736211ea80ee000d3a02ed0d,2a1be77e23fd11dc87cb00059a3c7800,TAMDOMAIN,4e3c7f31736211ea80ee000d3a02ed0d,ENTITY,ATALMOR,ATALMOR,ATALMOR
,0,1899-12-30T00:00:00,0,2020-03-31T15:14:33,,0,,0,2020-03-31T15:14:33,4e3c7f32736211ea80ee000d3a02ed0d,2a1be77e23fd11dc87cb00059a3c7800,TAMDOMAIN,4e3c7f33736211ea80ee000d3a02ed0d,ENTITY,ATALMOR,ATALMOR,ATALMOR
,0,1899-12-30T00:00:00,0,2020-03-31T15:14:33,,0,,0,2020-03-31T15:14:33,4e3c7f34736211ea80ee000d3a02ed0d,2a1be77e23fd11dc87cb00059a3c7800,TAMDOMAIN,4e3c7f35736211ea80ee000d3a02ed0d,ENTITY,ATALMOR,ATALMOR,ATALMOR
,0,1899-12-30T00:00:00,0,2020-03-31T15:14:33,,0,,0,2020-03-31T15:14:33,4e3c7f36736211ea80ee000d3a02ed0d,2a1be77e23fd11dc87cb00059a3c7800,TAMDOMAIN,4e3c7f37736211ea80ee000d3a02ed0d,ENTITY,ATALMOR,ATALMOR,ATALMOR
,0,1899-12-30T00:00:00,0,2020-03-31T15:14:33,,0,,0,2020-03-31T15:14:33,4e3c7f38736211ea80ee000d3a02ed0d,2a1be77e23fd11dc87cb00059a3c7800,TAMDOMAIN,4e3c7f39736211ea80ee000d3a02ed0d,ENTITY,ATALMOR,ATALMOR,ATALMOR
,0,1899-12-30T00:00:00,0,2020-03-31T15:14:33,,0,,0,2020-03-31T15:14:33,4e3c7f3a736211ea80ee000d3a02ed0d,2a1be77e23fd11dc87cb00059a3c7800,TAMDOMAIN,4e3c7f3b736211ea80ee000d3a02ed0d,ENTITY,ATALMOR,ATALMOR,ATALMOR
,0,1899-12-30T00:00:00,0,2020-03-31T15:14:33,,0,,0,2020-03-31T15:14:33,4e3c7f3c736211ea80ee000d3a02ed0d,2a1be77e23fd11dc87cb00059a3c7800,TAMDOMAIN,4e3c7f3d736211ea80ee000d3a02ed0d,ENTITY,ATALMOR,ATALMOR,ATALMOR
,0,1899-12-30T00:00:00,0,2020-03-31T15:14:33,,0,,0,2020-03-31T15:14:33,4e3c7f3e736211ea80ee000d3a02ed0d,2a1be77e23fd11dc87cb00059a3c7800,TAMDOMAIN,4e3c7f3f736211ea80ee000d3a02ed0d,ENTITY,ATALMOR,ATALMOR,ATALMOR
,0,1899-12-30T00:00:00,0,2020-03-31T15:14:33,,0,,0,2020-03-31T15:14:33,4e3c7f40736211ea80ee000d3a02ed0d,2a1be77e23fd11dc87cb00059a3c7800,TAMDOMAIN,4e3c7f41736211ea80ee000d3a02ed0d,ENTITY,ATALMOR,ATALMOR,ATALMOR
,0,1899-12-30T00:00:00,0,2020-03-31T15:14:33,,0,,0,2020-03-31T15:14:33,4e3c7f42736211ea80ee000d3a02ed0d,2a1be77e23fd11dc87cb00059a3c7800,TAMDOMAIN,4e3c7f43736211ea80ee000d3a02ed0d,ENTITY,ATALMOR,ATALMOR,ATALMOR
,0,1899-12-30T00:00:00,0,2020-03-31T15:14:33,,0,,0,2020-03-31T15:14:33,4e3c7f44736211ea80ee000d3a02ed0d,2a1be77e23fd11dc87cb00059a3c7800,TAMDOMAIN,4e3c7f45736211ea80ee000d3a02ed0d,ENTITY,ATALMOR,ATALMOR,ATALMOR
,0,1899-12-30T00:00:00,0,2020-03-31T15:14:34,,0,,0,2020-03-31T15:14:34,4e3c7f46736211ea80ee000d3a02ed0d,2a1be77e23fd11dc87cb00059a3c7800,TAMDOMAIN,4e3c7f47736211ea80ee000d3a02ed0d,ENTITY,ATALMOR,ATALMOR,ATALMOR
,0,1899-12-30T00:00:00,0,2020-03-31T15:14:34,,0,,0,2020-03-31T15:14:34,4e3c7f48736211ea80ee000d3a02ed0d,2a1be77e23fd11dc87cb00059a3c7800,TAMDOMAIN,4e3c7f49736211ea80ee000d3a02ed0d,ENTITY,ATALMOR,ATALMOR,ATALMOR
,0,1899-12-30T00:00:00,0,2020-03-31T15:14:34,,0,,0,2020-03-31T15:14:34,4e3c7f4a736211ea80ee000d3a02ed0d,2a1be77e23fd11dc87cb00059a3c7800,TAMDOMAIN,4e3c7f4b736211ea80ee000d3a02ed0d,ENTITY,ATALMOR,ATALMOR,ATALMOR
,0,1899-12-30T00:00:00,0,2020-03-31T15:14:34,,0,,0,2020-03-31T15:14:34,4e3c7f4c736211ea80ee000d3a02ed0d,2a1be77e23fd11dc87cb00059a3c7800,TAMDOMAIN,4e3c7f4d736211ea80ee000d3a02ed0d,ENTITY,ATALMOR,ATALMOR,ATALMOR
,0,1899-12-30T00:00:00,0,2020-03-31T15:14:34,,0,,0,2020-03-31T15:14:34,4e3c7f4e736211ea80ee000d3a02ed0d,2a1be77e23fd11dc87cb00059a3c7800,TAMDOMAIN,4e3c7f4f736211ea80ee000d3a02ed0d,ENTITY,ATALMOR,ATALMOR,ATALMOR
,0,1899-12-30T00:00:00,0,2020-03-31T15:14:34,,0,,0,2020-03-31T15:14:34,4e3c7f50736211ea80ee000d3a02ed0d,2a1be77e23fd11dc87cb00059a3c7800,TAMDOMAIN,4e3c7f51736211ea80ee000d3a02ed0d,ENTITY,ATALMOR,ATALMOR,ATALMOR
,0,1899-12-30T00:00:00,0,2020-03-31T15:14:34,,0,,0,2020-03-31T15:14:34,4e3c7f52736211ea80ee000d3a02ed0d,2a1be77e23fd11dc87cb00059a3c7800,TAMDOMAIN,4e3c7f53736211ea80ee000d3a02ed0d,ENTITY,ATALMOR,ATALMOR,ATALMOR
,0,1899-12-30T00:00:00,0,2020-03-31T15:14:34,,0,,0,2020-03-31T15:14:34,4e3c7f54736211ea80ee000d3a02ed0d,2a1be77e23fd11dc87cb00059a3c7800,TAMDOMAIN,4e3c7f55736211ea80ee000d3a02ed0d,ENTITY,ATALMOR,ATALMOR,ATALMOR
,0,1899-12-30T00:00:00,0,2020-03-31T15:14:34,,0,,0,2020-03-31T15:14:34,4e3c7f56736211ea80ee000d3a02ed0d,2a1be77e23fd11dc87cb00059a3c7800,TAMDOMAIN,4e3c7f57736211ea80ee000d3a02ed0d,ENTITY,ATALMOR,ATALMOR,ATALMOR
,0,1899-12-30T00:00:00,0,2020-03-31T15:14:34,,0,,0,2020-03-31T15:14:34,4e3c7f58736211ea80ee000d3a02ed0d,2a1be77e23fd11dc87cb00059a3c7800,TAMDOMAIN,4e3c7f59736211ea80ee000d3a02ed0d,ENTITY,ATALMOR,ATALMOR,ATALMOR
,0,1899-12-30T00:00:00,0,2020-03-31T15:14:34,,0,,0,2020-03-31T15:14:34,4e3c7f5a736211ea80ee000d3a02ed0d,2a1be77e23fd11dc87cb00059a3c7800,TAMDOMAIN,4e3c7f5b736211ea80ee000d3a02ed0d,ENTITY,ATALMOR,ATALMOR,ATALMOR
,0,1899-12-30T00:00:00,0,2020-03-31T15:14:34,,0,,0,2020-03-31T15:14:34,4e3c7f5c736211ea80ee000d3a02ed0d,2a1be77e23fd11dc87cb00059a3c7800,TAMDOMAIN,4e3c7f5d736211ea80ee000d3a02ed0d,ENTITY,ATALMOR,ATALMOR,ATALMOR
,0,1899-12-30T00:00:00,0,2020-03-31T15:14:34,,0,,0,2020-03-31T15:14:34,4e3c7f5e736211ea80ee000d3a02ed0d,2a1be77e23fd11dc87cb00059a3c7800,TAMDOMAIN,4e3c7f5f736211ea80ee000d3a02ed0d,ENTITY,ATALMOR,ATALMOR,ATALMOR
,0,1899-12-30T00:00:00,0,2020-03-31T15:14:34,,0,,0,2020-03-31T15:14:34,4e3c7f60736211ea80ee000d3a02ed0d,2a1be77e23fd11dc87cb00059a3c7800,TAMDOMAIN,4e3c7f61736211ea80ee000d3a02ed0d,ENTITY,ATALMOR,ATALMOR,ATALMOR
,0,1899-12-30T00:00:00,0,2020-03-31T15:14:34,,0,,0,2020-03-31T15:14:34,4e3c7f62736211ea80ee000d3a02ed0d,2a1be77e23fd11dc87cb00059a3c7800,TAMDOMAIN,4e3c7f63736211ea80ee000d3a02ed0d,ENTITY,ATALMOR,ATALMOR,ATALMOR
,0,1899-12-30T00:00:00,0,2020-03-31T15:14:34,,0,,0,2020-03-31T15:14:34,4e3c7f64736211ea80ee000d3a02ed0d,2a1be77e23fd11dc87cb00059a3c7800,TAMDOMAIN,4e3c7f65736211ea80ee000d3a02ed0d,ENTITY,ATALMOR,ATALMOR,ATALMOR
,0,1899-12-30T00:00:00,0,2020-03-31T15:14:34,,0,,0,2020-03-31T15:14:34,4e3c7f66736211ea80ee000d3a02ed0d,2a1be77e23fd11dc87cb00059a3c7800,TAMDOMAIN,4e3c7f67736211ea80ee000d3a02ed0d,ENTITY,ATALMOR,ATALMOR,ATALMOR
,0,1899-12-30T00:00:00,0,2020-03-31T15:14:34,,0,,0,2020-03-31T15:14:34,4e3c7f68736211ea80ee000d3a02ed0d,2a1be77e23fd11dc87cb00059a3c7800,TAMDOMAIN,4e3c7f69736211ea80ee000d3a02ed0d,ENTITY,ATALMOR,ATALMOR,ATALMOR
,0,1899-12-30T00:00:00,0,2020-03-31T15:14:35,,0,,0,2020-03-31T15:14:35,4e3c7f6a736211ea80ee000d3a02ed0d,2a1be77e23fd11dc87cb00059a3c7800,TAMDOMAIN,4e3c7f6b736211ea80ee000d3a02ed0d,ENTITY,ATALMOR,ATALMOR,ATALMOR
,0,1899-12-30T00:00:00,0,2020-03-31T15:14:35,,0,,0,2020-03-31T15:14:35,4e3c7f6c736211ea80ee000d3a02ed0d,2a1be77e23fd11dc87cb00059a3c7800,TAMDOMAIN,4e3c7f6d736211ea80ee000d3a02ed0d,ENTITY,ATALMOR,ATALMOR,ATALMOR
,0,1899-12-30T00:00:00,0,2020-03-31T15:14:35,,0,,0,2020-03-31T15:14:35,4e3c7f6e736211ea80ee000d3a02ed0d,2a1be77e23fd11dc87cb00059a3c7800,TAMDOMAIN,4e3c7f6f736211ea80ee000d3a02ed0d,ENTITY,ATALMOR,ATALMOR,ATALMOR
,0,1899-12-30T00:00:00,0,2020-03-31T15:14:35,,0,,0,2020-03-31T15:14:35,4e3c7f70736211ea80ee000d3a02ed0d,2a1be77e23fd11dc87cb00059a3c7800,TAMDOMAIN,4e3c7f71736211ea80ee000d3a02ed0d,ENTITY,ATALMOR,ATALMOR,ATALMOR
,0,1899-12-30T00:00:00,0,2020-03-31T15:14:35,,0,,0,2020-03-31T15:14:35,4e3c7f72736211ea80ee000d3a02ed0d,2a1be77e23fd11dc87cb00059a3c7800,TAMDOMAIN,4e3c7f73736211ea80ee000d3a02ed0d,ENTITY,ATALMOR,ATALMOR,ATALMOR
,0,1899-12-30T00:00:00,0,2020-03-31T15:14:35,,0,,0,2020-03-31T15:14:35,4e3c7f74736211ea80ee000d3a02ed0d,2a1be77e23fd11dc87cb00059a3c7800,TAMDOMAIN,4e3c7f75736211ea80ee000d3a02ed0d,ENTITY,ATALMOR,ATALMOR,ATALMOR
,0,1899-12-30T00:00:00,0,2020-03-31T15:14:35,,0,,0,2020-03-31T15:14:35,4e3c7f76736211ea80ee000d3a02ed0d,2a1be77e23fd11dc87cb00059a3c7800,TAMDOMAIN,4e3c7f77736211ea80ee000d3a02ed0d,ENTITY,ATALMOR,ATALMOR,ATALMOR
,0,1899-12-30T00:00:00,0,2020-03-31T15:14:35,,0,,0,2020-03-31T15:14:35,4e3c7f78736211ea80ee000d3a02ed0d,2a1be77e23fd11dc87cb00059a3c7800,TAMDOMAIN,4e3c7f79736211ea80ee000d3a02ed0d,ENTITY,ATALMOR,ATALMOR,ATALMOR
,0,1899-12-30T00:00:00,0,2020-03-31T15:14:35,,0,,0,2020-03-31T15:14:35,4e3c7f7a736211ea80ee000d3a02ed0d,2a1be77e23fd11dc87cb00059a3c7800,TAMDOMAIN,4e3c7f7b736211ea80ee000d3a02ed0d,ENTITY,ATALMOR,ATALMOR,ATALMOR
,0,1899-12-30T00:00:00,0,2020-03-31T15:14:35,,0,,0,2020-03-31T15:14:35,4e3c7f7c736211ea80ee000d3a02ed0d,2a1be77e23fd11dc87cb00059a3c7800,TAMDOMAIN,4e3c7f7d736211ea80ee000d3a02ed0d,ENTITY,ATALMOR,ATALMOR,ATALMOR
,0,1899-12-30T00:00:00,0,2020-03-31T15:14:35,,0,,0,2020-03-31T15:14:35,4e3c7f7e736211ea80ee000d3a02ed0d,2a1be77e23fd11dc87cb00059a3c7800,TAMDOMAIN,4e3c7f7f736211ea80ee000d3a02ed0d,ENTITY,ATALMOR,ATALMOR,ATALMOR
,0,1899-12-30T00:00:00,0,2020-03-31T15:14:35,,0,,0,2020-03-31T15:14:35,4e3c7f80736211ea80ee000d3a02ed0d,2a1be77e23fd11dc87cb00059a3c7800,TAMDOMAIN,4e3c7f81736211ea80ee000d3a02ed0d,ENTITY,ATALMOR,ATALMOR,ATALMOR
,0,1899-12-30T00:00:00,0,2020-03-31T15:14:35,,0,,0,2020-03-31T15:14:35,4e3c7f82736211ea80ee000d3a02ed0d,2a1be77e23fd11dc87cb00059a3c7800,TAMDOMAIN,4e3c7f83736211ea80ee000d3a02ed0d,ENTITY,ATALMOR,ATALMOR,ATALMOR
,0,1899-12-30T00:00:00,0,2020-03-31T15:14:35,,0,,0,2020-03-31T15:14:35,4e3c7f84736211ea80ee000d3a02ed0d,2a1be77e23fd11dc87cb00059a3c7800,TAMDOMAIN,4e3c7f85736211ea80ee000d3a02ed0d,ENTITY,ATALMOR,ATALMOR,ATALMOR
,0,1899-12-30T00:00:00,0,2020-03-31T15:14:35,,0,,0,2020-03-31T15:14:35,4e3c7f86736211ea80ee000d3a02ed0d,2a1be77e23fd11dc87cb00059a3c7800,TAMDOMAIN,543572d8736211ea80ee000d3a02ed0d,ENTITY,ATALMOR,ATALMOR,ATALMOR
,0,1899-12-30T00:00:00,0,2020-03-31T15:14:36,,0,,0,2020-03-31T15:14:36,543572d9736211ea80ee000d3a02ed0d,2a1be77e23fd11dc87cb00059a3c7800,TAMDOMAIN,543572da736211ea80ee000d3a02ed0d,ENTITY,ATALMOR,ATALMOR,ATALMOR
,0,1899-12-30T00:00:00,0,2020-03-31T15:14:36,,0,,0,2020-03-31T15:14:36,543572db736211ea80ee000d3a02ed0d,2a1be77e23fd11dc87cb00059a3c7800,TAMDOMAIN,543572dc736211ea80ee000d3a02ed0d,ENTITY,ATALMOR,ATALMOR,ATALMOR
,0,1899-12-30T00:00:00,0,2020-03-31T15:14:36,,0,,0,2020-03-31T15:14:36,543572dd736211ea80ee000d3a02ed0d,271efcfde24d11e392b26817294aebff,TAMDOMAIN,543572de736211ea80ee000d3a02ed0d,ENTITY,ATALMOR,ATALMOR,ATALMOR
,0,1899-12-30T00:00:00,0,2020-03-31T15:14:36,,0,,0,2020-03-31T15:14:36,543572df736211ea80ee000d3a02ed0d,271efcfde24d11e392b26817294aebff,TAMDOMAIN,543572e0736211ea80ee000d3a02ed0d,ENTITY,ATALMOR,ATALMOR,ATALMOR
,0,1899-12-30T00:00:00,0,2020-03-31T15:14:36,,0,,0,2020-03-31T15:14:36,543572e1736211ea80ee000d3a02ed0d,271efcfde24d11e392b26817294aebff,TAMDOMAIN,543572e2736211ea80ee000d3a02ed0d,ENTITY,ATALMOR,ATALMOR,ATALMOR
,0,1899-12-30T00:00:00,0,2020-03-31T15:14:36,,0,,0,2020-03-31T15:14:36,543572e3736211ea80ee000d3a02ed0d,271efcfde24d11e392b26817294aebff,TAMDOMAIN,543572e4736211ea80ee000d3a02ed0d,ENTITY,ATALMOR,ATALMOR,ATALMOR
,0,1899-12-30T00:00:00,0,2020-03-31T15:14:36,,0,,0,2020-03-31T15:14:36,543572e5736211ea80ee000d3a02ed0d,271efcfde24d11e392b26817294aebff,TAMDOMAIN,543572e6736211ea80ee000d3a02ed0d,ENTITY,ATALMOR,ATALMOR,ATALMOR
,0,1899-12-30T00:00:00,0,2020-03-31T15:14:36,,0,,0,2020-03-31T15:14:36,543572e7736211ea80ee000d3a02ed0d,271efcfde24d11e392b26817294aebff,TAMDOMAIN,543572e8736211ea80ee000d3a02ed0d,ENTITY,ATALMOR,ATALMOR,ATALMOR
,0,1899-12-30T00:00:00,0,2020-03-31T15:14:36,,0,,0,2020-03-31T15:14:36,543572e9736211ea80ee000d3a02ed0d,271efcfde24d11e392b26817294aebff,TAMDOMAIN,4e3c7e83736211ea80ee000d3a02ed0d,ENTITY,ATALMOR,ATALMOR,ATALMOR
,0,1899-12-30T00:00:00,0,2020-03-31T15:14:36,,0,,0,2020-03-31T15:14:36,543572ea736211ea80ee000d3a02ed0d,271efcfde24d11e392b26817294aebff,TAMDOMAIN,543572eb736211ea80ee000d3a02ed0d,ENTITY,ATALMOR,ATALMOR,ATALMOR
,0,1899-12-30T00:00:00,0,2020-03-31T15:14:36,,0,,0,2020-03-31T15:14:36,543572ec736211ea80ee000d3a02ed0d,271efcfde24d11e392b26817294aebff,TAMDOMAIN,543572ed736211ea80ee000d3a02ed0d,ENTITY,ATALMOR,ATALMOR,ATALMOR
,0,1899-12-30T00:00:00,0,2020-03-31T15:14:36,,0,,0,2020-03-31T15:14:36,543572ee736211ea80ee000d3a02ed0d,271efcfde24d11e392b26817294aebff,TAMDOMAIN,543572ef736211ea80ee000d3a02ed0d,ENTITY,ATALMOR,ATALMOR,ATALMOR
,0,1899-12-30T00:00:00,0,2020-03-31T15:14:36,,0,,0,2020-03-31T15:14:36,543572f0736211ea80ee000d3a02ed0d,271efcfde24d11e392b26817294aebff,TAMDOMAIN,543572f1736211ea80ee000d3a02ed0d,ENTITY,ATALMOR,ATALMOR,ATALMOR
,0,1899-12-30T00:00:00,0,2020-03-31T15:14:37,,0,,0,2020-03-31T15:14:37,543572f2736211ea80ee000d3a02ed0d,271efcfde24d11e392b26817294aebff,TAMDOMAIN,543572f3736211ea80ee000d3a02ed0d,ENTITY,ATALMOR,ATALMOR,ATALMOR
,0,1899-12-30T00:00:00,0,2020-03-31T15:14:37,,0,,0,2020-03-31T15:14:37,543572f4736211ea80ee000d3a02ed0d,271efcfde24d11e392b26817294aebff,TAMDOMAIN,543572f5736211ea80ee000d3a02ed0d,ENTITY,ATALMOR,ATALMOR,ATALMOR
,0,1899-12-30T00:00:00,0,2020-03-31T15:14:37,,0,,0,2020-03-31T15:14:37,543572f6736211ea80ee000d3a02ed0d,271efcfde24d11e392b26817294aebff,TAMDOMAIN,543572f7736211ea80ee000d3a02ed0d,ENTITY,ATALMOR,ATALMOR,ATALMOR
,0,1899-12-30T00:00:00,0,2020-03-31T15:14:37,,0,,0,2020-03-31T15:14:37,543572f8736211ea80ee000d3a02ed0d,271efcfde24d11e392b26817294aebff,TAMDOMAIN,543572f9736211ea80ee000d3a02ed0d,ENTITY,ATALMOR,ATALMOR,ATALMOR
,0,1899-12-30T00:00:00,0,2020-03-31T15:14:37,,0,,0,2020-03-31T15:14:37,543572fa736211ea80ee000d3a02ed0d,271efcfde24d11e392b26817294aebff,TAMDOMAIN,543572fb736211ea80ee000d3a02ed0d,ENTITY,ATALMOR,ATALMOR,ATALMOR
,0,1899-12-30T00:00:00,0,2020-03-31T15:14:37,,0,,0,2020-03-31T15:14:37,543572fc736211ea80ee000d3a02ed0d,271efcfde24d11e392b26817294aebff,TAMDOMAIN,543572fd736211ea80ee000d3a02ed0d,ENTITY,ATALMOR,ATALMOR,ATALMOR
,0,1899-12-30T00:00:00,0,2020-03-31T15:14:37,,0,,0,2020-03-31T15:14:37,543572fe736211ea80ee000d3a02ed0d,271efcfde24d11e392b26817294aebff,TAMDOMAIN,543572ff736211ea80ee000d3a02ed0d,ENTITY,ATALMOR,ATALMOR,ATALMOR
,0,1899-12-30T00:00:00,0,2020-03-31T15:14:37,,0,,0,2020-03-31T15:14:37,54357300736211ea80ee000d3a02ed0d,271efcfde24d11e392b26817294aebff,TAMDOMAIN,54357301736211ea80ee000d3a02ed0d,ENTITY,ATALMOR,ATALMOR,ATALMOR
,0,1899-12-30T00:00:00,0,2020-03-31T15:14:37,,0,,0,2020-03-31T15:14:37,54357302736211ea80ee000d3a02ed0d,271efcfde24d11e392b26817294aebff,TAMDOMAIN,54357303736211ea80ee000d3a02ed0d,ENTITY,ATALMOR,ATALMOR,ATALMOR
,0,1899-12-30T00:00:00,0,2020-03-31T15:14:37,,0,,0,2020-03-31T15:14:37,54357304736211ea80ee000d3a02ed0d,271efcfde24d11e392b26817294aebff,TAMDOMAIN,54357305736211ea80ee000d3a02ed0d,ENTITY,ATALMOR,ATALMOR,ATALMOR
,0,1899-12-30T00:00:00,0,2020-03-31T15:14:37,,0,,0,2020-03-31T15:14:37,54357306736211ea80ee000d3a02ed0d,271efcfde24d11e392b26817294aebff,TAMDOMAIN,54357307736211ea80ee000d3a02ed0d,ENTITY,ATALMOR,ATALMOR,ATALMOR
,0,1899-12-30T00:00:00,0,2020-03-31T15:14:37,,0,,0,2020-03-31T15:14:37,54357309736211ea80ee000d3a02ed0d,153882f0d87211de82d7002564cb911c,TAMDOMAIN,5435730a736211ea80ee000d3a02ed0d,ENTITY,ATALMOR,ATALMOR,ATALMOR
,0,1899-12-30T00:00:00,0,2020-03-31T15:14:37,,0,,0,2020-03-31T15:14:37,5435730b736211ea80ee000d3a02ed0d,153882f0d87211de82d7002564cb911c,TAMDOMAIN,5435730c736211ea80ee000d3a02ed0d,ENTITY,ATALMOR,ATALMOR,ATALMOR
,0,1899-12-30T00:00:00,0,2020-03-31T15:14:37,,0,,0,2020-03-31T15:14:37,5435730d736211ea80ee000d3a02ed0d,153882f0d87211de82d7002564cb911c,TAMDOMAIN,5435730e736211ea80ee000d3a02ed0d,ENTITY,ATALMOR,ATALMOR,ATALMOR
,0,1899-12-30T00:00:00,0,2020-03-31T15:14:37,,0,,0,2020-03-31T15:14:37,5435730f736211ea80ee000d3a02ed0d,153882f0d87211de82d7002564cb911c,TAMDOMAIN,54357310736211ea80ee000d3a02ed0d,ENTITY,ATALMOR,ATALMOR,ATALMOR
,0,1899-12-30T00:00:00,0,2020-03-31T15:14:38,,0,,0,2020-03-31T15:14:38,54357311736211ea80ee000d3a02ed0d,153882f0d87211de82d7002564cb911c,TAMDOMAIN,54357312736211ea80ee000d3a02ed0d,ENTITY,ATALMOR,ATALMOR,ATALMOR
,0,1899-12-30T00:00:00,0,2020-03-31T15:14:38,,0,,0,2020-03-31T15:14:38,54357313736211ea80ee000d3a02ed0d,153882f0d87211de82d7002564cb911c,TAMDOMAIN,54357314736211ea80ee000d3a02ed0d,ENTITY,ATALMOR,ATALMOR,ATALMOR
,0,1899-12-30T00:00:00,0,2020-03-31T15:14:38,,0,,0,2020-03-31T15:14:38,54357315736211ea80ee000d3a02ed0d,153882f0d87211de82d7002564cb911c,TAMDOMAIN,54357316736211ea80ee000d3a02ed0d,ENTITY,ATALMOR,ATALMOR,ATALMOR
,0,1899-12-30T00:00:00,0,2020-03-31T15:14:38,,0,,0,2020-03-31T15:14:38,54357317736211ea80ee000d3a02ed0d,153882f0d87211de82d7002564cb911c,TAMDOMAIN,54357318736211ea80ee000d3a02ed0d,ENTITY,ATALMOR,ATALMOR,ATALMOR
,0,1899-12-30T00:00:00,0,2020-03-31T15:14:38,,0,,0,2020-03-31T15:14:38,54357319736211ea80ee000d3a02ed0d,153882f0d87211de82d7002564cb911c,TAMDOMAIN,5435731a736211ea80ee000d3a02ed0d,ENTITY,ATALMOR,ATALMOR,ATALMOR
,0,1899-12-30T00:00:00,0,2020-03-31T15:14:38,,0,,0,2020-03-31T15:14:38,5435731b736211ea80ee000d3a02ed0d,153882f0d87211de82d7002564cb911c,TAMDOMAIN,5435731c736211ea80ee000d3a02ed0d,ENTITY,ATALMOR,ATALMOR,ATALMOR
,0,1899-12-30T00:00:00,0,2020-03-31T15:14:38,,0,,0,2020-03-31T15:14:38,5435731d736211ea80ee000d3a02ed0d,153882f0d87211de82d7002564cb911c,TAMDOMAIN,5435731e736211ea80ee000d3a02ed0d,ENTITY,ATALMOR,ATALMOR,ATALMOR
,0,1899-12-30T00:00:00,0,2020-03-31T15:14:38,,0,,0,2020-03-31T15:14:38,5435731f736211ea80ee000d3a02ed0d,153882f0d87211de82d7002564cb911c,TAMDOMAIN,54357320736211ea80ee000d3a02ed0d,ENTITY,ATALMOR,ATALMOR,ATALMOR
,0,1899-12-30T00:00:00,0,2020-03-31T15:14:38,,0,,0,2020-03-31T15:14:38,54357321736211ea80ee000d3a02ed0d,153882f0d87211de82d7002564cb911c,TAMDOMAIN,54357322736211ea80ee000d3a02ed0d,ENTITY,ATALMOR,ATALMOR,ATALMOR
,0,1899-12-30T00:00:00,0,2020-03-31T15:14:38,,0,,0,2020-03-31T15:14:38,54357323736211ea80ee000d3a02ed0d,153882f0d87211de82d7002564cb911c,TAMDOMAIN,54357324736211ea80ee000d3a02ed0d,ENTITY,ATALMOR,ATALMOR,ATALMOR
,0,1899-12-30T00:00:00,0,2020-03-31T15:14:38,,0,,0,2020-03-31T15:14:38,54357325736211ea80ee000d3a02ed0d,153882f0d87211de82d7002564cb911c,TAMDOMAIN,54357326736211ea80ee000d3a02ed0d,ENTITY,ATALMOR,ATALMOR,ATALMOR
,0,1899-12-30T00:00:00,0,2020-03-31T15:14:38,,0,,0,2020-03-31T15:14:38,54357327736211ea80ee000d3a02ed0d,153882f0d87211de82d7002564cb911c,TAMDOMAIN,54357328736211ea80ee000d3a02ed0d,ENTITY,ATALMOR,ATALMOR,ATALMOR
,0,1899-12-30T00:00:00,0,2020-03-31T15:14:38,,0,,0,2020-03-31T15:14:38,54357329736211ea80ee000d3a02ed0d,153882f0d87211de82d7002564cb911c,TAMDOMAIN,5435732a736211ea80ee000d3a02ed0d,ENTITY,ATALMOR,ATALMOR,ATALMOR
,0,1899-12-30T00:00:00,0,2020-03-31T15:14:38,,0,,0,2020-03-31T15:14:38,5435732b736211ea80ee000d3a02ed0d,153882f0d87211de82d7002564cb911c,TAMDOMAIN,5435732c736211ea80ee000d3a02ed0d,ENTITY,ATALMOR,ATALMOR,ATALMOR
,0,1899-12-30T00:00:00,0,2020-03-31T15:14:38,,0,,0,2020-03-31T15:14:38,5435732d736211ea80ee000d3a02ed0d,153882f0d87211de82d7002564cb911c,TAMDOMAIN,5435732e736211ea80ee000d3a02ed0d,ENTITY,ATALMOR,ATALMOR,ATALMOR
,0,1899-12-30T00:00:00,0,2020-03-31T15:14:38,,0,,0,2020-03-31T15:14:38,5435732f736211ea80ee000d3a02ed0d,153882f0d87211de82d7002564cb911c,TAMDOMAIN,54357330736211ea80ee000d3a02ed0d,ENTITY,ATALMOR,ATALMOR,ATALMOR
,0,1899-12-30T00:00:00,0,2020-03-31T15:14:38,,0,,0,2020-03-31T15:14:38,54357331736211ea80ee000d3a02ed0d,153882f0d87211de82d7002564cb911c,TAMDOMAIN,54357332736211ea80ee000d3a02ed0d,ENTITY,ATALMOR,ATALMOR,ATALMOR
,0,1899-12-30T00:00:00,0,2020-03-31T15:14:39,,0,,0,2020-03-31T15:14:39,54357333736211ea80ee000d3a02ed0d,153882f0d87211de82d7002564cb911c,TAMDOMAIN,54357334736211ea80ee000d3a02ed0d,ENTITY,ATALMOR,ATALMOR,ATALMOR
,0,1899-12-30T00:00:00,0,2020-03-31T15:14:39,,0,,0,2020-03-31T15:14:39,54357335736211ea80ee000d3a02ed0d,153882f0d87211de82d7002564cb911c,TAMDOMAIN,54357336736211ea80ee000d3a02ed0d,ENTITY,ATALMOR,ATALMOR,ATALMOR
,0,1899-12-30T00:00:00,0,2020-03-31T15:14:39,,0,,0,2020-03-31T15:14:39,54357337736211ea80ee000d3a02ed0d,153882f0d87211de82d7002564cb911c,TAMDOMAIN,54357338736211ea80ee000d3a02ed0d,ENTITY,ATALMOR,ATALMOR,ATALMOR
,0,1899-12-30T00:00:00,0,2020-03-31T15:14:39,,0,,0,2020-03-31T15:14:39,54357339736211ea80ee000d3a02ed0d,153882f0d87211de82d7002564cb911c,TAMDOMAIN,5435733a736211ea80ee000d3a02ed0d,ENTITY,ATALMOR,ATALMOR,ATALMOR
,0,1899-12-30T00:00:00,0,2020-03-31T15:14:39,,0,,0,2020-03-31T15:14:39,5435733b736211ea80ee000d3a02ed0d,153882f0d87211de82d7002564cb911c,TAMDOMAIN,5435733c736211ea80ee000d3a02ed0d,ENTITY,ATALMOR,ATALMOR,ATALMOR
,0,1899-12-30T00:00:00,0,2020-03-31T15:14:39,,0,,0,2020-03-31T15:14:39,5435733d736211ea80ee000d3a02ed0d,153882f0d87211de82d7002564cb911c,TAMDOMAIN,5435733e736211ea80ee000d3a02ed0d,ENTITY,ATALMOR,ATALMOR,ATALMOR
,0,1899-12-30T00:00:00,0,2020-03-31T15:14:39,,0,,0,2020-03-31T15:14:39,5435733f736211ea80ee000d3a02ed0d,153882f0d87211de82d7002564cb911c,TAMDOMAIN,54357340736211ea80ee000d3a02ed0d,ENTITY,ATALMOR,ATALMOR,ATALMOR
,0,1899-12-30T00:00:00,0,2020-03-31T15:14:39,,0,,0,2020-03-31T15:14:39,54357341736211ea80ee000d3a02ed0d,153882f0d87211de82d7002564cb911c,TAMDOMAIN,54357342736211ea80ee000d3a02ed0d,ENTITY,ATALMOR,ATALMOR,ATALMOR
,0,1899-12-30T00:00:00,0,2020-03-31T15:14:39,,0,,0,2020-03-31T15:14:39,54357343736211ea80ee000d3a02ed0d,153882f0d87211de82d7002564cb911c,TAMDOMAIN,54357344736211ea80ee000d3a02ed0d,ENTITY,ATALMOR,ATALMOR,ATALMOR
,0,1899-12-30T00:00:00,0,2020-03-31T15:14:39,,0,,0,2020-03-31T15:14:39,54357345736211ea80ee000d3a02ed0d,153882f0d87211de82d7002564cb911c,TAMDOMAIN,54357346736211ea80ee000d3a02ed0d,ENTITY,ATALMOR,ATALMOR,ATALMOR
,0,1899-12-30T00:00:00,0,2020-03-31T15:14:39,,0,,0,2020-03-31T15:14:39,54357347736211ea80ee000d3a02ed0d,153882f0d87211de82d7002564cb911c,TAMDOMAIN,54357348736211ea80ee000d3a02ed0d,ENTITY,ATALMOR,ATALMOR,ATALMOR
,0,1899-12-30T00:00:00,0,2020-03-31T15:14:39,,0,,0,2020-03-31T15:14:39,54357349736211ea80ee000d3a02ed0d,153882f0d87211de82d7002564cb911c,TAMDOMAIN,5435734a736211ea80ee000d3a02ed0d,ENTITY,ATALMOR,ATALMOR,ATALMOR
,0,1899-12-30T00:00:00,0,2020-03-31T15:14:39,,0,,0,2020-03-31T15:14:39,5435734b736211ea80ee000d3a02ed0d,153882f0d87211de82d7002564cb911c,TAMDOMAIN,5435734c736211ea80ee000d3a02ed0d,ENTITY,ATALMOR,ATALMOR,ATALMOR
,0,1899-12-30T00:00:00,0,2020-03-31T15:14:39,,0,,0,2020-03-31T15:14:39,5435734d736211ea80ee000d3a02ed0d,153882f0d87211de82d7002564cb911c,TAMDOMAIN,5435734e736211ea80ee000d3a02ed0d,ENTITY,ATALMOR,ATALMOR,ATALMOR
,0,1899-12-30T00:00:00,0,2020-03-31T15:14:39,,0,,0,2020-03-31T15:14:39,5435734f736211ea80ee000d3a02ed0d,153882f0d87211de82d7002564cb911c,TAMDOMAIN,54357350736211ea80ee000d3a02ed0d,ENTITY,ATALMOR,ATALMOR,ATALMOR
,0,1899-12-30T00:00:00,0,2020-03-31T15:14:39,,0,,0,2020-03-31T15:14:39,54357351736211ea80ee000d3a02ed0d,153882f0d87211de82d7002564cb911c,TAMDOMAIN,54357352736211ea80ee000d3a02ed0d,ENTITY,ATALMOR,ATALMOR,ATALMOR
,0,1899-12-30T00:00:00,0,2020-03-31T15:14:40,,0,,0,2020-03-31T15:14:40,54357353736211ea80ee000d3a02ed0d,153882f0d87211de82d7002564cb911c,TAMDOMAIN,54357354736211ea80ee000d3a02ed0d,ENTITY,ATALMOR,ATALMOR,ATALMOR
,0,1899-12-30T00:00:00,0,2020-03-31T15:14:40,,0,,0,2020-03-31T15:14:40,54357355736211ea80ee000d3a02ed0d,153882f0d87211de82d7002564cb911c,TAMDOMAIN,54357356736211ea80ee000d3a02ed0d,ENTITY,ATALMOR,ATALMOR,ATALMOR
,0,1899-12-30T00:00:00,0,2020-03-31T15:14:40,,0,,0,2020-03-31T15:14:40,54357357736211ea80ee000d3a02ed0d,153882f0d87211de82d7002564cb911c,TAMDOMAIN,54357358736211ea80ee000d3a02ed0d,ENTITY,ATALMOR,ATALMOR,ATALMOR
,0,1899-12-30T00:00:00,0,2020-03-31T15:14:40,,0,,0,2020-03-31T15:14:40,54357359736211ea80ee000d3a02ed0d,153882f0d87211de82d7002564cb911c,TAMDOMAIN,5435735a736211ea80ee000d3a02ed0d,ENTITY,ATALMOR,ATALMOR,ATALMOR
,0,1899-12-30T00:00:00,0,2020-03-31T15:14:40,,0,,0,2020-03-31T15:14:40,5435735b736211ea80ee000d3a02ed0d,153882f0d87211de82d7002564cb911c,TAMDOMAIN,5435735c736211ea80ee000d3a02ed0d,ENTITY,ATALMOR,ATALMOR,ATALMOR
,0,1899-12-30T00:00:00,0,2020-03-31T15:14:40,,0,,0,2020-03-31T15:14:40,5435735d736211ea80ee000d3a02ed0d,153882f0d87211de82d7002564cb911c,TAMDOMAIN,5435735e736211ea80ee000d3a02ed0d,ENTITY,ATALMOR,ATALMOR,ATALMOR
,0,1899-12-30T00:00:00,0,2020-03-31T15:14:40,,0,,0,2020-03-31T15:14:40,5435735f736211ea80ee000d3a02ed0d,153882f0d87211de82d7002564cb911c,TAMDOMAIN,54357360736211ea80ee000d3a02ed0d,ENTITY,ATALMOR,ATALMOR,ATALMOR
,0,1899-12-30T00:00:00,0,2020-03-31T15:14:40,,0,,0,2020-03-31T15:14:40,54357361736211ea80ee000d3a02ed0d,153882f0d87211de82d7002564cb911c,TAMDOMAIN,54357362736211ea80ee000d3a02ed0d,ENTITY,ATALMOR,ATALMOR,ATALMOR
,0,1899-12-30T00:00:00,0,2020-03-31T15:14:40,,0,,0,2020-03-31T15:14:40,54357363736211ea80ee000d3a02ed0d,153882f0d87211de82d7002564cb911c,TAMDOMAIN,54357364736211ea80ee000d3a02ed0d,ENTITY,ATALMOR,ATALMOR,ATALMOR
,0,1899-12-30T00:00:00,0,2020-03-31T15:14:40,,0,,0,2020-03-31T15:14:40,54357365736211ea80ee000d3a02ed0d,153882f0d87211de82d7002564cb911c,TAMDOMAIN,54357366736211ea80ee000d3a02ed0d,ENTITY,ATALMOR,ATALMOR,ATALMOR
,0,1899-12-30T00:00:00,0,2020-03-31T15:14:40,,0,,0,2020-03-31T15:14:40,54357367736211ea80ee000d3a02ed0d,153882f0d87211de82d7002564cb911c,TAMDOMAIN,54357368736211ea80ee000d3a02ed0d,ENTITY,ATALMOR,ATALMOR,ATALMOR
,0,1899-12-30T00:00:00,0,2020-03-31T15:14:40,,0,,0,2020-03-31T15:14:40,54357369736211ea80ee000d3a02ed0d,153882f0d87211de82d7002564cb911c,TAMDOMAIN,5435736a736211ea80ee000d3a02ed0d,ENTITY,ATALMOR,ATALMOR,ATALMOR
,0,1899-12-30T00:00:00,0,2020-03-31T15:14:40,,0,,0,2020-03-31T15:14:40,5435736b736211ea80ee000d3a02ed0d,153882f0d87211de82d7002564cb911c,TAMDOMAIN,5435736c736211ea80ee000d3a02ed0d,ENTITY,ATALMOR,ATALMOR,ATALMOR
,0,1899-12-30T00:00:00,0,2020-03-31T15:14:40,,0,,0,2020-03-31T15:14:40,5435736d736211ea80ee000d3a02ed0d,153882f0d87211de82d7002564cb911c,TAMDOMAIN,5435736e736211ea80ee000d3a02ed0d,ENTITY,ATALMOR,ATALMOR,ATALMOR
,0,1899-12-30T00:00:00,0,2020-03-31T15:14:40,,0,,0,2020-03-31T15:14:40,5435736f736211ea80ee000d3a02ed0d,153882f0d87211de82d7002564cb911c,TAMDOMAIN,54357370736211ea80ee000d3a02ed0d,ENTITY,ATALMOR,ATALMOR,ATALMOR
,0,1899-12-30T00:00:00,0,2020-03-31T15:14:40,,0,,0,2020-03-31T15:14:40,54357371736211ea80ee000d3a02ed0d,153882f0d87211de82d7002564cb911c,TAMDOMAIN,54357372736211ea80ee000d3a02ed0d,ENTITY,ATALMOR,ATALMOR,ATALMOR
,0,1899-12-30T00:00:00,0,2020-03-31T15:14:40,,0,,0,2020-03-31T15:14:40,54357373736211ea80ee000d3a02ed0d,153882f0d87211de82d7002564cb911c,TAMDOMAIN,54357374736211ea80ee000d3a02ed0d,ENTITY,ATALMOR,ATALMOR,ATALMOR
,0,1899-12-30T00:00:00,0,2020-03-31T15:14:41,,0,,0,2020-03-31T15:14:41,54357375736211ea80ee000d3a02ed0d,153882f0d87211de82d7002564cb911c,TAMDOMAIN,54357376736211ea80ee000d3a02ed0d,ENTITY,ATALMOR,ATALMOR,ATALMOR
,0,1899-12-30T00:00:00,0,2020-03-31T15:14:41,,0,,0,2020-03-31T15:14:41,54357377736211ea80ee000d3a02ed0d,153882f0d87211de82d7002564cb911c,TAMDOMAIN,54357378736211ea80ee000d3a02ed0d,ENTITY,ATALMOR,ATALMOR,ATALMOR
,0,1899-12-30T00:00:00,0,2020-03-31T15:14:41,,0,,0,2020-03-31T15:14:41,54357379736211ea80ee000d3a02ed0d,153882f0d87211de82d7002564cb911c,TAMDOMAIN,5435737a736211ea80ee000d3a02ed0d,ENTITY,ATALMOR,ATALMOR,ATALMOR
,0,1899-12-30T00:00:00,0,2020-03-31T15:14:41,,0,,0,2020-03-31T15:14:41,5435737b736211ea80ee000d3a02ed0d,153882f0d87211de82d7002564cb911c,TAMDOMAIN,5435737c736211ea80ee000d3a02ed0d,ENTITY,ATALMOR,ATALMOR,ATALMOR
,0,1899-12-30T00:00:00,0,2020-03-31T15:14:41,,0,,0,2020-03-31T15:14:41,5435737d736211ea80ee000d3a02ed0d,153882f0d87211de82d7002564cb911c,TAMDOMAIN,5435737e736211ea80ee000d3a02ed0d,ENTITY,ATALMOR,ATALMOR,ATALMOR
,0,1899-12-30T00:00:00,0,2020-03-31T15:14:41,,0,,0,2020-03-31T15:14:41,5435737f736211ea80ee000d3a02ed0d,153882f0d87211de82d7002564cb911c,TAMDOMAIN,54357380736211ea80ee000d3a02ed0d,ENTITY,ATALMOR,ATALMOR,ATALMOR
,0,1899-12-30T00:00:00,0,2020-03-31T15:14:41,,0,,0,2020-03-31T15:14:41,54357381736211ea80ee000d3a02ed0d,153882f0d87211de82d7002564cb911c,TAMDOMAIN,54357382736211ea80ee000d3a02ed0d,ENTITY,ATALMOR,ATALMOR,ATALMOR
,0,1899-12-30T00:00:00,0,2020-03-31T15:14:41,,0,,0,2020-03-31T15:14:41,54357383736211ea80ee000d3a02ed0d,153882f0d87211de82d7002564cb911c,TAMDOMAIN,54357384736211ea80ee000d3a02ed0d,ENTITY,ATALMOR,ATALMOR,ATALMOR
,0,1899-12-30T00:00:00,0,2020-03-31T15:14:41,,0,,0,2020-03-31T15:14:41,54357385736211ea80ee000d3a02ed0d,153882f0d87211de82d7002564cb911c,TAMDOMAIN,54357386736211ea80ee000d3a02ed0d,ENTITY,ATALMOR,ATALMOR,ATALMOR
,0,1899-12-30T00:00:00,0,2020-03-31T15:14:41,,0,,0,2020-03-31T15:14:41,54357387736211ea80ee000d3a02ed0d,153882f0d87211de82d7002564cb911c,TAMDOMAIN,54357388736211ea80ee000d3a02ed0d,ENTITY,ATALMOR,ATALMOR,ATALMOR
,0,1899-12-30T00:00:00,0,2020-03-31T15:14:41,,0,,0,2020-03-31T15:14:41,54357389736211ea80ee000d3a02ed0d,153882f0d87211de82d7002564cb911c,TAMDOMAIN,5435738a736211ea80ee000d3a02ed0d,ENTITY,ATALMOR,ATALMOR,ATALMOR
,0,1899-12-30T00:00:00,0,2020-03-31T15:14:41,,0,,0,2020-03-31T15:14:41,5435738b736211ea80ee000d3a02ed0d,153882f0d87211de82d7002564cb911c,TAMDOMAIN,5435738c736211ea80ee000d3a02ed0d,ENTITY,ATALMOR,ATALMOR,ATALMOR
,0,1899-12-30T00:00:00,0,2020-03-31T15:14:41,,0,,0,2020-03-31T15:14:41,5435738d736211ea80ee000d3a02ed0d,153882f0d87211de82d7002564cb911c,TAMDOMAIN,5435738e736211ea80ee000d3a02ed0d,ENTITY,ATALMOR,ATALMOR,ATALMOR
,0,1899-12-30T00:00:00,0,2020-03-31T15:14:41,,0,,0,2020-03-31T15:14:41,5435738f736211ea80ee000d3a02ed0d,153882f0d87211de82d7002564cb911c,TAMDOMAIN,54357390736211ea80ee000d3a02ed0d,ENTITY,ATALMOR,ATALMOR,ATALMOR
,0,1899-12-30T00:00:00,0,2020-03-31T15:14:41,,0,,0,2020-03-31T15:14:41,54357391736211ea80ee000d3a02ed0d,153882f0d87211de82d7002564cb911c,TAMDOMAIN,54357392736211ea80ee000d3a02ed0d,ENTITY,ATALMOR,ATALMOR,ATALMOR
,0,1899-12-30T00:00:00,0,2020-03-31T15:14:41,,0,,0,2020-03-31T15:14:41,54357393736211ea80ee000d3a02ed0d,153882f0d87211de82d7002564cb911c,TAMDOMAIN,54357394736211ea80ee000d3a02ed0d,ENTITY,ATALMOR,ATALMOR,ATALMOR
,0,1899-12-30T00:00:00,0,2020-03-31T15:14:42,,0,,0,2020-03-31T15:14:42,54357397736211ea80ee000d3a02ed0d,153882f0d87211de82d7002564cb911c,TAMDOMAIN,54357398736211ea80ee000d3a02ed0d,ENTITY,ATALMOR,ATALMOR,ATALMOR
,0,1899-12-30T00:00:00,0,2020-03-31T15:14:42,,0,,0,2020-03-31T15:14:42,54357399736211ea80ee000d3a02ed0d,153882f0d87211de82d7002564cb911c,TAMDOMAIN,5435739a736211ea80ee000d3a02ed0d,ENTITY,ATALMOR,ATALMOR,ATALMOR
,0,1899-12-30T00:00:00,0,2020-03-31T15:14:42,,0,,0,2020-03-31T15:14:42,5435739b736211ea80ee000d3a02ed0d,153882f0d87211de82d7002564cb911c,TAMDOMAIN,5435739c736211ea80ee000d3a02ed0d,ENTITY,ATALMOR,ATALMOR,ATALMOR
,0,1899-12-30T00:00:00,0,2020-03-31T15:14:42,,0,,0,2020-03-31T15:14:42,5435739d736211ea80ee000d3a02ed0d,153882f0d87211de82d7002564cb911c,TAMDOMAIN,5435739e736211ea80ee000d3a02ed0d,ENTITY,ATALMOR,ATALMOR,ATALMOR
,0,1899-12-30T00:00:00,0,2020-03-31T15:14:42,,0,,0,2020-03-31T15:14:42,5435739f736211ea80ee000d3a02ed0d,153882f0d87211de82d7002564cb911c,TAMDOMAIN,543573a0736211ea80ee000d3a02ed0d,ENTITY,ATALMOR,ATALMOR,ATALMOR
,0,1899-12-30T00:00:00,0,2020-03-31T15:14:42,,0,,0,2020-03-31T15:14:42,543573a3736211ea80ee000d3a02ed0d,153882f0d87211de82d7002564cb911c,TAMDOMAIN,543573a4736211ea80ee000d3a02ed0d,ENTITY,ATALMOR,ATALMOR,ATALMOR
,0,1899-12-30T00:00:00,0,2020-03-31T15:14:42,,0,,0,2020-03-31T15:14:42,543573a5736211ea80ee000d3a02ed0d,153882f0d87211de82d7002564cb911c,TAMDOMAIN,543573a6736211ea80ee000d3a02ed0d,ENTITY,ATALMOR,ATALMOR,ATALMOR
,0,1899-12-30T00:00:00,0,2020-03-31T15:14:42,,0,,0,2020-03-31T15:14:42,543573a7736211ea80ee000d3a02ed0d,153882f0d87211de82d7002564cb911c,TAMDOMAIN,543573a8736211ea80ee000d3a02ed0d,ENTITY,ATALMOR,ATALMOR,ATALMOR
,0,1899-12-30T00:00:00,0,2020-03-31T15:14:42,,0,,0,2020-03-31T15:14:42,543573a9736211ea80ee000d3a02ed0d,153882f0d87211de82d7002564cb911c,TAMDOMAIN,543573aa736211ea80ee000d3a02ed0d,ENTITY,ATALMOR,ATALMOR,ATALMOR
,0,1899-12-30T00:00:00,0,2020-03-31T15:14:42,,0,,0,2020-03-31T15:14:42,543573ab736211ea80ee000d3a02ed0d,153882f0d87211de82d7002564cb911c,TAMDOMAIN,543573ac736211ea80ee000d3a02ed0d,ENTITY,ATALMOR,ATALMOR,ATALMOR
,0,1899-12-30T00:00:00,0,2020-03-31T15:14:42,,0,,0,2020-03-31T15:14:42,543573ad736211ea80ee000d3a02ed0d,153882f0d87211de82d7002564cb911c,TAMDOMAIN,543573ae736211ea80ee000d3a02ed0d,ENTITY,ATALMOR,ATALMOR,ATALMOR
,0,1899-12-30T00:00:00,0,2020-03-31T15:14:42,,0,,0,2020-03-31T15:14:42,543573af736211ea80ee000d3a02ed0d,153882f0d87211de82d7002564cb911c,TAMDOMAIN,543573b0736211ea80ee000d3a02ed0d,ENTITY,ATALMOR,ATALMOR,ATALMOR
,0,1899-12-30T00:00:00,0,2020-03-31T15:14:42,,0,,0,2020-03-31T15:14:42,543573b1736211ea80ee000d3a02ed0d,153882f0d87211de82d7002564cb911c,TAMDOMAIN,543573b2736211ea80ee000d3a02ed0d,ENTITY,ATALMOR,ATALMOR,ATALMOR
,0,1899-12-30T00:00:00,0,2020-03-31T15:14:42,,0,,0,2020-03-31T15:14:42,543573b3736211ea80ee000d3a02ed0d,153882f0d87211de82d7002564cb911c,TAMDOMAIN,543573b4736211ea80ee000d3a02ed0d,ENTITY,ATALMOR,ATALMOR,ATALMOR
,0,1899-12-30T00:00:00,0,2020-03-31T15:14:42,,0,,0,2020-03-31T15:14:42,543573b5736211ea80ee000d3a02ed0d,153882f0d87211de82d7002564cb911c,TAMDOMAIN,543573b6736211ea80ee000d3a02ed0d,ENTITY,ATALMOR,ATALMOR,ATALMOR
,0,1899-12-30T00:00:00,0,2020-03-31T15:14:42,,0,,0,2020-03-31T15:14:42,543573b7736211ea80ee000d3a02ed0d,153882f0d87211de82d7002564cb911c,TAMDOMAIN,543573b8736211ea80ee000d3a02ed0d,ENTITY,ATALMOR,ATALMOR,ATALMOR
,0,1899-12-30T00:00:00,0,2020-03-31T15:14:43,,0,,0,2020-03-31T15:14:43,543573b9736211ea80ee000d3a02ed0d,153882f0d87211de82d7002564cb911c,TAMDOMAIN,543573ba736211ea80ee000d3a02ed0d,ENTITY,ATALMOR,ATALMOR,ATALMOR
,0,1899-12-30T00:00:00,0,2020-03-31T15:14:43,,0,,0,2020-03-31T15:14:43,543573bb736211ea80ee000d3a02ed0d,153882f0d87211de82d7002564cb911c,TAMDOMAIN,543573bc736211ea80ee000d3a02ed0d,ENTITY,ATALMOR,ATALMOR,ATALMOR
,0,1899-12-30T00:00:00,0,2020-03-31T15:14:43,,0,,0,2020-03-31T15:14:43,543573bd736211ea80ee000d3a02ed0d,153882f0d87211de82d7002564cb911c,TAMDOMAIN,543573be736211ea80ee000d3a02ed0d,ENTITY,ATALMOR,ATALMOR,ATALMOR
,0,1899-12-30T00:00:00,0,2020-03-31T15:14:43,,0,,0,2020-03-31T15:14:43,543573bf736211ea80ee000d3a02ed0d,153882f0d87211de82d7002564cb911c,TAMDOMAIN,543573c0736211ea80ee000d3a02ed0d,ENTITY,ATALMOR,ATALMOR,ATALMOR
,0,1899-12-30T00:00:00,0,2020-03-31T15:14:43,,0,,0,2020-03-31T15:14:43,543573c1736211ea80ee000d3a02ed0d,153882f0d87211de82d7002564cb911c,TAMDOMAIN,543573c2736211ea80ee000d3a02ed0d,ENTITY,ATALMOR,ATALMOR,ATALMOR
,0,1899-12-30T00:00:00,0,2020-03-31T15:14:43,,0,,0,2020-03-31T15:14:43,543573c3736211ea80ee000d3a02ed0d,153882f0d87211de82d7002564cb911c,TAMDOMAIN,543573c4736211ea80ee000d3a02ed0d,ENTITY,ATALMOR,ATALMOR,ATALMOR
,0,1899-12-30T00:00:00,0,2020-03-31T15:14:43,,0,,0,2020-03-31T15:14:43,543573c5736211ea80ee000d3a02ed0d,153882f0d87211de82d7002564cb911c,TAMDOMAIN,543573c6736211ea80ee000d3a02ed0d,ENTITY,ATALMOR,ATALMOR,ATALMOR
,0,1899-12-30T00:00:00,0,2020-03-31T15:14:43,,0,,0,2020-03-31T15:14:43,543573c7736211ea80ee000d3a02ed0d,153882f0d87211de82d7002564cb911c,TAMDOMAIN,543573c8736211ea80ee000d3a02ed0d,ENTITY,ATALMOR,ATALMOR,ATALMOR
,0,1899-12-30T00:00:00,0,2020-03-31T15:14:43,,0,,0,2020-03-31T15:14:43,543573c9736211ea80ee000d3a02ed0d,bd2c887c815f11db9401000e3573f0d3,TAMDOMAIN,543573ca736211ea80ee000d3a02ed0d,ENTITY,ATALMOR,ATALMOR,ATALMOR
,0,1899-12-30T00:00:00,0,2020-03-31T15:14:43,,0,,0,2020-03-31T15:14:43,543573cb736211ea80ee000d3a02ed0d,bd2c887c815f11db9401000e3573f0d3,TAMDOMAIN,543573cc736211ea80ee000d3a02ed0d,ENTITY,ATALMOR,ATALMOR,ATALMOR
,0,1899-12-30T00:00:00,0,2020-03-31T15:14:43,,0,,0,2020-03-31T15:14:43,543573cd736211ea80ee000d3a02ed0d,bd2c887c815f11db9401000e3573f0d3,TAMDOMAIN,543573ce736211ea80ee000d3a02ed0d,ENTITY,ATALMOR,ATALMOR,ATALMOR
,0,1899-12-30T00:00:00,0,2020-03-31T15:14:43,,0,,0,2020-03-31T15:14:43,543573cf736211ea80ee000d3a02ed0d,bd2c887c815f11db9401000e3573f0d3,TAMDOMAIN,543573d0736211ea80ee000d3a02ed0d,ENTITY,ATALMOR,ATALMOR,ATALMOR
,0,1899-12-30T00:00:00,0,2020-03-31T15:14:43,,0,,0,2020-03-31T15:14:43,543573d1736211ea80ee000d3a02ed0d,bd2c887c815f11db9401000e3573f0d3,TAMDOMAIN,543573d2736211ea80ee000d3a02ed0d,ENTITY,ATALMOR,ATALMOR,ATALMOR
,0,1899-12-30T00:00:00,0,2020-03-31T15:14:43,,0,,0,2020-03-31T15:14:43,543573d3736211ea80ee000d3a02ed0d,bd2c887c815f11db9401000e3573f0d3,TAMDOMAIN,543573d4736211ea80ee000d3a02ed0d,ENTITY,ATALMOR,ATALMOR,ATALMOR
,0,1899-12-30T00:00:00,0,2020-03-31T15:14:43,,0,,0,2020-03-31T15:14:43,543573d5736211ea80ee000d3a02ed0d,bd2c887c815f11db9401000e3573f0d3,TAMDOMAIN,543573d6736211ea80ee000d3a02ed0d,ENTITY,ATALMOR,ATALMOR,ATALMOR
,0,1899-12-30T00:00:00,0,2020-03-31T15:14:43,,0,,0,2020-03-31T15:14:43,543573d7736211ea80ee000d3a02ed0d,bd2c887c815f11db9401000e3573f0d3,TAMDOMAIN,543573d8736211ea80ee000d3a02ed0d,ENTITY,ATALMOR,ATALMOR,ATALMOR
,0,1899-12-30T00:00:00,0,2020-03-31T15:14:43,,0,,0,2020-03-31T15:14:43,543573d9736211ea80ee000d3a02ed0d,bd2c887c815f11db9401000e3573f0d3,TAMDOMAIN,543573da736211ea80ee000d3a02ed0d,ENTITY,ATALMOR,ATALMOR,ATALMOR
,0,1899-12-30T00:00:00,0,2020-03-31T15:14:44,,0,,0,2020-03-31T15:14:44,543573db736211ea80ee000d3a02ed0d,bd2c887c815f11db9401000e3573f0d3,TAMDOMAIN,543573dc736211ea80ee000d3a02ed0d,ENTITY,ATALMOR,ATALMOR,ATALMOR
,0,1899-12-30T00:00:00,0,2020-03-31T15:14:44,,0,,0,2020-03-31T15:14:44,543573dd736211ea80ee000d3a02ed0d,bd2c887c815f11db9401000e3573f0d3,TAMDOMAIN,543573de736211ea80ee000d3a02ed0d,ENTITY,ATALMOR,ATALMOR,ATALMOR
,0,1899-12-30T00:00:00,0,2020-03-31T15:14:44,,0,,0,2020-03-31T15:14:44,543573df736211ea80ee000d3a02ed0d,bd2c887c815f11db9401000e3573f0d3,TAMDOMAIN,543573e0736211ea80ee000d3a02ed0d,ENTITY,ATALMOR,ATALMOR,ATALMOR
,0,1899-12-30T00:00:00,0,2020-03-31T15:14:44,,0,,0,2020-03-31T15:14:44,543573e1736211ea80ee000d3a02ed0d,bd2c887c815f11db9401000e3573f0d3,TAMDOMAIN,543573e2736211ea80ee000d3a02ed0d,ENTITY,ATALMOR,ATALMOR,ATALMOR
,0,1899-12-30T00:00:00,0,2020-03-31T15:14:44,,0,,0,2020-03-31T15:14:44,543573e3736211ea80ee000d3a02ed0d,bd2c887c815f11db9401000e3573f0d3,TAMDOMAIN,543573e4736211ea80ee000d3a02ed0d,ENTITY,ATALMOR,ATALMOR,ATALMOR
,0,1899-12-30T00:00:00,0,2020-03-31T15:14:44,,0,,0,2020-03-31T15:14:44,543573e5736211ea80ee000d3a02ed0d,bd2c887c815f11db9401000e3573f0d3,TAMDOMAIN,543573e6736211ea80ee000d3a02ed0d,ENTITY,ATALMOR,ATALMOR,ATALMOR
,0,1899-12-30T00:00:00,0,2020-03-31T15:14:44,,0,,0,2020-03-31T15:14:44,543573e7736211ea80ee000d3a02ed0d,bd2c887c815f11db9401000e3573f0d3,TAMDOMAIN,543573e8736211ea80ee000d3a02ed0d,ENTITY,ATALMOR,ATALMOR,ATALMOR
,0,1899-12-30T00:00:00,0,2020-03-31T15:14:44,,0,,0,2020-03-31T15:14:44,543573e9736211ea80ee000d3a02ed0d,bd2c887c815f11db9401000e3573f0d3,TAMDOMAIN,543573ea736211ea80ee000d3a02ed0d,ENTITY,ATALMOR,ATALMOR,ATALMOR
,0,1899-12-30T00:00:00,0,2020-03-31T15:14:44,,0,,0,2020-03-31T15:14:44,543573eb736211ea80ee000d3a02ed0d,bd2c887c815f11db9401000e3573f0d3,TAMDOMAIN,543573ec736211ea80ee000d3a02ed0d,ENTITY,ATALMOR,ATALMOR,ATALMOR
,0,1899-12-30T00:00:00,0,2020-03-31T15:14:44,,0,,0,2020-03-31T15:14:44,543573ed736211ea80ee000d3a02ed0d,bd2c887c815f11db9401000e3573f0d3,TAMDOMAIN,543573ee736211ea80ee000d3a02ed0d,ENTITY,ATALMOR,ATALMOR,ATALMOR
,0,1899-12-30T00:00:00,0,2020-03-31T15:14:44,,0,,0,2020-03-31T15:14:44,543573ef736211ea80ee000d3a02ed0d,bd2c887c815f11db9401000e3573f0d3,TAMDOMAIN,543573f0736211ea80ee000d3a02ed0d,ENTITY,ATALMOR,ATALMOR,ATALMOR
,0,1899-12-30T00:00:00,0,2020-03-31T15:14:44,,0,,0,2020-03-31T15:14:44,543573f1736211ea80ee000d3a02ed0d,bd2c887c815f11db9401000e3573f0d3,TAMDOMAIN,543573f2736211ea80ee000d3a02ed0d,ENTITY,ATALMOR,ATALMOR,ATALMOR
,0,1899-12-30T00:00:00,0,2020-03-31T15:14:44,,0,,0,2020-03-31T15:14:44,543573f3736211ea80ee000d3a02ed0d,bd2c887c815f11db9401000e3573f0d3,TAMDOMAIN,543573f4736211ea80ee000d3a02ed0d,ENTITY,ATALMOR,ATALMOR,ATALMOR
,0,1899-12-30T00:00:00,0,2020-03-31T15:14:44,,0,,0,2020-03-31T15:14:44,543573f5736211ea80ee000d3a02ed0d,bd2c887c815f11db9401000e3573f0d3,TAMDOMAIN,543573f6736211ea80ee000d3a02ed0d,ENTITY,ATALMOR,ATALMOR,ATALMOR
,0,1899-12-30T00:00:00,0,2020-03-31T15:14:44,,0,,0,2020-03-31T15:14:44,543573f7736211ea80ee000d3a02ed0d,bd2c887c815f11db9401000e3573f0d3,TAMDOMAIN,543573f8736211ea80ee000d3a02ed0d,ENTITY,ATALMOR,ATALMOR,ATALMOR
,0,1899-12-30T00:00:00,0,2020-03-31T15:14:44,,0,,0,2020-03-31T15:14:44,543573f9736211ea80ee000d3a02ed0d,bd2c887c815f11db9401000e3573f0d3,TAMDOMAIN,543573fa736211ea80ee000d3a02ed0d,ENTITY,ATALMOR,ATALMOR,ATALMOR
,0,1899-12-30T00:00:00,0,2020-03-31T15:14:44,,0,,0,2020-03-31T15:14:44,543573fb736211ea80ee000d3a02ed0d,bd2c887c815f11db9401000e3573f0d3,TAMDOMAIN,543573fc736211ea80ee000d3a02ed0d,ENTITY,ATALMOR,ATALMOR,ATALMOR
,0,1899-12-30T00:00:00,0,2020-03-31T15:14:44,,0,,0,2020-03-31T15:14:44,543573fd736211ea80ee000d3a02ed0d,bd2c887c815f11db9401000e3573f0d3,TAMDOMAIN,543573fe736211ea80ee000d3a02ed0d,ENTITY,ATALMOR,ATALMOR,ATALMOR
