@WHENCREATED,@UNIQUEIDENTIFIER,@WHENUPDATED,@VALIDATED,@DESCRIPTION,@NAME,@DATEVALIDATED,@TEMPLATE,@EXPORTFLAG,@TYPE,@ALLOWAUTOMATICDELETION,RCABOVEOBJECT@UNIQUEIDENTIFIER,RCABOVEOBJECT@ANYOBJECTDESTINATION,RCBELOWOBJECT@UNIQUEIDENTIFIER,RCBELOWOBJECT@ANYOBJECTDESTINATION,RCWHOCREATEDTOUSER@UNIQUEIDENTIFIER,RCWHOOWNSTOUSER@UNIQUEIDENTIFIER,RCWHOUPDATEDTOUSER@UNIQUEIDENTIFIER,RCWHOCREATEDTOUSER@WHOCREATED,RCWHOOWNSTOUSER@WHOOWNS,RCWHOUPDATEDTOUSER@WHOUPDATED
2019-06-19T17:52:28,006a9bb292bb11e980e4000d3a02ed0d,2019-06-19T17:52:28,0,,,1899-12-30T00:00:00,0,0,,0,96ea801857a911dfac350026b9bf6441,TAMAPPLICATION,153882f0d87211de82d7002564cb911c,TAMDOMAIN,ATALMOR,ATALMOR,ATALMOR,,,
2019-06-19T17:52:36,006a9bb492bb11e980e4000d3a02ed0d,2019-06-19T17:52:36,0,,,1899-12-30T00:00:00,0,0,,0,74630e7252bd11e780ca000d3a02ed0d,TAMAPPLICATION,153882f0d87211de82d7002564cb911c,TAMDOMAIN,ATALMOR,ATALMOR,ATALMOR,,,
2008-05-04T16:45:18,009337301a1b11ddb716001e378839ac,2008-05-04T16:45:18,0,,,1899-12-30T00:00:00,0,0,,-1,cb1b5a2513a211ddad71001e378839ac,TAMAPPLICATION,bd2c886f815f11db9401000e3573f0d3,TAMDOMAIN,ADMIN,ADMIN,ADMIN,,,
2010-04-12T22:26:47,01713fc346a411df88120026b9bf6441,2010-04-12T22:26:47,0,,,1899-12-30T00:00:00,0,0,,-1,f7145b5a46a311df88120026b9bf6441,TAMAPPLICATION,2a1be77e23fd11dc87cb00059a3c7800,TAMDOMAIN,ADMIN,ADMIN,ADMIN,,,
2008-04-27T23:41:40,021edeb114d511ddad71001e378839ac,2008-04-27T23:41:40,0,,,1899-12-30T00:00:00,0,0,,-1,021edeb014d511ddad71001e378839ac,TAMAPPLICATION,2a1be77e23fd11dc87cb00059a3c7800,TAMDOMAIN,ADMIN,ADMIN,ADMIN,,,
2010-04-12T22:27:01,09f53e8e46a411df88120026b9bf6441,2010-04-12T22:27:01,0,,,1899-12-30T00:00:00,0,0,,-1,01713fc446a411df88120026b9bf6441,TAMAPPLICATION,2a1be77e23fd11dc87cb00059a3c7800,TAMDOMAIN,ADMIN,ADMIN,ADMIN,,,
2011-03-14T23:19:34,0c0315b44eb311e0b1fc002564cb911c,2011-03-14T23:19:34,0,,,1899-12-30T00:00:00,0,0,,-1,27b34a6b0ea111e0bc42002564cb911c,TAMAPPLICATION,2a1be77e23fd11dc87cb00059a3c7800,TAMDOMAIN,ADMIN,ADMIN,ADMIN,,,
2011-03-14T23:19:34,0c0315b54eb311e0b1fc002564cb911c,2011-03-14T23:19:34,0,,,1899-12-30T00:00:00,0,0,,-1,4bd404e70ea111e0bc42002564cb911c,TAMAPPLICATION,2a1be77e23fd11dc87cb00059a3c7800,TAMDOMAIN,ADMIN,ADMIN,ADMIN,,,
2011-03-14T23:19:34,0c0315b64eb311e0b1fc002564cb911c,2011-03-14T23:19:34,0,,,1899-12-30T00:00:00,0,0,,-1,cf3b34ac0ea011e0bc42002564cb911c,TAMAPPLICATION,2a1be77e23fd11dc87cb00059a3c7800,TAMDOMAIN,ADMIN,ADMIN,ADMIN,,,
2008-04-30T00:36:51,0cf49780166f11ddad71001e378839ac,2008-04-30T00:36:51,0,,,1899-12-30T00:00:00,0,0,,-1,cb1b5a2413a211ddad71001e378839ac,TAMAPPLICATION,bd2c886f815f11db9401000e3573f0d3,TAMDOMAIN,ADMIN,ADMIN,ADMIN,,,
2011-03-23T11:56:04,0dd1cc94556611e08f64002564cb911c,2011-03-23T11:56:04,0,,,1899-12-30T00:00:00,0,0,,-1,e45e0bde0e1d11e0bc42002564cb911c,TAMAPPLICATION,bd2c888c815f11db9401000e3573f0d3,TAMDOMAIN,ADMIN,ADMIN,ADMIN,,,
2011-03-23T11:56:06,0dd1cc96556611e08f64002564cb911c,2011-03-23T11:56:06,0,,,1899-12-30T00:00:00,0,0,,-1,1823d35f0e1e11e0bc42002564cb911c,TAMAPPLICATION,bd2c888c815f11db9401000e3573f0d3,TAMDOMAIN,ADMIN,ADMIN,ADMIN,,,
2011-03-23T11:56:11,0dd1cc98556611e08f64002564cb911c,2011-03-23T11:56:11,0,,,1899-12-30T00:00:00,0,0,,-1,5e6e04d90e1e11e0bc42002564cb911c,TAMAPPLICATION,bd2c888c815f11db9401000e3573f0d3,TAMDOMAIN,ADMIN,ADMIN,ADMIN,,,
2011-03-23T11:56:13,0dd1cc9a556611e08f64002564cb911c,2011-03-23T11:56:13,0,,,1899-12-30T00:00:00,0,0,,-1,3b7c58ed0e1e11e0bc42002564cb911c,TAMAPPLICATION,bd2c888c815f11db9401000e3573f0d3,TAMDOMAIN,ADMIN,ADMIN,ADMIN,,,
2012-03-06T14:46:28,0ff6c2e267c511e1a5f7002564cb911c,2012-03-06T14:46:28,0,,,1899-12-30T00:00:00,0,0,,-1,0700e88b0ea111e0bc42002564cb911c,TAMAPPLICATION,2a1be77e23fd11dc87cb00059a3c7800,TAMDOMAIN,ADMIN,ADMIN,ADMIN,,,
2012-03-06T14:46:28,0ff6c2e367c511e1a5f7002564cb911c,2012-03-06T14:46:28,0,,,1899-12-30T00:00:00,0,0,,-1,ab8e25410ea011e0bc42002564cb911c,TAMAPPLICATION,2a1be77e23fd11dc87cb00059a3c7800,TAMDOMAIN,ADMIN,ADMIN,ADMIN,,,
2012-03-06T14:46:28,0ff6c2e467c511e1a5f7002564cb911c,2012-03-06T14:46:28,0,,,1899-12-30T00:00:00,0,0,,-1,f71443160e2711e0bc42002564cb911c,TAMAPPLICATION,2a1be77e23fd11dc87cb00059a3c7800,TAMDOMAIN,ADMIN,ADMIN,ADMIN,,,
2017-12-13T17:28:43,105cd535e02b11e780d0000d3a02ed0d,2017-12-13T17:28:43,0,,,1899-12-30T00:00:00,0,0,,0,105cd537e02b11e780d0000d3a02ed0d,TAMAPPLICATION,d0cf8e05240411dc87cb00059a3c7800,TAMDOMAIN,ATALMOR,ATALMOR,ATALMOR,,,
2017-12-13T17:28:43,105cd539e02b11e780d0000d3a02ed0d,2017-12-13T17:28:43,0,,,1899-12-30T00:00:00,0,0,,0,105cd53be02b11e780d0000d3a02ed0d,TAMAPPLICATION,d0cf8e05240411dc87cb00059a3c7800,TAMDOMAIN,ATALMOR,ATALMOR,ATALMOR,,,
2017-12-13T17:28:43,105cd53de02b11e780d0000d3a02ed0d,2017-12-13T17:28:43,0,,,1899-12-30T00:00:00,0,0,,0,105cd53fe02b11e780d0000d3a02ed0d,TAMAPPLICATION,d0cf8e05240411dc87cb00059a3c7800,TAMDOMAIN,ATALMOR,ATALMOR,ATALMOR,,,
2017-12-13T17:28:43,105cd541e02b11e780d0000d3a02ed0d,2017-12-13T17:28:43,0,,,1899-12-30T00:00:00,0,0,,0,105cd543e02b11e780d0000d3a02ed0d,TAMAPPLICATION,bd2c886f815f11db9401000e3573f0d3,TAMDOMAIN,ATALMOR,ATALMOR,ATALMOR,,,
2012-03-06T11:54:46,1185072667ad11e1a5f7002564cb911c,2012-03-06T11:54:46,0,,,1899-12-30T00:00:00,0,0,,-1,1185072567ad11e1a5f7002564cb911c,TAMAPPLICATION,bd2c886f815f11db9401000e3573f0d3,TAMDOMAIN,ADMIN,ADMIN,ADMIN,,,
2010-04-12T22:27:15,1233cee546a411df88120026b9bf6441,2010-04-12T22:27:15,0,,,1899-12-30T00:00:00,0,0,,-1,09f53e8f46a411df88120026b9bf6441,TAMAPPLICATION,2a1be77e23fd11dc87cb00059a3c7800,TAMDOMAIN,ADMIN,ADMIN,ADMIN,,,
2010-04-14T16:05:30,129efbe2480111df8c200026b9bf6441,2010-04-14T16:05:30,0,,,1899-12-30T00:00:00,0,0,,-1,6564407e219811df9556001de065480b,TAMAPPLICATION,bd2c887c815f11db9401000e3573f0d3,TAMDOMAIN,ADMIN,ADMIN,ADMIN,,,
2010-04-14T16:05:30,129efbe3480111df8c200026b9bf6441,2010-04-14T16:05:30,0,,,1899-12-30T00:00:00,0,0,,-1,6c2bf06e219811df9556001de065480b,TAMAPPLICATION,bd2c887c815f11db9401000e3573f0d3,TAMDOMAIN,ADMIN,ADMIN,ADMIN,,,
2010-04-14T16:05:30,129efbe4480111df8c200026b9bf6441,2010-04-14T16:05:30,0,,,1899-12-30T00:00:00,0,0,,-1,74f1d79a219811df9556001de065480b,TAMAPPLICATION,bd2c887c815f11db9401000e3573f0d3,TAMDOMAIN,ADMIN,ADMIN,ADMIN,,,
2010-04-14T16:05:30,129efbe5480111df8c200026b9bf6441,2010-04-14T16:05:30,0,,,1899-12-30T00:00:00,0,0,,-1,1df6f66c305e11df955c001de065480b,TAMAPPLICATION,bd2c887c815f11db9401000e3573f0d3,TAMDOMAIN,ADMIN,ADMIN,ADMIN,,,
2010-04-14T16:05:37,129efbe8480111df8c200026b9bf6441,2010-04-14T16:05:37,0,,,1899-12-30T00:00:00,0,0,,-1,1699ae7c306411df955c001de065480b,TAMAPPLICATION,bd2c887c815f11db9401000e3573f0d3,TAMDOMAIN,ADMIN,ADMIN,ADMIN,,,
2013-04-22T10:09:58,156e5d58ab6711e2bcb7f04da23a38c8,2013-04-22T10:09:58,0,,,1899-12-30T00:00:00,0,0,,0,1e0d233aa15811e2a691f04da23a38c8,TAMAPPLICATION,bd2c887c815f11db9401000e3573f0d3,TAMDOMAIN,DFREED,DFREED,DFREED,,,
2012-03-08T23:05:22,16d84a15699d11e1a5f7002564cb911c,2012-03-08T23:05:22,0,,,1899-12-30T00:00:00,0,0,,-1,02c2c61b699a11e1a5f7002564cb911c,TAMAPPLICATION,bd2c8884815f11db9401000e3573f0d3,TAMDOMAIN,ADMIN,ADMIN,ADMIN,,,
2012-03-08T23:05:22,16d84a16699d11e1a5f7002564cb911c,2012-03-08T23:05:22,0,,,1899-12-30T00:00:00,0,0,,-1,d80598a8699911e1a5f7002564cb911c,TAMAPPLICATION,bd2c8884815f11db9401000e3573f0d3,TAMDOMAIN,ADMIN,ADMIN,ADMIN,,,
2012-03-08T23:05:22,16d84a17699d11e1a5f7002564cb911c,2012-03-08T23:05:22,0,,,1899-12-30T00:00:00,0,0,,-1,d80598a7699911e1a5f7002564cb911c,TAMAPPLICATION,bd2c8884815f11db9401000e3573f0d3,TAMDOMAIN,ADMIN,ADMIN,ADMIN,,,
2012-03-08T23:05:22,16d84a18699d11e1a5f7002564cb911c,2012-03-08T23:05:22,0,,,1899-12-30T00:00:00,0,0,,-1,cde548f3699911e1a5f7002564cb911c,TAMAPPLICATION,bd2c8884815f11db9401000e3573f0d3,TAMDOMAIN,ADMIN,ADMIN,ADMIN,,,
2012-03-08T23:05:22,16d84a19699d11e1a5f7002564cb911c,2012-03-08T23:05:22,0,,,1899-12-30T00:00:00,0,0,,-1,cde548f2699911e1a5f7002564cb911c,TAMAPPLICATION,bd2c8884815f11db9401000e3573f0d3,TAMDOMAIN,ADMIN,ADMIN,ADMIN,,,
2012-03-08T23:05:22,16d84a1d699d11e1a5f7002564cb911c,2012-03-08T23:05:22,0,,,1899-12-30T00:00:00,0,0,,-1,f55bb669695911e1a5f7002564cb911c,TAMAPPLICATION,bd2c8884815f11db9401000e3573f0d3,TAMDOMAIN,ADMIN,ADMIN,ADMIN,,,
2012-03-08T23:05:22,16d84a1e699d11e1a5f7002564cb911c,2012-03-08T23:05:22,0,,,1899-12-30T00:00:00,0,0,,-1,e9177a0a695711e1a5f7002564cb911c,TAMAPPLICATION,bd2c8884815f11db9401000e3573f0d3,TAMDOMAIN,ADMIN,ADMIN,ADMIN,,,
2012-03-08T23:05:22,16d84a1f699d11e1a5f7002564cb911c,2012-03-08T23:05:22,0,,,1899-12-30T00:00:00,0,0,,-1,d8a35a2d695711e1a5f7002564cb911c,TAMAPPLICATION,bd2c8884815f11db9401000e3573f0d3,TAMDOMAIN,ADMIN,ADMIN,ADMIN,,,
2012-03-08T23:05:22,16d84a22699d11e1a5f7002564cb911c,2012-03-08T23:05:22,0,,,1899-12-30T00:00:00,0,0,,-1,1c395440693b11e1a5f7002564cb911c,TAMAPPLICATION,bd2c8884815f11db9401000e3573f0d3,TAMDOMAIN,ADMIN,ADMIN,ADMIN,,,
2012-03-08T23:05:22,16d84a23699d11e1a5f7002564cb911c,2012-03-08T23:05:22,0,,,1899-12-30T00:00:00,0,0,,-1,ebf98c64693a11e1a5f7002564cb911c,TAMAPPLICATION,bd2c8884815f11db9401000e3573f0d3,TAMDOMAIN,ADMIN,ADMIN,ADMIN,,,
2021-05-12T18:58:55,17c79e00b35411eb80ff000d3a02ed0d,2021-05-12T18:58:55,0,,,1899-12-30T00:00:00,0,0,,0,af5dcf122dee11df9559001de065480b,TAMAPPLICATION,153882f0d87211de82d7002564cb911c,TAMDOMAIN,DFREED,DFREED,DFREED,,,
2021-05-12T18:58:55,17c79e01b35411eb80ff000d3a02ed0d,2021-05-12T18:58:55,0,,,1899-12-30T00:00:00,0,0,,0,e65a0ab22dee11df9559001de065480b,TAMAPPLICATION,153882f0d87211de82d7002564cb911c,TAMDOMAIN,DFREED,DFREED,DFREED,,,
2021-05-12T18:58:55,17c79e02b35411eb80ff000d3a02ed0d,2021-05-12T18:58:55,0,,,1899-12-30T00:00:00,0,0,,0,bf3cf5e22def11df9559001de065480b,TAMAPPLICATION,153882f0d87211de82d7002564cb911c,TAMDOMAIN,DFREED,DFREED,DFREED,,,
2021-05-12T18:58:55,17c79e03b35411eb80ff000d3a02ed0d,2021-05-12T18:58:55,0,,,1899-12-30T00:00:00,0,0,,0,2bfa36fa2def11df9559001de065480b,TAMAPPLICATION,153882f0d87211de82d7002564cb911c,TAMDOMAIN,DFREED,DFREED,DFREED,,,
2021-05-12T18:58:55,17c79e04b35411eb80ff000d3a02ed0d,2021-05-12T18:58:55,0,,,1899-12-30T00:00:00,0,0,,0,9942bff62df011df9559001de065480b,TAMAPPLICATION,153882f0d87211de82d7002564cb911c,TAMDOMAIN,DFREED,DFREED,DFREED,,,
2021-05-12T18:58:55,17c79e05b35411eb80ff000d3a02ed0d,2021-05-12T18:58:55,0,,,1899-12-30T00:00:00,0,0,,0,03353f562df111df9559001de065480b,TAMAPPLICATION,153882f0d87211de82d7002564cb911c,TAMDOMAIN,DFREED,DFREED,DFREED,,,
2021-05-12T18:58:55,17c79e06b35411eb80ff000d3a02ed0d,2021-05-12T18:58:55,0,,,1899-12-30T00:00:00,0,0,,0,6ad7f7c62df011df9559001de065480b,TAMAPPLICATION,153882f0d87211de82d7002564cb911c,TAMDOMAIN,DFREED,DFREED,DFREED,,,
2021-05-12T18:58:55,17c79e07b35411eb80ff000d3a02ed0d,2021-05-12T18:58:55,0,,,1899-12-30T00:00:00,0,0,,0,c8ed03422df011df9559001de065480b,TAMAPPLICATION,153882f0d87211de82d7002564cb911c,TAMDOMAIN,DFREED,DFREED,DFREED,,,
2021-05-12T18:58:55,17c79e08b35411eb80ff000d3a02ed0d,2021-05-12T18:58:55,0,,,1899-12-30T00:00:00,0,0,,0,5ddbe9f22def11df9559001de065480b,TAMAPPLICATION,153882f0d87211de82d7002564cb911c,TAMDOMAIN,DFREED,DFREED,DFREED,,,
2021-05-12T18:58:56,17c79e19b35411eb80ff000d3a02ed0d,2021-05-12T18:58:56,0,,,1899-12-30T00:00:00,0,0,,0,df4d7c046a3511e290abf04da23a38c8,TAMAPPLICATION,271efcfde24d11e392b26817294aebff,TAMDOMAIN,DFREED,DFREED,DFREED,,,
2021-05-12T18:58:56,17c79e1ab35411eb80ff000d3a02ed0d,2021-05-12T18:58:56,0,,,1899-12-30T00:00:00,0,0,,0,204cd5baa08f11e2bf255c260a653b0e,TAMAPPLICATION,271efcfde24d11e392b26817294aebff,TAMDOMAIN,DFREED,DFREED,DFREED,,,
2021-05-12T18:58:56,17c79e1bb35411eb80ff000d3a02ed0d,2021-05-12T18:58:56,0,,,1899-12-30T00:00:00,0,0,,0,09f85226a08f11e2bf255c260a653b0e,TAMAPPLICATION,271efcfde24d11e392b26817294aebff,TAMDOMAIN,DFREED,DFREED,DFREED,,,
2021-05-12T18:58:56,17c79e1cb35411eb80ff000d3a02ed0d,2021-05-12T18:58:56,0,,,1899-12-30T00:00:00,0,0,,0,d4ba6ba16a3511e290abf04da23a38c8,TAMAPPLICATION,271efcfde24d11e392b26817294aebff,TAMDOMAIN,DFREED,DFREED,DFREED,,,
2021-05-12T18:58:56,17c79e1db35411eb80ff000d3a02ed0d,2021-05-12T18:58:56,0,,,1899-12-30T00:00:00,0,0,,0,1c33d2bc6a3611e290abf04da23a38c8,TAMAPPLICATION,271efcfde24d11e392b26817294aebff,TAMDOMAIN,DFREED,DFREED,DFREED,,,
2021-05-12T18:58:56,17c79e1eb35411eb80ff000d3a02ed0d,2021-05-12T18:58:56,0,,,1899-12-30T00:00:00,0,0,,0,cd692e71a08d11e2bf255c260a653b0e,TAMAPPLICATION,271efcfde24d11e392b26817294aebff,TAMDOMAIN,DFREED,DFREED,DFREED,,,
2021-05-12T18:58:56,17c79e1fb35411eb80ff000d3a02ed0d,2021-05-12T18:58:56,0,,,1899-12-30T00:00:00,0,0,,0,0f8be44b6a3611e290abf04da23a38c8,TAMAPPLICATION,271efcfde24d11e392b26817294aebff,TAMDOMAIN,DFREED,DFREED,DFREED,,,
2021-05-12T18:58:56,17c79e20b35411eb80ff000d3a02ed0d,2021-05-12T18:58:56,0,,,1899-12-30T00:00:00,0,0,,0,bd24ef6a6a3511e290abf04da23a38c8,TAMAPPLICATION,271efcfde24d11e392b26817294aebff,TAMDOMAIN,DFREED,DFREED,DFREED,,,
2021-05-12T18:58:56,17c79e21b35411eb80ff000d3a02ed0d,2021-05-12T18:58:56,0,,,1899-12-30T00:00:00,0,0,,0,ff6326696a3511e290abf04da23a38c8,TAMAPPLICATION,271efcfde24d11e392b26817294aebff,TAMDOMAIN,DFREED,DFREED,DFREED,,,
2021-05-12T18:58:56,17c79e22b35411eb80ff000d3a02ed0d,2021-05-12T18:58:56,0,,,1899-12-30T00:00:00,0,0,,0,2af82044a08f11e2bf255c260a653b0e,TAMAPPLICATION,271efcfde24d11e392b26817294aebff,TAMDOMAIN,DFREED,DFREED,DFREED,,,
2021-05-12T18:58:56,17c79e23b35411eb80ff000d3a02ed0d,2021-05-12T18:58:56,0,,,1899-12-30T00:00:00,0,0,,0,e99fd8f56a3511e290abf04da23a38c8,TAMAPPLICATION,271efcfde24d11e392b26817294aebff,TAMDOMAIN,DFREED,DFREED,DFREED,,,
2012-03-09T08:38:06,1984362c69ed11e1a5f7002564cb911c,2012-03-09T08:38:06,0,,,1899-12-30T00:00:00,0,0,,-1,98c641d1699c11e1a5f7002564cb911c,TAMAPPLICATION,bd2c8884815f11db9401000e3573f0d3,TAMDOMAIN,ADMIN,ADMIN,ADMIN,,,
2012-03-09T08:38:09,1984362e69ed11e1a5f7002564cb911c,2012-03-09T08:38:09,0,,,1899-12-30T00:00:00,0,0,,-1,b1670aa6699e11e1a5f7002564cb911c,TAMAPPLICATION,bd2c8884815f11db9401000e3573f0d3,TAMDOMAIN,ADMIN,ADMIN,ADMIN,,,
2012-03-09T08:38:13,1984363069ed11e1a5f7002564cb911c,2012-03-09T08:38:13,0,,,1899-12-30T00:00:00,0,0,,-1,f79feb4667d711e1a5f7002564cb911c,TAMAPPLICATION,bd2c8884815f11db9401000e3573f0d3,TAMDOMAIN,ADMIN,ADMIN,ADMIN,,,
2010-04-22T13:26:00,1dc8160c4e3411df874a0026b9bf6441,2010-04-22T13:26:00,0,,,1899-12-30T00:00:00,0,0,,-1,a8c9e5294e2f11df874a0026b9bf6441,TAMAPPLICATION,bd2c886f815f11db9401000e3573f0d3,TAMDOMAIN,ADMIN,ADMIN,ADMIN,,,
2010-04-22T13:26:00,1dc8160d4e3411df874a0026b9bf6441,2010-04-22T13:26:00,0,,,1899-12-30T00:00:00,0,0,,-1,7f25e0d14e3211df874a0026b9bf6441,TAMAPPLICATION,bd2c886f815f11db9401000e3573f0d3,TAMDOMAIN,ADMIN,ADMIN,ADMIN,,,
2010-04-22T13:26:00,1dc8160e4e3411df874a0026b9bf6441,2010-04-22T13:26:00,0,,,1899-12-30T00:00:00,0,0,,-1,ad4dbd544e3211df874a0026b9bf6441,TAMAPPLICATION,bd2c886f815f11db9401000e3573f0d3,TAMDOMAIN,ADMIN,ADMIN,ADMIN,,,
2010-04-22T13:26:00,1dc8160f4e3411df874a0026b9bf6441,2010-04-22T13:26:00,0,,,1899-12-30T00:00:00,0,0,,-1,7b56c2c44e3311df874a0026b9bf6441,TAMAPPLICATION,bd2c886f815f11db9401000e3573f0d3,TAMDOMAIN,ADMIN,ADMIN,ADMIN,,,
2010-04-22T13:26:00,1dc816104e3411df874a0026b9bf6441,2010-04-22T13:26:00,0,,,1899-12-30T00:00:00,0,0,,-1,98aaf8e44e3311df874a0026b9bf6441,TAMAPPLICATION,bd2c886f815f11db9401000e3573f0d3,TAMDOMAIN,ADMIN,ADMIN,ADMIN,,,
2010-04-22T13:26:00,1dc816114e3411df874a0026b9bf6441,2010-04-22T13:26:00,0,,,1899-12-30T00:00:00,0,0,,-1,b2b8f86e4e3311df874a0026b9bf6441,TAMAPPLICATION,bd2c886f815f11db9401000e3573f0d3,TAMDOMAIN,ADMIN,ADMIN,ADMIN,,,
2013-04-22T09:55:54,1e768effab6511e2bcb7f04da23a38c8,2013-04-22T09:55:54,0,,,1899-12-30T00:00:00,0,0,,0,7d580c3aab6211e2bcb7f04da23a38c8,TAMAPPLICATION,d0cf8e05240411dc87cb00059a3c7800,TAMDOMAIN,DFREED,DFREED,DFREED,,,
2012-03-09T08:38:18,202f013b69ed11e1a5f7002564cb911c,2012-03-09T08:38:18,0,,,1899-12-30T00:00:00,0,0,,-1,17f537a967d811e1a5f7002564cb911c,TAMAPPLICATION,bd2c8884815f11db9401000e3573f0d3,TAMDOMAIN,ADMIN,ADMIN,ADMIN,,,
2008-04-26T17:38:39,2127082013d911ddad71001e378839ac,2008-04-26T17:38:39,0,,,1899-12-30T00:00:00,0,0,,-1,cb1b5a2213a211ddad71001e378839ac,TAMAPPLICATION,bd2c886f815f11db9401000e3573f0d3,TAMDOMAIN,ADMIN,ADMIN,ADMIN,,,
2012-03-06T12:02:19,21388cec67ae11e1a5f7002564cb911c,2012-03-06T12:02:19,0,,,1899-12-30T00:00:00,0,0,,-1,21388cea67ae11e1a5f7002564cb911c,TAMAPPLICATION,bd2c886f815f11db9401000e3573f0d3,TAMDOMAIN,ADMIN,ADMIN,ADMIN,,,
2019-06-19T13:21:25,22c156ed929511e980e4000d3a02ed0d,2019-06-19T13:21:25,0,,,1899-12-30T00:00:00,0,0,,0,e1ba9d3139d811db9075004096a6c0fb,TAMAPPLICATION,271efcfde24d11e392b26817294aebff,TAMDOMAIN,ATALMOR,ATALMOR,ATALMOR,,,
2013-04-22T10:10:21,231a5218ab6711e2bcb7f04da23a38c8,2013-04-22T10:10:21,0,,,1899-12-30T00:00:00,0,0,,0,31b550f9a15811e2a691f04da23a38c8,TAMAPPLICATION,bd2c887c815f11db9401000e3573f0d3,TAMDOMAIN,DFREED,DFREED,DFREED,,,
2008-04-28T11:45:45,29522a42153a11ddad71001e378839ac,2008-04-28T11:45:45,0,,,1899-12-30T00:00:00,0,0,,-1,b3b0079c153911ddad71001e378839ac,TAMAPPLICATION,2a1be77e23fd11dc87cb00059a3c7800,TAMDOMAIN,ADMIN,ADMIN,ADMIN,,,
2010-04-14T15:59:00,2a4d5e36480011df8c200026b9bf6441,2010-04-14T15:59:00,0,,,1899-12-30T00:00:00,0,0,,-1,b3b00785153911ddad71001e378839ac,TAMAPPLICATION,2a1be77e23fd11dc87cb00059a3c7800,TAMDOMAIN,ADMIN,ADMIN,ADMIN,,,
2010-04-14T15:59:00,2a4d5e37480011df8c200026b9bf6441,2010-04-14T15:59:00,0,,,1899-12-30T00:00:00,0,0,,-1,b3b00787153911ddad71001e378839ac,TAMAPPLICATION,2a1be77e23fd11dc87cb00059a3c7800,TAMDOMAIN,ADMIN,ADMIN,ADMIN,,,
2010-04-14T15:59:00,2a4d5e38480011df8c200026b9bf6441,2010-04-14T15:59:00,0,,,1899-12-30T00:00:00,0,0,,-1,b3b00788153911ddad71001e378839ac,TAMAPPLICATION,2a1be77e23fd11dc87cb00059a3c7800,TAMDOMAIN,ADMIN,ADMIN,ADMIN,,,
2010-04-14T15:59:00,2a4d5e39480011df8c200026b9bf6441,2010-04-14T15:59:00,0,,,1899-12-30T00:00:00,0,0,,-1,b3b00789153911ddad71001e378839ac,TAMAPPLICATION,2a1be77e23fd11dc87cb00059a3c7800,TAMDOMAIN,ADMIN,ADMIN,ADMIN,,,
2010-04-14T15:59:00,2a4d5e3a480011df8c200026b9bf6441,2010-04-14T15:59:00,0,,,1899-12-30T00:00:00,0,0,,-1,b3b0078a153911ddad71001e378839ac,TAMAPPLICATION,2a1be77e23fd11dc87cb00059a3c7800,TAMDOMAIN,ADMIN,ADMIN,ADMIN,,,
2010-04-14T15:59:00,2a4d5e3b480011df8c200026b9bf6441,2010-04-14T15:59:00,0,,,1899-12-30T00:00:00,0,0,,-1,b3b0078d153911ddad71001e378839ac,TAMAPPLICATION,2a1be77e23fd11dc87cb00059a3c7800,TAMDOMAIN,ADMIN,ADMIN,ADMIN,,,
2010-04-13T12:54:11,2e1bb2b1471d11df8c200026b9bf6441,2010-04-13T12:54:11,0,,,1899-12-30T00:00:00,0,0,,-1,1e478511471c11df8c200026b9bf6441,TAMAPPLICATION,2a1be77e23fd11dc87cb00059a3c7800,TAMDOMAIN,ADMIN,ADMIN,ADMIN,,,
2010-04-13T12:54:11,2e1bb2b2471d11df8c200026b9bf6441,2010-04-13T12:54:11,0,,,1899-12-30T00:00:00,0,0,,-1,595d33ab471c11df8c200026b9bf6441,TAMAPPLICATION,2a1be77e23fd11dc87cb00059a3c7800,TAMDOMAIN,ADMIN,ADMIN,ADMIN,,,
2010-04-13T12:54:11,2e1bb2b3471d11df8c200026b9bf6441,2010-04-13T12:54:11,0,,,1899-12-30T00:00:00,0,0,,-1,81ea809d471c11df8c200026b9bf6441,TAMAPPLICATION,2a1be77e23fd11dc87cb00059a3c7800,TAMDOMAIN,ADMIN,ADMIN,ADMIN,,,
2010-04-13T12:54:11,2e1bb2b4471d11df8c200026b9bf6441,2010-04-13T12:54:11,0,,,1899-12-30T00:00:00,0,0,,-1,a9aadd9e471c11df8c200026b9bf6441,TAMAPPLICATION,2a1be77e23fd11dc87cb00059a3c7800,TAMDOMAIN,ADMIN,ADMIN,ADMIN,,,
2013-04-22T14:35:34,30649b0eab8c11e2bcb7f04da23a38c8,2013-04-22T14:35:34,0,,,1899-12-30T00:00:00,0,0,,0,e3d7d6cfa5ec11e2aea95c260a653b0e,TAMAPPLICATION,bd2c886f815f11db9401000e3573f0d3,TAMDOMAIN,DFREED,DFREED,DFREED,,,
2013-04-22T14:35:35,30649b0fab8c11e2bcb7f04da23a38c8,2013-04-22T14:35:35,0,,,1899-12-30T00:00:00,0,0,,0,d3f9be3fa5e711e2aea95c260a653b0e,TAMAPPLICATION,bd2c886f815f11db9401000e3573f0d3,TAMDOMAIN,DFREED,DFREED,DFREED,,,
2013-04-22T14:35:36,30649b10ab8c11e2bcb7f04da23a38c8,2013-04-22T14:35:36,0,,,1899-12-30T00:00:00,0,0,,0,ebd4ab60a5ec11e2aea95c260a653b0e,TAMAPPLICATION,bd2c886f815f11db9401000e3573f0d3,TAMDOMAIN,DFREED,DFREED,DFREED,,,
2013-04-22T14:35:38,30649b11ab8c11e2bcb7f04da23a38c8,2013-04-22T14:35:38,0,,,1899-12-30T00:00:00,0,0,,0,8672cd1fa5eb11e2aea95c260a653b0e,TAMAPPLICATION,bd2c886f815f11db9401000e3573f0d3,TAMDOMAIN,DFREED,DFREED,DFREED,,,
2013-04-22T14:35:39,30649b12ab8c11e2bcb7f04da23a38c8,2013-04-22T14:35:39,0,,,1899-12-30T00:00:00,0,0,,0,97564befa5e911e2aea95c260a653b0e,TAMAPPLICATION,bd2c886f815f11db9401000e3573f0d3,TAMDOMAIN,DFREED,DFREED,DFREED,,,
2013-04-22T14:35:41,30649b13ab8c11e2bcb7f04da23a38c8,2013-04-22T14:35:41,0,,,1899-12-30T00:00:00,0,0,,0,9147eeffa5eb11e2aea95c260a653b0e,TAMAPPLICATION,bd2c886f815f11db9401000e3573f0d3,TAMDOMAIN,DFREED,DFREED,DFREED,,,
2013-04-22T14:35:42,30649b14ab8c11e2bcb7f04da23a38c8,2013-04-22T14:35:42,0,,,1899-12-30T00:00:00,0,0,,0,7bb3561fa5eb11e2aea95c260a653b0e,TAMAPPLICATION,bd2c886f815f11db9401000e3573f0d3,TAMDOMAIN,DFREED,DFREED,DFREED,,,
2013-04-22T14:35:43,30649b15ab8c11e2bcb7f04da23a38c8,2013-04-22T14:35:43,0,,,1899-12-30T00:00:00,0,0,,0,f6e0468fa5ec11e2aea95c260a653b0e,TAMAPPLICATION,bd2c886f815f11db9401000e3573f0d3,TAMDOMAIN,DFREED,DFREED,DFREED,,,
2011-01-12T20:26:53,333666511eb411e0b75a002564cb911c,2011-01-12T20:26:53,0,,,1899-12-30T00:00:00,0,0,,-1,a9c680fb0e0d11e0bc42002564cb911c,TAMAPPLICATION,bd2c886f815f11db9401000e3573f0d3,TAMDOMAIN,ADMIN,ADMIN,ADMIN,,,
2011-01-12T20:26:53,333666521eb411e0b75a002564cb911c,2011-01-12T20:26:53,0,,,1899-12-30T00:00:00,0,0,,-1,eb40efed0e0d11e0bc42002564cb911c,TAMAPPLICATION,bd2c886f815f11db9401000e3573f0d3,TAMDOMAIN,ADMIN,ADMIN,ADMIN,,,
2011-01-12T20:26:53,333666531eb411e0b75a002564cb911c,2011-01-12T20:26:53,0,,,1899-12-30T00:00:00,0,0,,-1,0bf8a9100e0e11e0bc42002564cb911c,TAMAPPLICATION,bd2c886f815f11db9401000e3573f0d3,TAMDOMAIN,ADMIN,ADMIN,ADMIN,,,
2011-01-12T20:26:53,333666541eb411e0b75a002564cb911c,2011-01-12T20:26:53,0,,,1899-12-30T00:00:00,0,0,,-1,6fa730bb0e1011e0bc42002564cb911c,TAMAPPLICATION,bd2c886f815f11db9401000e3573f0d3,TAMDOMAIN,ADMIN,ADMIN,ADMIN,,,
2011-01-12T20:26:53,333666551eb411e0b75a002564cb911c,2011-01-12T20:26:53,0,,,1899-12-30T00:00:00,0,0,,-1,0ff14a120e1911e0bc42002564cb911c,TAMAPPLICATION,bd2c886f815f11db9401000e3573f0d3,TAMDOMAIN,ADMIN,ADMIN,ADMIN,,,
2013-04-22T10:10:49,342053d7ab6711e2bcb7f04da23a38c8,2013-04-22T10:10:49,0,,,1899-12-30T00:00:00,0,0,,0,31b550faa15811e2a691f04da23a38c8,TAMAPPLICATION,bd2c887c815f11db9401000e3573f0d3,TAMDOMAIN,DFREED,DFREED,DFREED,,,
2013-04-22T14:35:44,36812dc6ab8c11e2bcb7f04da23a38c8,2013-04-22T14:35:44,0,,,1899-12-30T00:00:00,0,0,,0,ebd4ab5fa5ec11e2aea95c260a653b0e,TAMAPPLICATION,bd2c886f815f11db9401000e3573f0d3,TAMDOMAIN,DFREED,DFREED,DFREED,,,
2013-04-22T14:35:45,36812dc7ab8c11e2bcb7f04da23a38c8,2013-04-22T14:35:45,0,,,1899-12-30T00:00:00,0,0,,0,7042ec5fa5f011e2aea95c260a653b0e,TAMAPPLICATION,bd2c886f815f11db9401000e3573f0d3,TAMDOMAIN,DFREED,DFREED,DFREED,,,
2013-04-22T14:35:47,36812dc8ab8c11e2bcb7f04da23a38c8,2013-04-22T14:35:47,0,,,1899-12-30T00:00:00,0,0,,0,c1370a0fa5e711e2aea95c260a653b0e,TAMAPPLICATION,bd2c886f815f11db9401000e3573f0d3,TAMDOMAIN,DFREED,DFREED,DFREED,,,
2013-04-22T14:35:52,36812dc9ab8c11e2bcb7f04da23a38c8,2013-04-22T14:35:52,0,,,1899-12-30T00:00:00,0,0,,0,4614c7ffa5e611e2aea95c260a653b0e,TAMAPPLICATION,bd2c886f815f11db9401000e3573f0d3,TAMDOMAIN,DFREED,DFREED,DFREED,,,
2013-04-22T14:35:53,36812dcaab8c11e2bcb7f04da23a38c8,2013-04-22T14:35:53,0,,,1899-12-30T00:00:00,0,0,,0,84a7862fa5ef11e2aea95c260a653b0e,TAMAPPLICATION,bd2c886f815f11db9401000e3573f0d3,TAMDOMAIN,DFREED,DFREED,DFREED,,,
2008-04-26T17:25:10,3b5bc7f313d711ddad71001e378839ac,2008-04-26T17:25:10,0,,,1899-12-30T00:00:00,0,0,,-1,3b5bc7f113d711ddad71001e378839ac,TAMAPPLICATION,bd2c886f815f11db9401000e3573f0d3,TAMDOMAIN,ADMIN,ADMIN,ADMIN,,,
2008-04-26T10:37:03,3bde0730139e11ddad71001e378839ac,2008-04-26T10:37:03,0,,,1899-12-30T00:00:00,0,0,,-1,a7af4564130111ddad71001e378839ac,TAMAPPLICATION,bd2c887c815f11db9401000e3573f0d3,TAMDOMAIN,ADMIN,ADMIN,ADMIN,,,
2008-04-26T10:37:03,3bde0731139e11ddad71001e378839ac,2008-04-26T10:37:03,0,,,1899-12-30T00:00:00,0,0,,-1,a7af4563130111ddad71001e378839ac,TAMAPPLICATION,bd2c887c815f11db9401000e3573f0d3,TAMDOMAIN,ADMIN,ADMIN,ADMIN,,,
2008-04-26T10:37:03,3bde0732139e11ddad71001e378839ac,2008-04-26T10:37:03,0,,,1899-12-30T00:00:00,0,0,,-1,a7af4562130111ddad71001e378839ac,TAMAPPLICATION,bd2c887c815f11db9401000e3573f0d3,TAMDOMAIN,ADMIN,ADMIN,ADMIN,,,
2008-04-26T10:37:03,3bde0733139e11ddad71001e378839ac,2008-04-26T10:37:03,0,,,1899-12-30T00:00:00,0,0,,-1,a7af4561130111ddad71001e378839ac,TAMAPPLICATION,bd2c887c815f11db9401000e3573f0d3,TAMDOMAIN,ADMIN,ADMIN,ADMIN,,,
2013-04-22T14:35:55,3caded5cab8c11e2bcb7f04da23a38c8,2013-04-22T14:35:55,0,,,1899-12-30T00:00:00,0,0,,0,4a746d0fa5f011e2aea95c260a653b0e,TAMAPPLICATION,bd2c886f815f11db9401000e3573f0d3,TAMDOMAIN,DFREED,DFREED,DFREED,,,
2013-04-22T14:35:56,3caded5dab8c11e2bcb7f04da23a38c8,2013-04-22T14:35:56,0,,,1899-12-30T00:00:00,0,0,,0,80ed4c0fa5e911e2aea95c260a653b0e,TAMAPPLICATION,bd2c886f815f11db9401000e3573f0d3,TAMDOMAIN,DFREED,DFREED,DFREED,,,
2013-04-22T14:35:57,3caded5eab8c11e2bcb7f04da23a38c8,2013-04-22T14:35:57,0,,,1899-12-30T00:00:00,0,0,,0,cb0d598fa5e711e2aea95c260a653b0e,TAMAPPLICATION,bd2c886f815f11db9401000e3573f0d3,TAMDOMAIN,DFREED,DFREED,DFREED,,,
2013-04-22T14:35:59,3caded5fab8c11e2bcb7f04da23a38c8,2013-04-22T14:35:59,0,,,1899-12-30T00:00:00,0,0,,0,0a0c8a9fa5f011e2aea95c260a653b0e,TAMAPPLICATION,bd2c886f815f11db9401000e3573f0d3,TAMDOMAIN,DFREED,DFREED,DFREED,,,
2008-04-28T11:46:19,3d9bcc90153a11ddad71001e378839ac,2008-04-28T11:46:19,0,,,1899-12-30T00:00:00,0,0,,-1,b3b00782153911ddad71001e378839ac,TAMAPPLICATION,2a1be77e23fd11dc87cb00059a3c7800,TAMDOMAIN,ADMIN,ADMIN,ADMIN,,,
2008-04-28T11:46:19,3d9bcc91153a11ddad71001e378839ac,2008-04-28T11:46:19,0,,,1899-12-30T00:00:00,0,0,,-1,b3b00781153911ddad71001e378839ac,TAMAPPLICATION,2a1be77e23fd11dc87cb00059a3c7800,TAMDOMAIN,ADMIN,ADMIN,ADMIN,,,
2008-04-28T11:46:19,3d9bcc92153a11ddad71001e378839ac,2008-04-28T11:46:19,0,,,1899-12-30T00:00:00,0,0,,-1,b3b00780153911ddad71001e378839ac,TAMAPPLICATION,2a1be77e23fd11dc87cb00059a3c7800,TAMDOMAIN,ADMIN,ADMIN,ADMIN,,,
2008-04-28T11:46:19,3d9bcc93153a11ddad71001e378839ac,2008-04-28T11:46:19,0,,,1899-12-30T00:00:00,0,0,,-1,cd73fa31ba4111dc88e100059a3c7800,TAMAPPLICATION,2a1be77e23fd11dc87cb00059a3c7800,TAMDOMAIN,ADMIN,ADMIN,ADMIN,,,
2012-10-12T08:07:56,495c2761147611e28835f04da23a38c8,2012-10-12T08:07:56,0,,,1899-12-30T00:00:00,0,0,,-1,40948ee8147611e28835f04da23a38c8,TAMAPPLICATION,bd2c886f815f11db9401000e3573f0d3,TAMDOMAIN,DFREED,DFREED,DFREED,,,
2019-12-03T15:48:08,4cd6655a15e411ea80ea000d3a02ed0d,2019-12-03T15:48:08,0,,,1899-12-30T00:00:00,0,0,,0,4cd6656515e411ea80ea000d3a02ed0d,TAMAPPLICATION,bd2c887c815f11db9401000e3573f0d3,TAMDOMAIN,ATALMOR,ATALMOR,ATALMOR,,,
2019-12-03T15:48:09,4cd6656615e411ea80ea000d3a02ed0d,2019-12-03T15:48:09,0,,,1899-12-30T00:00:00,0,0,,0,4cd6655b15e411ea80ea000d3a02ed0d,TAMAPPLICATION,bd2c887c815f11db9401000e3573f0d3,TAMDOMAIN,ATALMOR,ATALMOR,ATALMOR,,,
2019-12-03T15:48:09,4cd6656715e411ea80ea000d3a02ed0d,2019-12-03T15:48:09,0,,,1899-12-30T00:00:00,0,0,,0,4cd6655c15e411ea80ea000d3a02ed0d,TAMAPPLICATION,bd2c887c815f11db9401000e3573f0d3,TAMDOMAIN,ATALMOR,ATALMOR,ATALMOR,,,
2019-12-03T15:48:09,4cd6656815e411ea80ea000d3a02ed0d,2019-12-03T15:48:09,0,,,1899-12-30T00:00:00,0,0,,0,4cd6655d15e411ea80ea000d3a02ed0d,TAMAPPLICATION,bd2c887c815f11db9401000e3573f0d3,TAMDOMAIN,ATALMOR,ATALMOR,ATALMOR,,,
2019-12-03T15:48:09,4cd6656915e411ea80ea000d3a02ed0d,2019-12-03T15:48:09,0,,,1899-12-30T00:00:00,0,0,,0,4cd6655e15e411ea80ea000d3a02ed0d,TAMAPPLICATION,bd2c887c815f11db9401000e3573f0d3,TAMDOMAIN,ATALMOR,ATALMOR,ATALMOR,,,
2019-12-03T15:48:10,4cd6656a15e411ea80ea000d3a02ed0d,2019-12-03T15:48:10,0,,,1899-12-30T00:00:00,0,0,,0,4cd6655f15e411ea80ea000d3a02ed0d,TAMAPPLICATION,bd2c887c815f11db9401000e3573f0d3,TAMDOMAIN,ATALMOR,ATALMOR,ATALMOR,,,
2010-04-14T11:35:10,4e9c306d47db11df8c200026b9bf6441,2010-04-14T11:35:10,0,,,1899-12-30T00:00:00,0,0,,-1,0aa83fe847d811df8c200026b9bf6441,TAMAPPLICATION,bd2c888c815f11db9401000e3573f0d3,TAMDOMAIN,ADMIN,ADMIN,ADMIN,,,
2010-04-13T12:40:58,534429d7471b11df8c200026b9bf6441,2010-04-13T12:40:58,0,,,1899-12-30T00:00:00,0,0,,-1,534429d6471b11df8c200026b9bf6441,TAMAPPLICATION,2a1be77e23fd11dc87cb00059a3c7800,TAMDOMAIN,ADMIN,ADMIN,ADMIN,,,
2008-04-30T00:38:50,538292b0166f11ddad71001e378839ac,2008-04-30T00:38:50,0,,,1899-12-30T00:00:00,0,0,,-1,911c7d5113d811ddad71001e378839ac,TAMAPPLICATION,bd2c886f815f11db9401000e3573f0d3,TAMDOMAIN,ADMIN,ADMIN,ADMIN,,,
2008-04-30T00:38:51,538292b2166f11ddad71001e378839ac,2008-04-30T00:38:51,0,,,1899-12-30T00:00:00,0,0,,-1,911c7d5313d811ddad71001e378839ac,TAMAPPLICATION,bd2c886f815f11db9401000e3573f0d3,TAMDOMAIN,ADMIN,ADMIN,ADMIN,,,
2008-04-30T00:38:52,538292b3166f11ddad71001e378839ac,2008-04-30T00:38:52,0,,,1899-12-30T00:00:00,0,0,,-1,911c7d5213d811ddad71001e378839ac,TAMAPPLICATION,bd2c886f815f11db9401000e3573f0d3,TAMDOMAIN,ADMIN,ADMIN,ADMIN,,,
2008-04-30T00:38:52,538292b4166f11ddad71001e378839ac,2008-04-30T00:38:52,0,,,1899-12-30T00:00:00,0,0,,-1,911c7d5013d811ddad71001e378839ac,TAMAPPLICATION,bd2c886f815f11db9401000e3573f0d3,TAMDOMAIN,ADMIN,ADMIN,ADMIN,,,
2017-12-07T21:19:48,541f3c8cdb9411e780d0000d3a02ed0d,2017-12-07T21:19:48,0,,,1899-12-30T00:00:00,0,0,,-1,541f3c8bdb9411e780d0000d3a02ed0d,TAMAPPLICATION,bd2c888c815f11db9401000e3573f0d3,TAMDOMAIN,DFREED,DFREED,DFREED,,,
2010-04-13T17:20:17,5aaf796e474211df8c200026b9bf6441,2010-04-13T17:20:17,0,,,1899-12-30T00:00:00,0,0,,-1,36f7259f474111df8c200026b9bf6441,TAMAPPLICATION,bd2c888c815f11db9401000e3573f0d3,TAMDOMAIN,ADMIN,ADMIN,ADMIN,,,
2012-03-06T14:41:27,5c3a267967c411e1a5f7002564cb911c,2012-03-06T14:41:27,0,,,1899-12-30T00:00:00,0,0,,-1,5c3a267767c411e1a5f7002564cb911c,TAMAPPLICATION,2a1be77e23fd11dc87cb00059a3c7800,TAMDOMAIN,ADMIN,ADMIN,ADMIN,,,
2010-02-25T15:35:51,5c863b32224d11df9556001de065480b,2010-02-25T15:35:51,0,,,1899-12-30T00:00:00,0,0,,-1,53bcf22c224b11df9556001de065480b,TAMAPPLICATION,bd2c888c815f11db9401000e3573f0d3,TAMDOMAIN,EVOLVEADMIN,EVOLVEADMIN,EVOLVEADMIN,,,
2017-12-07T21:12:43,5cd66438db9311e780d0000d3a02ed0d,2017-12-07T21:12:43,0,,,1899-12-30T00:00:00,0,0,,-1,743be092a83111e6bf18002590713bc0,TAMAPPLICATION,2a1be77e23fd11dc87cb00059a3c7800,TAMDOMAIN,DFREED,DFREED,DFREED,,,
2008-05-06T14:48:18,5f53d32a1ba511dd89a70015c54ddcd2,2008-05-06T14:48:18,0,,,1899-12-30T00:00:00,0,0,,-1,cb1b5a2113a211ddad71001e378839ac,TAMAPPLICATION,bd2c886f815f11db9401000e3573f0d3,TAMDOMAIN,ADMIN,ADMIN,ADMIN,,,
2020-11-25T15:32:08,6053b79f2f3311eb80f9000d3a02ed0d,2020-11-25T15:32:08,0,,,1899-12-30T00:00:00,0,0,,0,e8ba70722e3111eb80f9000d3a02ed0d,TAMAPPLICATION,271efcfde24d11e392b26817294aebff,TAMDOMAIN,ATALMOR,ATALMOR,ATALMOR,,,
2020-11-25T15:32:08,6053b7a32f3311eb80f9000d3a02ed0d,2020-11-25T15:32:08,0,,,1899-12-30T00:00:00,0,0,,0,e8ba70762e3111eb80f9000d3a02ed0d,TAMAPPLICATION,271efcfde24d11e392b26817294aebff,TAMDOMAIN,ATALMOR,ATALMOR,ATALMOR,,,
2020-11-25T15:32:10,6053b7a82f3311eb80f9000d3a02ed0d,2020-11-25T15:32:10,0,,,1899-12-30T00:00:00,0,0,,0,e8ba70842e3111eb80f9000d3a02ed0d,TAMAPPLICATION,271efcfde24d11e392b26817294aebff,TAMDOMAIN,ATALMOR,ATALMOR,ATALMOR,,,
2020-11-25T15:32:10,6053b7ac2f3311eb80f9000d3a02ed0d,2020-11-25T15:32:10,0,,,1899-12-30T00:00:00,0,0,,0,e8ba70872e3111eb80f9000d3a02ed0d,TAMAPPLICATION,271efcfde24d11e392b26817294aebff,TAMDOMAIN,ATALMOR,ATALMOR,ATALMOR,,,
2020-11-25T15:32:12,6053b7b22f3311eb80f9000d3a02ed0d,2020-11-25T15:32:12,0,,,1899-12-30T00:00:00,0,0,,0,e8ba70982e3111eb80f9000d3a02ed0d,TAMAPPLICATION,271efcfde24d11e392b26817294aebff,TAMDOMAIN,ATALMOR,ATALMOR,ATALMOR,,,
2020-11-25T15:32:14,6053b7b72f3311eb80f9000d3a02ed0d,2020-11-25T15:32:14,0,,,1899-12-30T00:00:00,0,0,,0,e8ba709d2e3111eb80f9000d3a02ed0d,TAMAPPLICATION,271efcfde24d11e392b26817294aebff,TAMDOMAIN,ATALMOR,ATALMOR,ATALMOR,,,
2012-03-06T14:41:42,6583c21967c411e1a5f7002564cb911c,2012-03-06T14:41:42,0,,,1899-12-30T00:00:00,0,0,,-1,6583c21767c411e1a5f7002564cb911c,TAMAPPLICATION,2a1be77e23fd11dc87cb00059a3c7800,TAMDOMAIN,ADMIN,ADMIN,ADMIN,,,
2010-04-14T16:08:03,6e2e4848480111df8c200026b9bf6441,2010-04-14T16:08:03,0,,,1899-12-30T00:00:00,0,0,,-1,8531a346223e11df9556001de065480b,TAMAPPLICATION,bd2c887c815f11db9401000e3573f0d3,TAMDOMAIN,ADMIN,ADMIN,ADMIN,,,
2010-04-14T16:08:03,6e2e4849480111df8c200026b9bf6441,2010-04-14T16:08:03,0,,,1899-12-30T00:00:00,0,0,,-1,8fe77392223e11df9556001de065480b,TAMAPPLICATION,bd2c887c815f11db9401000e3573f0d3,TAMDOMAIN,ADMIN,ADMIN,ADMIN,,,
2010-04-14T16:08:03,6e2e484a480111df8c200026b9bf6441,2010-04-14T16:08:03,0,,,1899-12-30T00:00:00,0,0,,-1,9af31886223e11df9556001de065480b,TAMAPPLICATION,bd2c887c815f11db9401000e3573f0d3,TAMDOMAIN,ADMIN,ADMIN,ADMIN,,,
2010-04-14T16:08:03,6e2e484b480111df8c200026b9bf6441,2010-04-14T16:08:03,0,,,1899-12-30T00:00:00,0,0,,-1,a36f16cc223e11df9556001de065480b,TAMAPPLICATION,bd2c887c815f11db9401000e3573f0d3,TAMDOMAIN,ADMIN,ADMIN,ADMIN,,,
2010-04-14T16:08:03,6e2e484c480111df8c200026b9bf6441,2010-04-14T16:08:03,0,,,1899-12-30T00:00:00,0,0,,-1,aece2e0e223e11df9556001de065480b,TAMAPPLICATION,bd2c887c815f11db9401000e3573f0d3,TAMDOMAIN,ADMIN,ADMIN,ADMIN,,,
2010-02-25T15:36:27,7188f452224d11df9556001de065480b,2010-02-25T15:36:27,0,,,1899-12-30T00:00:00,0,0,,-1,90c2a15c224c11df9556001de065480b,TAMAPPLICATION,bd2c888c815f11db9401000e3573f0d3,TAMDOMAIN,EVOLVEADMIN,EVOLVEADMIN,EVOLVEADMIN,,,
2017-06-16T17:58:52,74630e7552bd11e780ca000d3a02ed0d,2017-06-16T17:58:52,0,,,1899-12-30T00:00:00,0,0,,0,74630e7652bd11e780ca000d3a02ed0d,TAMAPPLICATION,2a1be77e23fd11dc87cb00059a3c7800,TAMDOMAIN,ATALMOR,ATALMOR,ATALMOR,,,
2017-06-16T17:58:52,74630e7852bd11e780ca000d3a02ed0d,2017-06-16T17:58:52,0,,,1899-12-30T00:00:00,0,0,,0,74630e7952bd11e780ca000d3a02ed0d,TAMAPPLICATION,bd2c888c815f11db9401000e3573f0d3,TAMDOMAIN,ATALMOR,ATALMOR,ATALMOR,,,
2017-06-16T17:58:53,74630e7b52bd11e780ca000d3a02ed0d,2017-06-16T17:58:53,0,,,1899-12-30T00:00:00,0,0,,0,74630e7c52bd11e780ca000d3a02ed0d,TAMAPPLICATION,bd2c888c815f11db9401000e3573f0d3,TAMDOMAIN,ATALMOR,ATALMOR,ATALMOR,,,
2017-06-16T17:58:53,74630e7e52bd11e780ca000d3a02ed0d,2017-06-16T17:58:53,0,,,1899-12-30T00:00:00,0,0,,0,74630e8052bd11e780ca000d3a02ed0d,TAMAPPLICATION,bd2c888c815f11db9401000e3573f0d3,TAMDOMAIN,ATALMOR,ATALMOR,ATALMOR,,,
2010-02-24T17:18:00,76ce11c5219211df9556001de065480b,2010-02-24T17:18:00,0,,,1899-12-30T00:00:00,0,0,,-1,76ce11c4219211df9556001de065480b,TAMAPPLICATION,bd2c887c815f11db9401000e3573f0d3,TAMDOMAIN,EVOLVEADMIN,EVOLVEADMIN,EVOLVEADMIN,,,
2010-04-14T16:01:17,7c0db03a480011df8c200026b9bf6441,2010-04-14T16:01:17,0,,,1899-12-30T00:00:00,0,0,,-1,a2e26bb6219211df9556001de065480b,TAMAPPLICATION,bd2c887c815f11db9401000e3573f0d3,TAMDOMAIN,ADMIN,ADMIN,ADMIN,,,
2010-04-14T16:01:17,7c0db03b480011df8c200026b9bf6441,2010-04-14T16:01:17,0,,,1899-12-30T00:00:00,0,0,,-1,c4ea3c52219211df9556001de065480b,TAMAPPLICATION,bd2c887c815f11db9401000e3573f0d3,TAMDOMAIN,ADMIN,ADMIN,ADMIN,,,
2010-04-14T16:01:17,7c0db03c480011df8c200026b9bf6441,2010-04-14T16:01:17,0,,,1899-12-30T00:00:00,0,0,,-1,d92bd6f8219211df9556001de065480b,TAMAPPLICATION,bd2c887c815f11db9401000e3573f0d3,TAMDOMAIN,ADMIN,ADMIN,ADMIN,,,
2010-04-14T16:01:17,7c0db03d480011df8c200026b9bf6441,2010-04-14T16:01:17,0,,,1899-12-30T00:00:00,0,0,,-1,e6951138219211df9556001de065480b,TAMAPPLICATION,bd2c887c815f11db9401000e3573f0d3,TAMDOMAIN,ADMIN,ADMIN,ADMIN,,,
2010-04-14T16:01:17,7c0db03e480011df8c200026b9bf6441,2010-04-14T16:01:17,0,,,1899-12-30T00:00:00,0,0,,-1,f8044358219211df9556001de065480b,TAMAPPLICATION,bd2c887c815f11db9401000e3573f0d3,TAMDOMAIN,ADMIN,ADMIN,ADMIN,,,
2010-04-14T16:01:17,7c0db03f480011df8c200026b9bf6441,2010-04-14T16:01:17,0,,,1899-12-30T00:00:00,0,0,,-1,e5ef2c1c219411df9556001de065480b,TAMAPPLICATION,bd2c887c815f11db9401000e3573f0d3,TAMDOMAIN,ADMIN,ADMIN,ADMIN,,,
2010-04-14T16:01:17,7c0db040480011df8c200026b9bf6441,2010-04-14T16:01:17,0,,,1899-12-30T00:00:00,0,0,,-1,0a65427a219511df9556001de065480b,TAMAPPLICATION,bd2c887c815f11db9401000e3573f0d3,TAMDOMAIN,ADMIN,ADMIN,ADMIN,,,
2010-04-14T16:01:17,7c0db041480011df8c200026b9bf6441,2010-04-14T16:01:17,0,,,1899-12-30T00:00:00,0,0,,-1,18329f7e219511df9556001de065480b,TAMAPPLICATION,bd2c887c815f11db9401000e3573f0d3,TAMDOMAIN,ADMIN,ADMIN,ADMIN,,,
2010-04-14T16:01:17,7c0db042480011df8c200026b9bf6441,2010-04-14T16:01:17,0,,,1899-12-30T00:00:00,0,0,,-1,1f73e75c219511df9556001de065480b,TAMAPPLICATION,bd2c887c815f11db9401000e3573f0d3,TAMDOMAIN,ADMIN,ADMIN,ADMIN,,,
2010-04-14T16:01:17,7c0db043480011df8c200026b9bf6441,2010-04-14T16:01:17,0,,,1899-12-30T00:00:00,0,0,,-1,52af4f4e219511df9556001de065480b,TAMAPPLICATION,bd2c887c815f11db9401000e3573f0d3,TAMDOMAIN,ADMIN,ADMIN,ADMIN,,,
2010-04-14T16:01:17,7c0db044480011df8c200026b9bf6441,2010-04-14T16:01:17,0,,,1899-12-30T00:00:00,0,0,,-1,65d5321e219511df9556001de065480b,TAMAPPLICATION,bd2c887c815f11db9401000e3573f0d3,TAMDOMAIN,ADMIN,ADMIN,ADMIN,,,
2010-04-14T16:01:17,7c0db045480011df8c200026b9bf6441,2010-04-14T16:01:17,0,,,1899-12-30T00:00:00,0,0,,-1,6dfdbe16219511df9556001de065480b,TAMAPPLICATION,bd2c887c815f11db9401000e3573f0d3,TAMDOMAIN,ADMIN,ADMIN,ADMIN,,,
2010-04-14T16:01:17,7c0db046480011df8c200026b9bf6441,2010-04-14T16:01:17,0,,,1899-12-30T00:00:00,0,0,,-1,7f1256da219511df9556001de065480b,TAMAPPLICATION,bd2c887c815f11db9401000e3573f0d3,TAMDOMAIN,ADMIN,ADMIN,ADMIN,,,
2010-04-14T16:01:17,7c0db047480011df8c200026b9bf6441,2010-04-14T16:01:17,0,,,1899-12-30T00:00:00,0,0,,-1,87b6dd1a219511df9556001de065480b,TAMAPPLICATION,bd2c887c815f11db9401000e3573f0d3,TAMDOMAIN,ADMIN,ADMIN,ADMIN,,,
2008-05-12T10:10:04,7f88c464203511dd89a70015c54ddcd2,2008-05-12T10:10:04,0,,,1899-12-30T00:00:00,0,0,,-1,b3b0078c153911ddad71001e378839ac,TAMAPPLICATION,2a1be77e23fd11dc87cb00059a3c7800,TAMDOMAIN,ADMIN,ADMIN,ADMIN,,,
2008-05-04T21:35:19,84ab1b001a4311ddb716001e378839ac,2008-05-04T21:35:19,0,,,1899-12-30T00:00:00,0,0,,-1,cb1b5a2613a211ddad71001e378839ac,TAMAPPLICATION,bd2c886f815f11db9401000e3573f0d3,TAMDOMAIN,ADMIN,ADMIN,ADMIN,,,
2012-03-09T08:33:57,84f6d86569ec11e1a5f7002564cb911c,2012-03-09T08:33:57,0,,,1899-12-30T00:00:00,0,0,,-1,64fa6b82695711e1a5f7002564cb911c,TAMAPPLICATION,bd2c8884815f11db9401000e3573f0d3,TAMDOMAIN,ADMIN,ADMIN,ADMIN,,,
2010-04-14T16:01:44,8bf3e5ed480011df8c200026b9bf6441,2010-04-14T16:01:44,0,,,1899-12-30T00:00:00,0,0,,-1,9e70c6aa219611df9556001de065480b,TAMAPPLICATION,bd2c887c815f11db9401000e3573f0d3,TAMDOMAIN,ADMIN,ADMIN,ADMIN,,,
2010-04-14T16:01:44,8bf3e5ee480011df8c200026b9bf6441,2010-04-14T16:01:44,0,,,1899-12-30T00:00:00,0,0,,-1,4db6a752219611df9556001de065480b,TAMAPPLICATION,bd2c887c815f11db9401000e3573f0d3,TAMDOMAIN,ADMIN,ADMIN,ADMIN,,,
2010-04-14T16:01:44,8bf3e5ef480011df8c200026b9bf6441,2010-04-14T16:01:44,0,,,1899-12-30T00:00:00,0,0,,-1,42afc712219611df9556001de065480b,TAMAPPLICATION,bd2c887c815f11db9401000e3573f0d3,TAMDOMAIN,ADMIN,ADMIN,ADMIN,,,
2010-04-14T16:01:44,8bf3e5f0480011df8c200026b9bf6441,2010-04-14T16:01:44,0,,,1899-12-30T00:00:00,0,0,,-1,37f7946c219611df9556001de065480b,TAMAPPLICATION,bd2c887c815f11db9401000e3573f0d3,TAMDOMAIN,ADMIN,ADMIN,ADMIN,,,
2010-04-14T16:01:44,8bf3e5f1480011df8c200026b9bf6441,2010-04-14T16:01:44,0,,,1899-12-30T00:00:00,0,0,,-1,26fd3586219611df9556001de065480b,TAMAPPLICATION,bd2c887c815f11db9401000e3573f0d3,TAMDOMAIN,ADMIN,ADMIN,ADMIN,,,
2010-04-14T16:01:44,8bf3e5f2480011df8c200026b9bf6441,2010-04-14T16:01:44,0,,,1899-12-30T00:00:00,0,0,,-1,1744b416219611df9556001de065480b,TAMAPPLICATION,bd2c887c815f11db9401000e3573f0d3,TAMDOMAIN,ADMIN,ADMIN,ADMIN,,,
2010-04-14T16:01:44,8bf3e5f3480011df8c200026b9bf6441,2010-04-14T16:01:44,0,,,1899-12-30T00:00:00,0,0,,-1,0f0dda02219611df9556001de065480b,TAMAPPLICATION,bd2c887c815f11db9401000e3573f0d3,TAMDOMAIN,ADMIN,ADMIN,ADMIN,,,
2010-04-14T16:01:44,8bf3e5f4480011df8c200026b9bf6441,2010-04-14T16:01:44,0,,,1899-12-30T00:00:00,0,0,,-1,07ad9392219611df9556001de065480b,TAMAPPLICATION,bd2c887c815f11db9401000e3573f0d3,TAMDOMAIN,ADMIN,ADMIN,ADMIN,,,
2010-04-14T16:01:44,8bf3e5f5480011df8c200026b9bf6441,2010-04-14T16:01:44,0,,,1899-12-30T00:00:00,0,0,,-1,fec64b7a219511df9556001de065480b,TAMAPPLICATION,bd2c887c815f11db9401000e3573f0d3,TAMDOMAIN,ADMIN,ADMIN,ADMIN,,,
2010-04-14T16:01:44,8bf3e5f6480011df8c200026b9bf6441,2010-04-14T16:01:44,0,,,1899-12-30T00:00:00,0,0,,-1,f3c42fee219511df9556001de065480b,TAMAPPLICATION,bd2c887c815f11db9401000e3573f0d3,TAMDOMAIN,ADMIN,ADMIN,ADMIN,,,
2008-04-28T12:53:00,8f05b150154311ddad71001e378839ac,2008-04-28T12:53:00,0,,,1899-12-30T00:00:00,0,0,,-1,0ba2edcfca8611dc890600059a3c7800,TAMAPPLICATION,2a1be77e23fd11dc87cb00059a3c7800,TAMDOMAIN,ADMIN,ADMIN,ADMIN,,,
2012-03-02T17:46:40,929289cb64b911e1aa36002564cb911c,2012-03-02T17:46:40,0,,,1899-12-30T00:00:00,0,0,,-1,929289c964b911e1aa36002564cb911c,TAMAPPLICATION,bd2c886f815f11db9401000e3573f0d3,TAMDOMAIN,ADMIN,ADMIN,ADMIN,,,
2008-04-28T15:09:10,94224eb0155611ddad71001e378839ac,2008-04-28T15:09:10,0,,,1899-12-30T00:00:00,0,0,,-1,b3b0078e153911ddad71001e378839ac,TAMAPPLICATION,2a1be77e23fd11dc87cb00059a3c7800,TAMDOMAIN,ADMIN,ADMIN,ADMIN,,,
2019-06-19T13:24:36,945a4bfb929511e980e4000d3a02ed0d,2019-06-19T13:24:36,0,,,1899-12-30T00:00:00,0,0,,0,e52e230083c811db9402000e3573f0d3,TAMAPPLICATION,271efcfde24d11e392b26817294aebff,TAMDOMAIN,ATALMOR,ATALMOR,ATALMOR,,,
2007-06-28T13:44:22,9547957c25a711dc87cd00059a3c7800,2007-06-28T13:44:22,0,,,1899-12-30T00:00:00,0,0,,0,61f675820e1f11dc87b800059a3c7800,TAMAPPLICATION,bd2c886f815f11db9401000e3573f0d3,TAMDOMAIN,ADMIN,ADMIN,ADMIN,,,
2007-06-28T13:44:24,9547958a25a711dc87cd00059a3c7800,2007-06-28T13:44:24,0,,,1899-12-30T00:00:00,0,0,,0,467a59c802ff11dc878f00059a3c7800,TAMAPPLICATION,bd2c886f815f11db9401000e3573f0d3,TAMDOMAIN,ADMIN,ADMIN,ADMIN,,,
2007-06-28T13:44:26,9547959925a711dc87cd00059a3c7800,2007-06-28T13:44:26,0,,,1899-12-30T00:00:00,0,0,,0,e1ba9d3539d811db9075004096a6c0fb,TAMAPPLICATION,bd2c887c815f11db9401000e3573f0d3,TAMDOMAIN,ADMIN,ADMIN,ADMIN,,,
2007-06-28T13:44:26,9547959d25a711dc87cd00059a3c7800,2007-06-28T13:44:26,0,,,1899-12-30T00:00:00,0,0,,0,f7b0740b1b3211dc87c600059a3c7800,TAMAPPLICATION,bd2c888c815f11db9401000e3573f0d3,TAMDOMAIN,ADMIN,ADMIN,ADMIN,,,
2007-06-28T13:44:28,954795a625a711dc87cd00059a3c7800,2007-06-28T13:44:28,0,,,1899-12-30T00:00:00,0,0,,0,2eda2ea002fe11dc878f00059a3c7800,TAMAPPLICATION,bd2c886f815f11db9401000e3573f0d3,TAMDOMAIN,ADMIN,ADMIN,ADMIN,,,
2007-06-28T13:44:29,954795b325a711dc87cd00059a3c7800,2007-06-28T13:44:29,0,,,1899-12-30T00:00:00,0,0,,0,3da3178a12b611dc87b800059a3c7800,TAMAPPLICATION,bd2c886f815f11db9401000e3573f0d3,TAMDOMAIN,ADMIN,ADMIN,ADMIN,,,
2007-06-28T13:44:30,954795b925a711dc87cd00059a3c7800,2007-06-28T13:44:30,0,,,1899-12-30T00:00:00,0,0,,0,3c3066d802fe11dc878f00059a3c7800,TAMAPPLICATION,bd2c886f815f11db9401000e3573f0d3,TAMDOMAIN,ADMIN,ADMIN,ADMIN,,,
2007-06-28T13:44:31,954795bd25a711dc87cd00059a3c7800,2007-06-28T13:44:31,0,,,1899-12-30T00:00:00,0,0,,0,ead885f202fd11dc878f00059a3c7800,TAMAPPLICATION,bd2c886f815f11db9401000e3573f0d3,TAMDOMAIN,ADMIN,ADMIN,ADMIN,,,
2008-04-28T12:53:14,97383be0154311ddad71001e378839ac,2008-04-28T12:53:14,0,,,1899-12-30T00:00:00,0,0,,-1,d6856080153811ddad71001e378839ac,TAMAPPLICATION,2a1be77e23fd11dc87cb00059a3c7800,TAMDOMAIN,ADMIN,ADMIN,ADMIN,,,
2008-04-26T10:18:09,97d37820139b11ddad71001e378839ac,2008-04-26T10:18:09,0,,,1899-12-30T00:00:00,0,0,,-1,e3563f61139811ddad71001e378839ac,TAMAPPLICATION,bd2c886f815f11db9401000e3573f0d3,TAMDOMAIN,ADMIN,ADMIN,ADMIN,,,
2008-04-26T10:18:09,97d37821139b11ddad71001e378839ac,2008-04-26T10:18:09,0,,,1899-12-30T00:00:00,0,0,,-1,e3563f62139811ddad71001e378839ac,TAMAPPLICATION,bd2c886f815f11db9401000e3573f0d3,TAMDOMAIN,ADMIN,ADMIN,ADMIN,,,
2008-04-26T10:18:09,97d37822139b11ddad71001e378839ac,2008-04-26T10:18:09,0,,,1899-12-30T00:00:00,0,0,,-1,e3563f63139811ddad71001e378839ac,TAMAPPLICATION,bd2c886f815f11db9401000e3573f0d3,TAMDOMAIN,ADMIN,ADMIN,ADMIN,,,
2008-04-26T10:18:09,97d37823139b11ddad71001e378839ac,2008-04-26T10:18:09,0,,,1899-12-30T00:00:00,0,0,,-1,e3563f60139811ddad71001e378839ac,TAMAPPLICATION,bd2c886f815f11db9401000e3573f0d3,TAMDOMAIN,ADMIN,ADMIN,ADMIN,,,
2010-12-22T15:39:41,9948a9c70e0b11e0bc42002564cb911c,2010-12-22T15:39:41,0,,,1899-12-30T00:00:00,0,0,,-1,9948a9c60e0b11e0bc42002564cb911c,TAMAPPLICATION,bd2c886f815f11db9401000e3573f0d3,TAMDOMAIN,ADMIN,ADMIN,ADMIN,,,
2015-11-19T10:28:47,9ae2e9a28eda11e5bf18002590713bc0,2015-11-19T10:28:47,0,,,1899-12-30T00:00:00,0,0,,-1,f5528d728ecb11e5bf18002590713bc0,TAMAPPLICATION,bd2c886f815f11db9401000e3573f0d3,TAMDOMAIN,,,,32,32,32
2007-06-28T13:44:37,9b40219525a711dc87cd00059a3c7800,2007-06-28T13:44:37,0,,,1899-12-30T00:00:00,0,0,,0,a5d35b7f1b6411dc87c600059a3c7800,TAMAPPLICATION,2a1be77e23fd11dc87cb00059a3c7800,TAMDOMAIN,ADMIN,ADMIN,ADMIN,,,
2007-06-28T13:44:37,9b40219925a711dc87cd00059a3c7800,2007-06-28T13:44:37,0,,,1899-12-30T00:00:00,0,0,,0,e1ba9d0f39d811db9075004096a6c0fb,TAMAPPLICATION,bd2c886f815f11db9401000e3573f0d3,TAMDOMAIN,ADMIN,ADMIN,ADMIN,,,
2007-06-28T13:44:39,9b4021a525a711dc87cd00059a3c7800,2007-06-28T13:44:39,0,,,1899-12-30T00:00:00,0,0,,0,9a5abd7f02ff11dc878f00059a3c7800,TAMAPPLICATION,bd2c886f815f11db9401000e3573f0d3,TAMDOMAIN,ADMIN,ADMIN,ADMIN,,,
2007-06-28T13:44:40,9b4021aa25a711dc87cd00059a3c7800,2007-06-28T13:44:40,0,,,1899-12-30T00:00:00,0,0,,0,474fb24d0fbe11dc87b800059a3c7800,TAMAPPLICATION,bd2c8884815f11db9401000e3573f0d3,TAMDOMAIN,ADMIN,ADMIN,ADMIN,,,
2007-06-28T13:44:40,9b4021ad25a711dc87cd00059a3c7800,2007-06-28T13:44:40,0,,,1899-12-30T00:00:00,0,0,,0,6c27e7370fbe11dc87b800059a3c7800,TAMAPPLICATION,bd2c8884815f11db9401000e3573f0d3,TAMDOMAIN,ADMIN,ADMIN,ADMIN,,,
2008-05-04T21:36:01,9d90b3a01a4311ddb716001e378839ac,2008-05-04T21:36:01,0,,,1899-12-30T00:00:00,0,0,,-1,cb1b5a2713a211ddad71001e378839ac,TAMAPPLICATION,bd2c886f815f11db9401000e3573f0d3,TAMDOMAIN,ADMIN,ADMIN,ADMIN,,,
2013-04-22T08:40:47,a0234ff4ab5a11e2bcb7f04da23a38c8,2013-04-22T08:40:47,0,,,1899-12-30T00:00:00,0,0,,0,e1ba9d3239d811db9075004096a6c0fb,TAMAPPLICATION,bd2c887c815f11db9401000e3573f0d3,TAMDOMAIN,DFREED,DFREED,DFREED,,,
2007-06-28T13:44:47,a18299f925a711dc87cd00059a3c7800,2007-06-28T13:44:47,0,,,1899-12-30T00:00:00,0,0,,0,e1ba9d0639d811db9075004096a6c0fb,TAMAPPLICATION,bd2c886f815f11db9401000e3573f0d3,TAMDOMAIN,ADMIN,ADMIN,ADMIN,,,
2007-06-28T13:44:49,a1829a0425a711dc87cd00059a3c7800,2007-06-28T13:44:49,0,,,1899-12-30T00:00:00,0,0,,0,e1ba9d0539d811db9075004096a6c0fb,TAMAPPLICATION,bd2c886f815f11db9401000e3573f0d3,TAMDOMAIN,ADMIN,ADMIN,ADMIN,,,
2007-06-28T13:44:49,a1829a0625a711dc87cd00059a3c7800,2007-06-28T13:44:49,0,,,1899-12-30T00:00:00,0,0,,0,324578e10edf11dc87b800059a3c7800,TAMAPPLICATION,bd2c886f815f11db9401000e3573f0d3,TAMDOMAIN,ADMIN,ADMIN,ADMIN,,,
2007-06-28T13:44:50,a1829a0e25a711dc87cd00059a3c7800,2007-06-28T13:44:50,0,,,1899-12-30T00:00:00,0,0,,0,5c2004ff817a11db9401000e3573f0d3,TAMAPPLICATION,bd2c886f815f11db9401000e3573f0d3,TAMDOMAIN,ADMIN,ADMIN,ADMIN,,,
2007-06-28T13:44:51,a1829a1125a711dc87cd00059a3c7800,2007-06-28T13:44:51,0,,,1899-12-30T00:00:00,0,0,,0,5c200505817a11db9401000e3573f0d3,TAMAPPLICATION,bd2c886f815f11db9401000e3573f0d3,TAMDOMAIN,ADMIN,ADMIN,ADMIN,,,
2007-06-28T13:44:51,a1829a1425a711dc87cd00059a3c7800,2007-06-28T13:44:51,0,,,1899-12-30T00:00:00,0,0,,0,5418c1cf817a11db9401000e3573f0d3,TAMAPPLICATION,bd2c886f815f11db9401000e3573f0d3,TAMDOMAIN,ADMIN,ADMIN,ADMIN,,,
2007-06-28T13:44:52,a1829a1725a711dc87cd00059a3c7800,2007-06-28T13:44:52,0,,,1899-12-30T00:00:00,0,0,,0,e1ba9d0039d811db9075004096a6c0fb,TAMAPPLICATION,bd2c886f815f11db9401000e3573f0d3,TAMDOMAIN,ADMIN,ADMIN,ADMIN,,,
2007-06-28T13:44:52,a1829a1b25a711dc87cd00059a3c7800,2007-06-28T13:44:52,0,,,1899-12-30T00:00:00,0,0,,0,24c2d9ef817811db9401000e3573f0d3,TAMAPPLICATION,bd2c886f815f11db9401000e3573f0d3,TAMDOMAIN,ADMIN,ADMIN,ADMIN,,,
2010-04-14T16:02:23,a31cbc04480011df8c200026b9bf6441,2010-04-14T16:02:23,0,,,1899-12-30T00:00:00,0,0,,-1,54b5ad18219711df9556001de065480b,TAMAPPLICATION,bd2c887c815f11db9401000e3573f0d3,TAMDOMAIN,ADMIN,ADMIN,ADMIN,,,
2010-04-14T16:02:25,a31cbc06480011df8c200026b9bf6441,2010-04-14T16:02:25,0,,,1899-12-30T00:00:00,0,0,,-1,618d77e6219711df9556001de065480b,TAMAPPLICATION,bd2c887c815f11db9401000e3573f0d3,TAMDOMAIN,ADMIN,ADMIN,ADMIN,,,
2010-04-14T16:02:31,a31cbc08480011df8c200026b9bf6441,2010-04-14T16:02:31,0,,,1899-12-30T00:00:00,0,0,,-1,618d77e7219711df9556001de065480b,TAMAPPLICATION,bd2c887c815f11db9401000e3573f0d3,TAMDOMAIN,ADMIN,ADMIN,ADMIN,,,
2012-03-06T11:30:09,a331c1fb67a911e1a5f7002564cb911c,2012-03-06T11:30:09,0,,,1899-12-30T00:00:00,0,0,,-1,0355644d632111e1aa36002564cb911c,TAMAPPLICATION,2a1be77e23fd11dc87cb00059a3c7800,TAMDOMAIN,ADMIN,ADMIN,ADMIN,,,
2010-04-13T17:22:24,a645f244474211df8c200026b9bf6441,2010-04-13T17:22:24,0,,,1899-12-30T00:00:00,0,0,,-1,06e6574d474211df8c200026b9bf6441,TAMAPPLICATION,bd2c888c815f11db9401000e3573f0d3,TAMDOMAIN,ADMIN,ADMIN,ADMIN,,,
2010-04-14T10:47:31,a6f578d347d411df8c200026b9bf6441,2010-04-14T10:47:31,0,,,1899-12-30T00:00:00,0,0,,-1,813fa64447d211df8c200026b9bf6441,TAMAPPLICATION,2a1be77e23fd11dc87cb00059a3c7800,TAMDOMAIN,ADMIN,ADMIN,ADMIN,,,
2010-04-14T10:47:37,a6f578d447d411df8c200026b9bf6441,2010-04-14T10:47:37,0,,,1899-12-30T00:00:00,0,0,,-1,ae23172747d211df8c200026b9bf6441,TAMAPPLICATION,2a1be77e23fd11dc87cb00059a3c7800,TAMDOMAIN,ADMIN,ADMIN,ADMIN,,,
2013-04-22T09:52:34,a7291bbcab6411e2bcb7f04da23a38c8,2013-04-22T09:52:34,0,,,1899-12-30T00:00:00,0,0,,0,725659e7ab6211e2bcb7f04da23a38c8,TAMAPPLICATION,d0cf8e05240411dc87cb00059a3c7800,TAMDOMAIN,DFREED,DFREED,DFREED,,,
2007-06-28T13:44:53,a77d884425a711dc87cd00059a3c7800,2007-06-28T13:44:53,0,,,1899-12-30T00:00:00,0,0,,0,b6c91b8b1b3211dc87c600059a3c7800,TAMAPPLICATION,bd2c888c815f11db9401000e3573f0d3,TAMDOMAIN,ADMIN,ADMIN,ADMIN,,,
2007-06-28T13:44:54,a77d884c25a711dc87cd00059a3c7800,2007-06-28T13:44:54,0,,,1899-12-30T00:00:00,0,0,,0,5ff4205d0ee411dc87b800059a3c7800,TAMAPPLICATION,bd2c888c815f11db9401000e3573f0d3,TAMDOMAIN,ADMIN,ADMIN,ADMIN,,,
2007-06-28T13:44:55,a77d884f25a711dc87cd00059a3c7800,2007-06-28T13:44:55,0,,,1899-12-30T00:00:00,0,0,,0,a6aa9d810ee411dc87b800059a3c7800,TAMAPPLICATION,bd2c888c815f11db9401000e3573f0d3,TAMDOMAIN,ADMIN,ADMIN,ADMIN,,,
2007-06-28T13:44:55,a77d885225a711dc87cd00059a3c7800,2007-06-28T13:44:55,0,,,1899-12-30T00:00:00,0,0,,0,41fbc71d0ee411dc87b800059a3c7800,TAMAPPLICATION,bd2c888c815f11db9401000e3573f0d3,TAMDOMAIN,ADMIN,ADMIN,ADMIN,,,
2007-06-28T13:44:57,a77d885e25a711dc87cd00059a3c7800,2007-06-28T13:44:57,0,,,1899-12-30T00:00:00,0,0,,0,3f09598502ff11dc878f00059a3c7800,TAMAPPLICATION,bd2c886f815f11db9401000e3573f0d3,TAMDOMAIN,ADMIN,ADMIN,ADMIN,,,
2007-06-28T13:45:00,a77d886d25a711dc87cd00059a3c7800,2007-06-28T13:45:00,0,,,1899-12-30T00:00:00,0,0,,0,1cb2376c200311dc87c600059a3c7800,TAMAPPLICATION,bd2c886f815f11db9401000e3573f0d3,TAMDOMAIN,ADMIN,ADMIN,ADMIN,,,
2007-06-28T13:45:00,a77d886f25a711dc87cd00059a3c7800,2007-06-28T13:45:00,0,,,1899-12-30T00:00:00,0,0,,0,e1ba9d1139d811db9075004096a6c0fb,TAMAPPLICATION,bd2c887c815f11db9401000e3573f0d3,TAMDOMAIN,ADMIN,ADMIN,ADMIN,,,
2007-06-28T13:45:01,a77d887525a711dc87cd00059a3c7800,2007-06-28T13:45:01,0,,,1899-12-30T00:00:00,0,0,,0,de7b610c0fb411dc87b800059a3c7800,TAMAPPLICATION,bd2c8884815f11db9401000e3573f0d3,TAMDOMAIN,ADMIN,ADMIN,ADMIN,,,
2007-06-28T13:45:02,a77d887925a711dc87cd00059a3c7800,2007-06-28T13:45:02,0,,,1899-12-30T00:00:00,0,0,,0,687dd08a0eeb11dc87b800059a3c7800,TAMAPPLICATION,bd2c886f815f11db9401000e3573f0d3,TAMDOMAIN,ADMIN,ADMIN,ADMIN,,,
2008-05-04T22:26:30,aaf640301a4a11ddb716001e378839ac,2008-05-04T22:26:30,0,,,1899-12-30T00:00:00,0,0,,-1,2f8a7369827011dc887d00059a3c7800,TAMAPPLICATION,bd2c888c815f11db9401000e3573f0d3,TAMDOMAIN,ADMIN,ADMIN,ADMIN,,,
2008-05-04T22:26:30,aaf640311a4a11ddb716001e378839ac,2008-05-04T22:26:30,0,,,1899-12-30T00:00:00,0,0,,-1,07f0aec9827111dc887d00059a3c7800,TAMAPPLICATION,bd2c888c815f11db9401000e3573f0d3,TAMDOMAIN,ADMIN,ADMIN,ADMIN,,,
2008-05-04T16:50:07,acfd8d401a1b11ddb716001e378839ac,2008-05-04T16:50:07,0,,,1899-12-30T00:00:00,0,0,,-1,44cf8fd1166e11ddad71001e378839ac,TAMAPPLICATION,bd2c886f815f11db9401000e3573f0d3,TAMDOMAIN,ADMIN,ADMIN,ADMIN,,,
2008-05-04T16:50:07,acfd8d411a1b11ddb716001e378839ac,2008-05-04T16:50:07,0,,,1899-12-30T00:00:00,0,0,,-1,44cf8fd0166e11ddad71001e378839ac,TAMAPPLICATION,bd2c886f815f11db9401000e3573f0d3,TAMDOMAIN,ADMIN,ADMIN,ADMIN,,,
2007-06-28T13:45:03,ad8dece125a711dc87cd00059a3c7800,2007-06-28T13:45:03,0,,,1899-12-30T00:00:00,0,0,,0,f1548fd71e8611dc87c600059a3c7800,TAMAPPLICATION,bd2c8884815f11db9401000e3573f0d3,TAMDOMAIN,ADMIN,ADMIN,ADMIN,,,
2007-06-28T13:45:04,ad8decea25a711dc87cd00059a3c7800,2007-06-28T13:45:04,0,,,1899-12-30T00:00:00,0,0,,0,e8d62f381e8611dc87c600059a3c7800,TAMAPPLICATION,bd2c8884815f11db9401000e3573f0d3,TAMDOMAIN,ADMIN,ADMIN,ADMIN,,,
2007-06-28T13:45:06,ad8decf525a711dc87cd00059a3c7800,2007-06-28T13:45:06,0,,,1899-12-30T00:00:00,0,0,,0,bd3b548a0e1f11dc87b800059a3c7800,TAMAPPLICATION,bd2c886f815f11db9401000e3573f0d3,TAMDOMAIN,ADMIN,ADMIN,ADMIN,,,
2007-06-28T13:45:12,ad8ded1925a711dc87cd00059a3c7800,2007-06-28T13:45:12,0,,,1899-12-30T00:00:00,0,0,,0,bf1cd0640eeb11dc87b800059a3c7800,TAMAPPLICATION,bd2c886f815f11db9401000e3573f0d3,TAMDOMAIN,ADMIN,ADMIN,ADMIN,,,
2010-12-23T10:09:52,af2b094a0ea611e0bc42002564cb911c,2010-12-23T10:09:52,0,,,1899-12-30T00:00:00,0,0,,-1,af2b09480ea611e0bc42002564cb911c,TAMAPPLICATION,bd2c886f815f11db9401000e3573f0d3,TAMDOMAIN,ADMIN,ADMIN,ADMIN,,,
2008-05-04T22:26:42,b24f81c01a4a11ddb716001e378839ac,2008-05-04T22:26:42,0,,,1899-12-30T00:00:00,0,0,,-1,3ecb6680163811ddad71001e378839ac,TAMAPPLICATION,bd2c888c815f11db9401000e3573f0d3,TAMDOMAIN,ADMIN,ADMIN,ADMIN,,,
2008-05-04T22:26:47,b24f81c11a4a11ddb716001e378839ac,2008-05-04T22:26:47,0,,,1899-12-30T00:00:00,0,0,,-1,9a6123e9827111dc887d00059a3c7800,TAMAPPLICATION,bd2c888c815f11db9401000e3573f0d3,TAMDOMAIN,ADMIN,ADMIN,ADMIN,,,
2008-05-04T22:26:47,b24f81c21a4a11ddb716001e378839ac,2008-05-04T22:26:47,0,,,1899-12-30T00:00:00,0,0,,-1,3ecb6681163811ddad71001e378839ac,TAMAPPLICATION,bd2c888c815f11db9401000e3573f0d3,TAMDOMAIN,ADMIN,ADMIN,ADMIN,,,
2008-04-28T15:24:21,b34e6e70155811ddad71001e378839ac,2008-04-28T15:24:21,0,,,1899-12-30T00:00:00,0,0,,-1,b3b0078b153911ddad71001e378839ac,TAMAPPLICATION,2a1be77e23fd11dc87cb00059a3c7800,TAMDOMAIN,ADMIN,ADMIN,ADMIN,,,
2007-06-28T13:45:16,b38b3dd925a711dc87cd00059a3c7800,2007-06-28T13:45:16,0,,,1899-12-30T00:00:00,0,0,,0,0ee3797e049611dc878f00059a3c7800,TAMAPPLICATION,bd2c886f815f11db9401000e3573f0d3,TAMDOMAIN,ADMIN,ADMIN,ADMIN,,,
2007-06-28T13:45:17,b38b3ddc25a711dc87cd00059a3c7800,2007-06-28T13:45:17,0,,,1899-12-30T00:00:00,0,0,,0,459fbe9b1b3311dc87c600059a3c7800,TAMAPPLICATION,bd2c888c815f11db9401000e3573f0d3,TAMDOMAIN,ADMIN,ADMIN,ADMIN,,,
2007-06-28T13:45:17,b38b3ddf25a711dc87cd00059a3c7800,2007-06-28T13:45:17,0,,,1899-12-30T00:00:00,0,0,,0,52cdd7ab1b3311dc87c600059a3c7800,TAMAPPLICATION,bd2c888c815f11db9401000e3573f0d3,TAMDOMAIN,ADMIN,ADMIN,ADMIN,,,
2007-06-28T13:45:18,b38b3de225a711dc87cd00059a3c7800,2007-06-28T13:45:18,0,,,1899-12-30T00:00:00,0,0,,0,e1ba9cfd39d811db9075004096a6c0fb,TAMAPPLICATION,bd2c8887815f11db9401000e3573f0d3,TAMDOMAIN,ADMIN,ADMIN,ADMIN,,,
2007-06-28T13:45:18,b38b3de525a711dc87cd00059a3c7800,2007-06-28T13:45:18,0,,,1899-12-30T00:00:00,0,0,,0,e1ba9cfe39d811db9075004096a6c0fb,TAMAPPLICATION,bd2c8887815f11db9401000e3573f0d3,TAMDOMAIN,ADMIN,ADMIN,ADMIN,,,
2007-06-28T13:45:18,b38b3de625a711dc87cd00059a3c7800,2007-06-28T13:45:18,0,,,1899-12-30T00:00:00,0,0,,0,7da5d8ed0ee011dc87b800059a3c7800,TAMAPPLICATION,bd2c886f815f11db9401000e3573f0d3,TAMDOMAIN,ADMIN,ADMIN,ADMIN,,,
2007-06-28T13:45:19,b38b3de925a711dc87cd00059a3c7800,2007-06-28T13:45:19,0,,,1899-12-30T00:00:00,0,0,,0,e1ba9cff39d811db9075004096a6c0fb,TAMAPPLICATION,bd2c8887815f11db9401000e3573f0d3,TAMDOMAIN,ADMIN,ADMIN,ADMIN,,,
2007-06-28T13:45:19,b38b3dea25a711dc87cd00059a3c7800,2007-06-28T13:45:19,0,,,1899-12-30T00:00:00,0,0,,0,e1ba9cfc39d811db9075004096a6c0fb,TAMAPPLICATION,bd2c8887815f11db9401000e3573f0d3,TAMDOMAIN,ADMIN,ADMIN,ADMIN,,,
2007-06-28T13:45:21,b38b3df425a711dc87cd00059a3c7800,2007-06-28T13:45:21,0,,,1899-12-30T00:00:00,0,0,,0,e1ba9d1039d811db9075004096a6c0fb,TAMAPPLICATION,bd2c886f815f11db9401000e3573f0d3,TAMDOMAIN,ADMIN,ADMIN,ADMIN,,,
2007-06-28T13:45:22,b38b3df925a711dc87cd00059a3c7800,2007-06-28T13:45:22,0,,,1899-12-30T00:00:00,0,0,,0,b5ca08921b6311dc87c600059a3c7800,TAMAPPLICATION,2a1be77e23fd11dc87cb00059a3c7800,TAMDOMAIN,ADMIN,ADMIN,ADMIN,,,
2010-12-22T18:39:25,b4beed730e2411e0bc42002564cb911c,2010-12-22T18:39:25,0,,,1899-12-30T00:00:00,0,0,,-1,b4beed720e2411e0bc42002564cb911c,TAMAPPLICATION,2a1be77e23fd11dc87cb00059a3c7800,TAMDOMAIN,ADMIN,ADMIN,ADMIN,,,
2013-04-22T10:07:18,b63c3a12ab6611e2bcb7f04da23a38c8,2013-04-22T10:07:18,0,,,1899-12-30T00:00:00,0,0,,0,01bb1ea2a15811e2a691f04da23a38c8,TAMAPPLICATION,bd2c887c815f11db9401000e3573f0d3,TAMDOMAIN,DFREED,DFREED,DFREED,,,
2010-04-12T22:31:55,b91a193346a411df88120026b9bf6441,2010-04-12T22:31:55,0,,,1899-12-30T00:00:00,0,0,,-1,b3b00786153911ddad71001e378839ac,TAMAPPLICATION,2a1be77e23fd11dc87cb00059a3c7800,TAMDOMAIN,ADMIN,ADMIN,ADMIN,,,
2007-06-28T13:45:23,b98fb61025a711dc87cd00059a3c7800,2007-06-28T13:45:23,0,,,1899-12-30T00:00:00,0,0,,0,e1ba9d1c39d811db9075004096a6c0fb,TAMAPPLICATION,2a1be77e23fd11dc87cb00059a3c7800,TAMDOMAIN,ADMIN,ADMIN,ADMIN,,,
2007-06-28T13:45:24,b98fb61325a711dc87cd00059a3c7800,2007-06-28T13:45:24,0,,,1899-12-30T00:00:00,0,0,,0,5df41095236911dc87cb00059a3c7800,TAMAPPLICATION,2a1be77e23fd11dc87cb00059a3c7800,TAMDOMAIN,ADMIN,ADMIN,ADMIN,,,
2007-06-28T13:45:29,b98fb63b25a711dc87cd00059a3c7800,2007-06-28T13:45:29,0,,,1899-12-30T00:00:00,0,0,,0,76cac3ed0fbe11dc87b800059a3c7800,TAMAPPLICATION,bd2c8884815f11db9401000e3573f0d3,TAMDOMAIN,ADMIN,ADMIN,ADMIN,,,
2007-06-28T13:45:30,b98fb64025a711dc87cd00059a3c7800,2007-06-28T13:45:30,0,,,1899-12-30T00:00:00,0,0,,0,e1ba9d1939d811db9075004096a6c0fb,TAMAPPLICATION,bd2c887c815f11db9401000e3573f0d3,TAMDOMAIN,ADMIN,ADMIN,ADMIN,,,
2007-06-28T13:45:33,b98fb65225a711dc87cd00059a3c7800,2007-06-28T13:45:33,0,,,1899-12-30T00:00:00,0,0,,0,75d6421f1e8611dc87c600059a3c7800,TAMAPPLICATION,bd2c8884815f11db9401000e3573f0d3,TAMDOMAIN,ADMIN,ADMIN,ADMIN,,,
2008-04-26T10:19:11,bced9b90139b11ddad71001e378839ac,2008-04-26T10:19:11,0,,,1899-12-30T00:00:00,0,0,,-1,a596a7b8c07d11dc88fc00059a3c7800,TAMAPPLICATION,bd2c886f815f11db9401000e3573f0d3,TAMDOMAIN,ADMIN,ADMIN,ADMIN,,,
2008-04-26T10:19:11,bced9b91139b11ddad71001e378839ac,2008-04-26T10:19:11,0,,,1899-12-30T00:00:00,0,0,,-1,5b3ce786c07d11dc88fc00059a3c7800,TAMAPPLICATION,bd2c886f815f11db9401000e3573f0d3,TAMDOMAIN,ADMIN,ADMIN,ADMIN,,,
2008-04-26T10:19:11,bced9b92139b11ddad71001e378839ac,2008-04-26T10:19:11,0,,,1899-12-30T00:00:00,0,0,,-1,31a93f84c07d11dc88fc00059a3c7800,TAMAPPLICATION,bd2c886f815f11db9401000e3573f0d3,TAMDOMAIN,ADMIN,ADMIN,ADMIN,,,
2008-04-26T10:19:11,bced9b93139b11ddad71001e378839ac,2008-04-26T10:19:11,0,,,1899-12-30T00:00:00,0,0,,-1,d02678a62f1d11dc87db00059a3c7800,TAMAPPLICATION,bd2c886f815f11db9401000e3573f0d3,TAMDOMAIN,ADMIN,ADMIN,ADMIN,,,
2008-04-26T10:19:11,bced9b94139b11ddad71001e378839ac,2008-04-26T10:19:11,0,,,1899-12-30T00:00:00,0,0,,-1,70ba15b52f2011dc87db00059a3c7800,TAMAPPLICATION,bd2c886f815f11db9401000e3573f0d3,TAMDOMAIN,ADMIN,ADMIN,ADMIN,,,
2008-04-26T10:19:11,bced9b95139b11ddad71001e378839ac,2008-04-26T10:19:11,0,,,1899-12-30T00:00:00,0,0,,-1,cfd9f1962f1f11dc87db00059a3c7800,TAMAPPLICATION,bd2c886f815f11db9401000e3573f0d3,TAMDOMAIN,ADMIN,ADMIN,ADMIN,,,
2008-04-28T15:10:18,bcee0870155611ddad71001e378839ac,2008-04-28T15:10:18,0,,,1899-12-30T00:00:00,0,0,,-1,b3b0078f153911ddad71001e378839ac,TAMAPPLICATION,2a1be77e23fd11dc87cb00059a3c7800,TAMDOMAIN,ADMIN,ADMIN,ADMIN,,,
2007-06-28T13:45:34,bfb590de25a711dc87cd00059a3c7800,2007-06-28T13:45:34,0,,,1899-12-30T00:00:00,0,0,,0,e1ba9d1539d811db9075004096a6c0fb,TAMAPPLICATION,bd2c888c815f11db9401000e3573f0d3,TAMDOMAIN,ADMIN,ADMIN,ADMIN,,,
2007-06-28T13:45:35,bfb590e225a711dc87cd00059a3c7800,2007-06-28T13:45:35,0,,,1899-12-30T00:00:00,0,0,,0,b338a3150edf11dc87b800059a3c7800,TAMAPPLICATION,bd2c888c815f11db9401000e3573f0d3,TAMDOMAIN,ADMIN,ADMIN,ADMIN,,,
2007-06-28T13:45:35,bfb590ea25a711dc87cd00059a3c7800,2007-06-28T13:45:35,0,,,1899-12-30T00:00:00,0,0,,0,e1ba9d1339d811db9075004096a6c0fb,TAMAPPLICATION,bd2c888c815f11db9401000e3573f0d3,TAMDOMAIN,ADMIN,ADMIN,ADMIN,,,
2007-06-28T13:45:37,bfb590f625a711dc87cd00059a3c7800,2007-06-28T13:45:37,0,,,1899-12-30T00:00:00,0,0,,0,413ab8390edf11dc87b800059a3c7800,TAMAPPLICATION,bd2c888c815f11db9401000e3573f0d3,TAMDOMAIN,ADMIN,ADMIN,ADMIN,,,
2007-06-28T13:45:38,bfb590fb25a711dc87cd00059a3c7800,2007-06-28T13:45:38,0,,,1899-12-30T00:00:00,0,0,,0,4fd45d2a1b3811dc87c600059a3c7800,TAMAPPLICATION,bd2c888c815f11db9401000e3573f0d3,TAMDOMAIN,ADMIN,ADMIN,ADMIN,,,
2007-06-28T13:45:38,bfb5910325a711dc87cd00059a3c7800,2007-06-28T13:45:38,0,,,1899-12-30T00:00:00,0,0,,0,e1ba9d1b39d811db9075004096a6c0fb,TAMAPPLICATION,bd2c888c815f11db9401000e3573f0d3,TAMDOMAIN,ADMIN,ADMIN,ADMIN,,,
2007-06-28T13:45:39,bfb5910525a711dc87cd00059a3c7800,2007-06-28T13:45:39,0,,,1899-12-30T00:00:00,0,0,,0,e1ba9d1839d811db9075004096a6c0fb,TAMAPPLICATION,bd2c888c815f11db9401000e3573f0d3,TAMDOMAIN,ADMIN,ADMIN,ADMIN,,,
2007-06-28T13:45:40,bfb5910925a711dc87cd00059a3c7800,2007-06-28T13:45:40,0,,,1899-12-30T00:00:00,0,0,,0,e1ba9d1439d811db9075004096a6c0fb,TAMAPPLICATION,bd2c888c815f11db9401000e3573f0d3,TAMDOMAIN,ADMIN,ADMIN,ADMIN,,,
2007-06-28T13:45:42,bfb5911725a711dc87cd00059a3c7800,2007-06-28T13:45:42,0,,,1899-12-30T00:00:00,0,0,,0,fdc852891b3811dc87c600059a3c7800,TAMAPPLICATION,bd2c888c815f11db9401000e3573f0d3,TAMDOMAIN,ADMIN,ADMIN,ADMIN,,,
2012-03-09T08:35:45,c08cb56169ec11e1a5f7002564cb911c,2012-03-09T08:35:45,0,,,1899-12-30T00:00:00,0,0,,-1,8e391e35687811e1a5f7002564cb911c,TAMAPPLICATION,bd2c8884815f11db9401000e3573f0d3,TAMDOMAIN,ADMIN,ADMIN,ADMIN,,,
2012-03-09T08:35:45,c08cb56269ec11e1a5f7002564cb911c,2012-03-09T08:35:45,0,,,1899-12-30T00:00:00,0,0,,-1,62547c07699211e1a5f7002564cb911c,TAMAPPLICATION,bd2c8884815f11db9401000e3573f0d3,TAMDOMAIN,ADMIN,ADMIN,ADMIN,,,
2012-03-09T08:35:45,c08cb56369ec11e1a5f7002564cb911c,2012-03-09T08:35:45,0,,,1899-12-30T00:00:00,0,0,,-1,deecb159699e11e1a5f7002564cb911c,TAMAPPLICATION,bd2c8884815f11db9401000e3573f0d3,TAMDOMAIN,ADMIN,ADMIN,ADMIN,,,
2010-04-14T11:59:53,c28d398547de11df8c200026b9bf6441,2010-04-14T11:59:53,0,,,1899-12-30T00:00:00,0,0,,-1,d517350547db11df8c200026b9bf6441,TAMAPPLICATION,bd2c888c815f11db9401000e3573f0d3,TAMDOMAIN,ADMIN,ADMIN,ADMIN,,,
2010-04-14T11:59:59,c28d398647de11df8c200026b9bf6441,2010-04-14T11:59:59,0,,,1899-12-30T00:00:00,0,0,,-1,fb5a625247db11df8c200026b9bf6441,TAMAPPLICATION,bd2c888c815f11db9401000e3573f0d3,TAMDOMAIN,ADMIN,ADMIN,ADMIN,,,
2013-04-22T10:07:43,c4f02ccfab6611e2bcb7f04da23a38c8,2013-04-22T10:07:43,0,,,1899-12-30T00:00:00,0,0,,0,1686c205a15811e2a691f04da23a38c8,TAMAPPLICATION,bd2c887c815f11db9401000e3573f0d3,TAMDOMAIN,DFREED,DFREED,DFREED,,,
2007-06-28T13:45:43,c5e2930a25a711dc87cd00059a3c7800,2007-06-28T13:45:43,0,,,1899-12-30T00:00:00,0,0,,0,6cb9a3b3030411dc878f00059a3c7800,TAMAPPLICATION,bd2c886f815f11db9401000e3573f0d3,TAMDOMAIN,ADMIN,ADMIN,ADMIN,,,
2007-06-28T13:45:44,c5e2931125a711dc87cd00059a3c7800,2007-06-28T13:45:44,0,,,1899-12-30T00:00:00,0,0,,0,e241006d0ee311dc87b800059a3c7800,TAMAPPLICATION,bd2c888c815f11db9401000e3573f0d3,TAMDOMAIN,ADMIN,ADMIN,ADMIN,,,
2007-06-28T13:45:46,c5e2931e25a711dc87cd00059a3c7800,2007-06-28T13:45:46,0,,,1899-12-30T00:00:00,0,0,,0,e1ba9d2f39d811db9075004096a6c0fb,TAMAPPLICATION,2a1be77e23fd11dc87cb00059a3c7800,TAMDOMAIN,ADMIN,ADMIN,ADMIN,,,
2010-04-13T13:34:13,c5f6531a472211df8c200026b9bf6441,2010-04-13T13:34:13,0,,,1899-12-30T00:00:00,0,0,,-1,6f39199d472111df8c200026b9bf6441,TAMAPPLICATION,bd2c888c815f11db9401000e3573f0d3,TAMDOMAIN,ADMIN,ADMIN,ADMIN,,,
2010-04-13T13:34:13,c5f6531b472211df8c200026b9bf6441,2010-04-13T13:34:13,0,,,1899-12-30T00:00:00,0,0,,-1,b8243e92472111df8c200026b9bf6441,TAMAPPLICATION,bd2c888c815f11db9401000e3573f0d3,TAMDOMAIN,ADMIN,ADMIN,ADMIN,,,
2010-04-13T13:34:13,c5f6531c472211df8c200026b9bf6441,2010-04-13T13:34:13,0,,,1899-12-30T00:00:00,0,0,,-1,1405f1ec472211df8c200026b9bf6441,TAMAPPLICATION,bd2c888c815f11db9401000e3573f0d3,TAMDOMAIN,ADMIN,ADMIN,ADMIN,,,
2010-04-13T13:34:13,c5f6531d472211df8c200026b9bf6441,2010-04-13T13:34:13,0,,,1899-12-30T00:00:00,0,0,,-1,4ce445d7472211df8c200026b9bf6441,TAMAPPLICATION,bd2c888c815f11db9401000e3573f0d3,TAMDOMAIN,ADMIN,ADMIN,ADMIN,,,
2010-04-13T13:34:13,c5f6531e472211df8c200026b9bf6441,2010-04-13T13:34:13,0,,,1899-12-30T00:00:00,0,0,,-1,6e3979c9472211df8c200026b9bf6441,TAMAPPLICATION,bd2c888c815f11db9401000e3573f0d3,TAMDOMAIN,ADMIN,ADMIN,ADMIN,,,
2010-04-13T13:34:13,c5f6531f472211df8c200026b9bf6441,2010-04-13T13:34:13,0,,,1899-12-30T00:00:00,0,0,,-1,8992e9ee472211df8c200026b9bf6441,TAMAPPLICATION,bd2c888c815f11db9401000e3573f0d3,TAMDOMAIN,ADMIN,ADMIN,ADMIN,,,
2010-04-13T17:23:19,c7344c95474211df8c200026b9bf6441,2010-04-13T17:23:19,0,,,1899-12-30T00:00:00,0,0,,-1,258bca7d474211df8c200026b9bf6441,TAMAPPLICATION,bd2c888c815f11db9401000e3573f0d3,TAMDOMAIN,ADMIN,ADMIN,ADMIN,,,
2012-03-06T11:09:43,c84b723f67a611e1a5f7002564cb911c,2012-03-06T11:09:43,0,,,1899-12-30T00:00:00,0,0,,-1,c84b723e67a611e1a5f7002564cb911c,TAMAPPLICATION,2a1be77e23fd11dc87cb00059a3c7800,TAMDOMAIN,ADMIN,ADMIN,ADMIN,,,
2010-04-14T12:00:04,c97e847b47de11df8c200026b9bf6441,2010-04-14T12:00:04,0,,,1899-12-30T00:00:00,0,0,,-1,1d9517a047dc11df8c200026b9bf6441,TAMAPPLICATION,bd2c888c815f11db9401000e3573f0d3,TAMDOMAIN,ADMIN,ADMIN,ADMIN,,,
2010-04-14T12:00:10,c97e847c47de11df8c200026b9bf6441,2010-04-14T12:00:10,0,,,1899-12-30T00:00:00,0,0,,-1,4fb1208647dc11df8c200026b9bf6441,TAMAPPLICATION,bd2c888c815f11db9401000e3573f0d3,TAMDOMAIN,ADMIN,ADMIN,ADMIN,,,
2008-04-28T15:10:42,cadaa380155611ddad71001e378839ac,2008-04-28T15:10:42,0,,,1899-12-30T00:00:00,0,0,,-1,b3b00790153911ddad71001e378839ac,TAMAPPLICATION,2a1be77e23fd11dc87cb00059a3c7800,TAMDOMAIN,ADMIN,ADMIN,ADMIN,,,
2008-04-28T15:10:44,cadaa381155611ddad71001e378839ac,2008-04-28T15:10:44,0,,,1899-12-30T00:00:00,0,0,,-1,b3b00791153911ddad71001e378839ac,TAMAPPLICATION,2a1be77e23fd11dc87cb00059a3c7800,TAMDOMAIN,ADMIN,ADMIN,ADMIN,,,
2008-04-28T15:10:48,cadaa382155611ddad71001e378839ac,2008-04-28T15:10:48,0,,,1899-12-30T00:00:00,0,0,,-1,b3b00792153911ddad71001e378839ac,TAMAPPLICATION,2a1be77e23fd11dc87cb00059a3c7800,TAMDOMAIN,ADMIN,ADMIN,ADMIN,,,
2010-04-14T10:48:33,cb6b325e47d411df8c200026b9bf6441,2010-04-14T10:48:33,0,,,1899-12-30T00:00:00,0,0,,-1,fb63278847d211df8c200026b9bf6441,TAMAPPLICATION,2a1be77e23fd11dc87cb00059a3c7800,TAMDOMAIN,ADMIN,ADMIN,ADMIN,,,
2010-04-14T10:48:37,cb6b325f47d411df8c200026b9bf6441,2010-04-14T10:48:37,0,,,1899-12-30T00:00:00,0,0,,-1,2814641f47d311df8c200026b9bf6441,TAMAPPLICATION,2a1be77e23fd11dc87cb00059a3c7800,TAMDOMAIN,ADMIN,ADMIN,ADMIN,,,
2008-06-17T17:39:03,ccea1d283cb511dd93e6001de065480b,2008-06-17T17:39:03,0,,,1899-12-30T00:00:00,0,0,,0,b3b00783153911ddad71001e378839ac,TAMAPPLICATION,2a1be77e23fd11dc87cb00059a3c7800,TAMDOMAIN,ADMIN,ADMIN,ADMIN,,,
2008-04-28T15:10:52,d130a5e0155611ddad71001e378839ac,2008-04-28T15:10:52,0,,,1899-12-30T00:00:00,0,0,,-1,b3b00793153911ddad71001e378839ac,TAMAPPLICATION,2a1be77e23fd11dc87cb00059a3c7800,TAMDOMAIN,ADMIN,ADMIN,ADMIN,,,
2008-04-28T15:10:56,d130a5e1155611ddad71001e378839ac,2008-04-28T15:10:56,0,,,1899-12-30T00:00:00,0,0,,-1,93d7e344a7fe11dc88c400059a3c7800,TAMAPPLICATION,2a1be77e23fd11dc87cb00059a3c7800,TAMDOMAIN,ADMIN,ADMIN,ADMIN,,,
2008-04-28T15:11:00,d130a5e2155611ddad71001e378839ac,2008-04-28T15:11:00,0,,,1899-12-30T00:00:00,0,0,,-1,b3b00794153911ddad71001e378839ac,TAMAPPLICATION,2a1be77e23fd11dc87cb00059a3c7800,TAMDOMAIN,ADMIN,ADMIN,ADMIN,,,
2010-02-24T16:30:28,d2e167c5218b11df9556001de065480b,2010-02-24T16:30:28,0,,,1899-12-30T00:00:00,0,0,,-1,d2e167c4218b11df9556001de065480b,TAMAPPLICATION,bd2c886f815f11db9401000e3573f0d3,TAMDOMAIN,EVOLVEADMIN,EVOLVEADMIN,EVOLVEADMIN,,,
2008-04-28T15:11:03,d7cd7540155611ddad71001e378839ac,2008-04-28T15:11:03,0,,,1899-12-30T00:00:00,0,0,,-1,053ffc67a80b11dc88c400059a3c7800,TAMAPPLICATION,2a1be77e23fd11dc87cb00059a3c7800,TAMDOMAIN,ADMIN,ADMIN,ADMIN,,,
2016-06-08T14:30:37,db03b5772db711e6bf18002590713bc0,2016-06-08T14:30:37,0,,,1899-12-30T00:00:00,0,0,,0,cb0875bd275011e6bf18002590713bc0,TAMAPPLICATION,bd2c886f815f11db9401000e3573f0d3,TAMDOMAIN,,,,32,32,32
2016-06-08T14:30:37,db03b57c2db711e6bf18002590713bc0,2016-06-08T14:30:37,0,,,1899-12-30T00:00:00,0,0,,0,cb0875bf275011e6bf18002590713bc0,TAMAPPLICATION,bd2c886f815f11db9401000e3573f0d3,TAMDOMAIN,,,,32,32,32
2016-06-08T14:30:38,db03b57f2db711e6bf18002590713bc0,2016-06-08T14:30:38,0,,,1899-12-30T00:00:00,0,0,,0,cb0875c1275011e6bf18002590713bc0,TAMAPPLICATION,bd2c886f815f11db9401000e3573f0d3,TAMDOMAIN,,,,32,32,32
2016-06-08T14:30:38,db03b5822db711e6bf18002590713bc0,2016-06-08T14:30:38,0,,,1899-12-30T00:00:00,0,0,,0,cb0875c3275011e6bf18002590713bc0,TAMAPPLICATION,bd2c886f815f11db9401000e3573f0d3,TAMDOMAIN,,,,32,32,32
2016-06-08T14:30:39,db03b5882db711e6bf18002590713bc0,2016-06-08T14:30:39,0,,,1899-12-30T00:00:00,0,0,,0,cb0875c5275011e6bf18002590713bc0,TAMAPPLICATION,bd2c886f815f11db9401000e3573f0d3,TAMDOMAIN,,,,32,32,32
2016-06-08T14:30:39,db03b58b2db711e6bf18002590713bc0,2016-06-08T14:30:39,0,,,1899-12-30T00:00:00,0,0,,0,cb0875c7275011e6bf18002590713bc0,TAMAPPLICATION,bd2c886f815f11db9401000e3573f0d3,TAMDOMAIN,,,,32,32,32
2016-06-08T14:30:40,db03b58e2db711e6bf18002590713bc0,2016-06-08T14:30:40,0,,,1899-12-30T00:00:00,0,0,,0,cb0875c9275011e6bf18002590713bc0,TAMAPPLICATION,bd2c886f815f11db9401000e3573f0d3,TAMDOMAIN,,,,32,32,32
2016-06-08T14:30:41,db03b5912db711e6bf18002590713bc0,2016-06-08T14:30:41,0,,,1899-12-30T00:00:00,0,0,,0,35ace5130eeb11dc87b800059a3c7800,TAMAPPLICATION,bd2c886f815f11db9401000e3573f0d3,TAMDOMAIN,,,,32,32,32
2010-02-24T16:45:03,dc886b7c218d11df9556001de065480b,2010-02-24T16:45:03,0,,,1899-12-30T00:00:00,0,0,,-1,2ca1cdc6218c11df9556001de065480b,TAMAPPLICATION,bd2c886f815f11db9401000e3573f0d3,TAMDOMAIN,EVOLVEADMIN,EVOLVEADMIN,EVOLVEADMIN,,,
2010-02-24T16:45:05,dc886b7d218d11df9556001de065480b,2010-02-24T16:45:05,0,,,1899-12-30T00:00:00,0,0,,-1,36810a6e218c11df9556001de065480b,TAMAPPLICATION,bd2c886f815f11db9401000e3573f0d3,TAMDOMAIN,EVOLVEADMIN,EVOLVEADMIN,EVOLVEADMIN,,,
2010-02-24T16:45:09,dc886b7e218d11df9556001de065480b,2010-02-24T16:45:09,0,,,1899-12-30T00:00:00,0,0,,-1,3d03962c218c11df9556001de065480b,TAMAPPLICATION,bd2c886f815f11db9401000e3573f0d3,TAMDOMAIN,EVOLVEADMIN,EVOLVEADMIN,EVOLVEADMIN,,,
2010-04-14T16:54:09,de9d3633480711df8c200026b9bf6441,2010-04-14T16:54:09,0,,,1899-12-30T00:00:00,0,0,,-1,d943560a47e311df8c200026b9bf6441,TAMAPPLICATION,bd2c887c815f11db9401000e3573f0d3,TAMDOMAIN,ADMIN,ADMIN,ADMIN,,,
2008-05-06T14:23:14,deaa85461ba111dd89a70015c54ddcd2,2008-05-06T14:23:14,0,,,1899-12-30T00:00:00,0,0,,-1,44cf8fd2166e11ddad71001e378839ac,TAMAPPLICATION,bd2c886f815f11db9401000e3573f0d3,TAMDOMAIN,ADMIN,ADMIN,ADMIN,,,
2018-11-30T15:01:58,e18fa35cf4b011e880dc000d3a02ed0d,2018-11-30T15:01:58,0,,,1899-12-30T00:00:00,0,0,,0,9fa993962c5311e395005c260a653b0e,TAMAPPLICATION,bd2c8884815f11db9401000e3573f0d3,TAMDOMAIN,ATALMOR,ATALMOR,ATALMOR,,,
2018-11-30T15:01:58,e18fa35df4b011e880dc000d3a02ed0d,2018-11-30T15:01:58,0,,,1899-12-30T00:00:00,0,0,,0,6b97f9a0752711db93fa000e3573f0d3,TAMAPPLICATION,bd2c8884815f11db9401000e3573f0d3,TAMDOMAIN,ATALMOR,ATALMOR,ATALMOR,,,
2018-11-30T15:01:58,e18fa35ef4b011e880dc000d3a02ed0d,2018-11-30T15:01:58,0,,,1899-12-30T00:00:00,0,0,,0,8ddb21e0752711db93fa000e3573f0d3,TAMAPPLICATION,bd2c8884815f11db9401000e3573f0d3,TAMDOMAIN,ATALMOR,ATALMOR,ATALMOR,,,
2018-11-30T15:01:58,e18fa35ff4b011e880dc000d3a02ed0d,2018-11-30T15:01:58,0,,,1899-12-30T00:00:00,0,0,,0,d45fd300752711db93fa000e3573f0d3,TAMAPPLICATION,bd2c8884815f11db9401000e3573f0d3,TAMDOMAIN,ATALMOR,ATALMOR,ATALMOR,,,
2018-11-30T15:01:58,e18fa360f4b011e880dc000d3a02ed0d,2018-11-30T15:01:58,0,,,1899-12-30T00:00:00,0,0,,0,8904605f816c11db9401000e3573f0d3,TAMAPPLICATION,bd2c8884815f11db9401000e3573f0d3,TAMDOMAIN,ATALMOR,ATALMOR,ATALMOR,,,
2018-11-30T15:01:59,e18fa361f4b011e880dc000d3a02ed0d,2018-11-30T15:01:59,0,,,1899-12-30T00:00:00,0,0,,0,8904606d816c11db9401000e3573f0d3,TAMAPPLICATION,bd2c8884815f11db9401000e3573f0d3,TAMDOMAIN,ATALMOR,ATALMOR,ATALMOR,,,
2018-11-30T15:01:59,e18fa362f4b011e880dc000d3a02ed0d,2018-11-30T15:01:59,0,,,1899-12-30T00:00:00,0,0,,0,91db750f816c11db9401000e3573f0d3,TAMAPPLICATION,bd2c8884815f11db9401000e3573f0d3,TAMDOMAIN,ATALMOR,ATALMOR,ATALMOR,,,
2018-11-30T15:01:59,e18fa363f4b011e880dc000d3a02ed0d,2018-11-30T15:01:59,0,,,1899-12-30T00:00:00,0,0,,0,3f7edd9e699311e1a5f7002564cb911c,TAMAPPLICATION,bd2c8884815f11db9401000e3573f0d3,TAMDOMAIN,ATALMOR,ATALMOR,ATALMOR,,,
2018-11-30T15:01:59,e18fa364f4b011e880dc000d3a02ed0d,2018-11-30T15:01:59,0,,,1899-12-30T00:00:00,0,0,,0,46c48b60699311e1a5f7002564cb911c,TAMAPPLICATION,bd2c8884815f11db9401000e3573f0d3,TAMDOMAIN,ATALMOR,ATALMOR,ATALMOR,,,
2018-11-30T15:01:59,e18fa365f4b011e880dc000d3a02ed0d,2018-11-30T15:01:59,0,,,1899-12-30T00:00:00,0,0,,0,4d026236699311e1a5f7002564cb911c,TAMAPPLICATION,bd2c8884815f11db9401000e3573f0d3,TAMDOMAIN,ATALMOR,ATALMOR,ATALMOR,,,
2018-11-30T15:01:59,e18fa366f4b011e880dc000d3a02ed0d,2018-11-30T15:01:59,0,,,1899-12-30T00:00:00,0,0,,0,5546bf03699311e1a5f7002564cb911c,TAMAPPLICATION,bd2c8884815f11db9401000e3573f0d3,TAMDOMAIN,ATALMOR,ATALMOR,ATALMOR,,,
2018-11-30T15:01:59,e18fa367f4b011e880dc000d3a02ed0d,2018-11-30T15:01:59,0,,,1899-12-30T00:00:00,0,0,,0,5cb0700c699311e1a5f7002564cb911c,TAMAPPLICATION,bd2c8884815f11db9401000e3573f0d3,TAMDOMAIN,ATALMOR,ATALMOR,ATALMOR,,,
2018-11-30T15:01:59,e18fa368f4b011e880dc000d3a02ed0d,2018-11-30T15:01:59,0,,,1899-12-30T00:00:00,0,0,,0,e6e18187146311e28835f04da23a38c8,TAMAPPLICATION,bd2c886f815f11db9401000e3573f0d3,TAMDOMAIN,ATALMOR,ATALMOR,ATALMOR,,,
2018-11-30T15:01:59,e18fa369f4b011e880dc000d3a02ed0d,2018-11-30T15:01:59,0,,,1899-12-30T00:00:00,0,0,,0,007baeef146411e28835f04da23a38c8,TAMAPPLICATION,bd2c886f815f11db9401000e3573f0d3,TAMDOMAIN,ATALMOR,ATALMOR,ATALMOR,,,
2018-11-30T15:01:59,e18fa36af4b011e880dc000d3a02ed0d,2018-11-30T15:01:59,0,,,1899-12-30T00:00:00,0,0,,0,08062ee3146411e28835f04da23a38c8,TAMAPPLICATION,bd2c886f815f11db9401000e3573f0d3,TAMDOMAIN,ATALMOR,ATALMOR,ATALMOR,,,
2018-11-30T15:01:59,e18fa36bf4b011e880dc000d3a02ed0d,2018-11-30T15:01:59,0,,,1899-12-30T00:00:00,0,0,,0,0f3ac565146411e28835f04da23a38c8,TAMAPPLICATION,bd2c886f815f11db9401000e3573f0d3,TAMDOMAIN,ATALMOR,ATALMOR,ATALMOR,,,
2018-11-30T15:02:00,e18fa36cf4b011e880dc000d3a02ed0d,2018-11-30T15:02:00,0,,,1899-12-30T00:00:00,0,0,,0,17ab3be8146411e28835f04da23a38c8,TAMAPPLICATION,bd2c886f815f11db9401000e3573f0d3,TAMDOMAIN,ATALMOR,ATALMOR,ATALMOR,,,
2018-11-30T15:02:00,e18fa36df4b011e880dc000d3a02ed0d,2018-11-30T15:02:00,0,,,1899-12-30T00:00:00,0,0,,0,4982f00d63b811e1aa36002564cb911c,TAMAPPLICATION,bd2c886f815f11db9401000e3573f0d3,TAMDOMAIN,ATALMOR,ATALMOR,ATALMOR,,,
2018-11-30T15:02:00,e18fa36ef4b011e880dc000d3a02ed0d,2018-11-30T15:02:00,0,,,1899-12-30T00:00:00,0,0,,0,b678f701147611e28835f04da23a38c8,TAMAPPLICATION,bd2c886f815f11db9401000e3573f0d3,TAMDOMAIN,ATALMOR,ATALMOR,ATALMOR,,,
2018-11-30T15:02:00,e18fa36ff4b011e880dc000d3a02ed0d,2018-11-30T15:02:00,0,,,1899-12-30T00:00:00,0,0,,0,bebd53cf147611e28835f04da23a38c8,TAMAPPLICATION,bd2c886f815f11db9401000e3573f0d3,TAMDOMAIN,ATALMOR,ATALMOR,ATALMOR,,,
2018-11-30T15:02:00,e18fa370f4b011e880dc000d3a02ed0d,2018-11-30T15:02:00,0,,,1899-12-30T00:00:00,0,0,,0,c7be4c9f147611e28835f04da23a38c8,TAMAPPLICATION,bd2c886f815f11db9401000e3573f0d3,TAMDOMAIN,ATALMOR,ATALMOR,ATALMOR,,,
2018-11-30T15:02:00,e18fa371f4b011e880dc000d3a02ed0d,2018-11-30T15:02:00,0,,,1899-12-30T00:00:00,0,0,,0,f4c5333c8ecc11e5bf18002590713bc0,TAMAPPLICATION,bd2c886f815f11db9401000e3573f0d3,TAMDOMAIN,ATALMOR,ATALMOR,ATALMOR,,,
2018-11-30T15:02:00,e18fa372f4b011e880dc000d3a02ed0d,2018-11-30T15:02:00,0,,,1899-12-30T00:00:00,0,0,,0,851c1a308ecd11e5bf18002590713bc0,TAMAPPLICATION,bd2c886f815f11db9401000e3573f0d3,TAMDOMAIN,ATALMOR,ATALMOR,ATALMOR,,,
2018-11-30T15:02:00,e18fa373f4b011e880dc000d3a02ed0d,2018-11-30T15:02:00,0,,,1899-12-30T00:00:00,0,0,,0,932c85598ecd11e5bf18002590713bc0,TAMAPPLICATION,bd2c886f815f11db9401000e3573f0d3,TAMDOMAIN,ATALMOR,ATALMOR,ATALMOR,,,
2018-11-30T15:02:00,e18fa374f4b011e880dc000d3a02ed0d,2018-11-30T15:02:00,0,,,1899-12-30T00:00:00,0,0,,0,fcbbef9f2b7c11e3a792002590713bc0,TAMAPPLICATION,bd2c886f815f11db9401000e3573f0d3,TAMDOMAIN,ATALMOR,ATALMOR,ATALMOR,,,
2018-11-30T15:02:00,e18fa375f4b011e880dc000d3a02ed0d,2018-11-30T15:02:00,0,,,1899-12-30T00:00:00,0,0,,0,2918b4db2b7d11e3a792002590713bc0,TAMAPPLICATION,bd2c886f815f11db9401000e3573f0d3,TAMDOMAIN,ATALMOR,ATALMOR,ATALMOR,,,
2018-11-30T15:02:00,e18fa376f4b011e880dc000d3a02ed0d,2018-11-30T15:02:00,0,,,1899-12-30T00:00:00,0,0,,0,b18feb23a7a811e2a0d5f04da23a38c8,TAMAPPLICATION,bd2c886f815f11db9401000e3573f0d3,TAMDOMAIN,ATALMOR,ATALMOR,ATALMOR,,,
2018-11-30T15:02:01,e18fa377f4b011e880dc000d3a02ed0d,2018-11-30T15:02:01,0,,,1899-12-30T00:00:00,0,0,,0,b8dff94ca7a811e2a0d5f04da23a38c8,TAMAPPLICATION,bd2c886f815f11db9401000e3573f0d3,TAMDOMAIN,ATALMOR,ATALMOR,ATALMOR,,,
2018-11-30T15:02:01,e18fa378f4b011e880dc000d3a02ed0d,2018-11-30T15:02:01,0,,,1899-12-30T00:00:00,0,0,,0,c1d4bceea7a811e2a0d5f04da23a38c8,TAMAPPLICATION,bd2c886f815f11db9401000e3573f0d3,TAMDOMAIN,ATALMOR,ATALMOR,ATALMOR,,,
2018-11-30T15:02:01,e18fa379f4b011e880dc000d3a02ed0d,2018-11-30T15:02:01,0,,,1899-12-30T00:00:00,0,0,,0,ca899071a7a811e2a0d5f04da23a38c8,TAMAPPLICATION,bd2c886f815f11db9401000e3573f0d3,TAMDOMAIN,ATALMOR,ATALMOR,ATALMOR,,,
2018-11-30T15:02:01,e18fa37af4b011e880dc000d3a02ed0d,2018-11-30T15:02:01,0,,,1899-12-30T00:00:00,0,0,,0,3a12adeaa82e11e2be8ef04da23a38c8,TAMAPPLICATION,bd2c886f815f11db9401000e3573f0d3,TAMDOMAIN,ATALMOR,ATALMOR,ATALMOR,,,
2018-11-30T15:02:01,e18fa37bf4b011e880dc000d3a02ed0d,2018-11-30T15:02:01,0,,,1899-12-30T00:00:00,0,0,,0,cb1b5a2313a211ddad71001e378839ac,TAMAPPLICATION,bd2c886f815f11db9401000e3573f0d3,TAMDOMAIN,ATALMOR,ATALMOR,ATALMOR,,,
2018-11-30T15:02:01,e18fa37cf4b011e880dc000d3a02ed0d,2018-11-30T15:02:01,0,,,1899-12-30T00:00:00,0,0,,0,aaa7162566ff11e1aa36002564cb911c,TAMAPPLICATION,bd2c886f815f11db9401000e3573f0d3,TAMDOMAIN,ATALMOR,ATALMOR,ATALMOR,,,
2018-11-30T15:02:01,e18fa37df4b011e880dc000d3a02ed0d,2018-11-30T15:02:01,0,,,1899-12-30T00:00:00,0,0,,0,48978b5c670011e1aa36002564cb911c,TAMAPPLICATION,bd2c886f815f11db9401000e3573f0d3,TAMDOMAIN,ATALMOR,ATALMOR,ATALMOR,,,
2018-11-30T15:02:01,e18fa37ef4b011e880dc000d3a02ed0d,2018-11-30T15:02:01,0,,,1899-12-30T00:00:00,0,0,,0,52213e2d670011e1aa36002564cb911c,TAMAPPLICATION,bd2c886f815f11db9401000e3573f0d3,TAMDOMAIN,ATALMOR,ATALMOR,ATALMOR,,,
2018-11-30T15:02:01,e18fa37ff4b011e880dc000d3a02ed0d,2018-11-30T15:02:01,0,,,1899-12-30T00:00:00,0,0,,0,486bea10166611ddad71001e378839ac,TAMAPPLICATION,bd2c888c815f11db9401000e3573f0d3,TAMDOMAIN,ATALMOR,ATALMOR,ATALMOR,,,
2018-11-30T15:02:01,e18fa380f4b011e880dc000d3a02ed0d,2018-11-30T15:02:01,0,,,1899-12-30T00:00:00,0,0,,0,6c29aab32b9a11e397730220e3370c01,TAMAPPLICATION,bd2c888c815f11db9401000e3573f0d3,TAMDOMAIN,ATALMOR,ATALMOR,ATALMOR,,,
2018-11-30T15:02:01,e18fa381f4b011e880dc000d3a02ed0d,2018-11-30T15:02:01,0,,,1899-12-30T00:00:00,0,0,,0,486bea11166611ddad71001e378839ac,TAMAPPLICATION,bd2c888c815f11db9401000e3573f0d3,TAMDOMAIN,ATALMOR,ATALMOR,ATALMOR,,,
2018-11-30T15:02:01,e18fa382f4b011e880dc000d3a02ed0d,2018-11-30T15:02:01,0,,,1899-12-30T00:00:00,0,0,,0,44952268789811e880d7000d3a02ed0d,TAMAPPLICATION,2a1be77e23fd11dc87cb00059a3c7800,TAMDOMAIN,ATALMOR,ATALMOR,ATALMOR,,,
2018-11-30T15:02:01,e18fa383f4b011e880dc000d3a02ed0d,2018-11-30T15:02:01,0,,,1899-12-30T00:00:00,0,0,,0,5a982b3412d211e29cfff04da23a38c8,TAMAPPLICATION,bd2c887c815f11db9401000e3573f0d3,TAMDOMAIN,ATALMOR,ATALMOR,ATALMOR,,,
2018-11-30T15:02:02,e18fa384f4b011e880dc000d3a02ed0d,2018-11-30T15:02:02,0,,,1899-12-30T00:00:00,0,0,,0,172f9a4012d311e29cfff04da23a38c8,TAMAPPLICATION,bd2c887c815f11db9401000e3573f0d3,TAMDOMAIN,ATALMOR,ATALMOR,ATALMOR,,,
2018-11-30T15:02:02,e18fa385f4b011e880dc000d3a02ed0d,2018-11-30T15:02:02,0,,,1899-12-30T00:00:00,0,0,,0,205fba1112d311e29cfff04da23a38c8,TAMAPPLICATION,bd2c887c815f11db9401000e3573f0d3,TAMDOMAIN,ATALMOR,ATALMOR,ATALMOR,,,
2018-11-30T15:02:02,e18fa386f4b011e880dc000d3a02ed0d,2018-11-30T15:02:02,0,,,1899-12-30T00:00:00,0,0,,0,278fe3b312d311e29cfff04da23a38c8,TAMAPPLICATION,bd2c887c815f11db9401000e3573f0d3,TAMDOMAIN,ATALMOR,ATALMOR,ATALMOR,,,
2018-11-30T15:02:02,e18fa387f4b011e880dc000d3a02ed0d,2018-11-30T15:02:02,0,,,1899-12-30T00:00:00,0,0,,0,278fe3b412d311e29cfff04da23a38c8,TAMAPPLICATION,bd2c887c815f11db9401000e3573f0d3,TAMDOMAIN,ATALMOR,ATALMOR,ATALMOR,,,
2018-11-30T15:02:02,e18fa388f4b011e880dc000d3a02ed0d,2018-11-30T15:02:02,0,,,1899-12-30T00:00:00,0,0,,0,439f11f112d311e29cfff04da23a38c8,TAMAPPLICATION,bd2c887c815f11db9401000e3573f0d3,TAMDOMAIN,ATALMOR,ATALMOR,ATALMOR,,,
2018-11-30T15:02:02,e18fa389f4b011e880dc000d3a02ed0d,2018-11-30T15:02:02,0,,,1899-12-30T00:00:00,0,0,,0,de64fad8219611df9556001de065480b,TAMAPPLICATION,bd2c887c815f11db9401000e3573f0d3,TAMDOMAIN,ATALMOR,ATALMOR,ATALMOR,,,
2018-11-30T15:02:02,e18fa38af4b011e880dc000d3a02ed0d,2018-11-30T15:02:02,0,,,1899-12-30T00:00:00,0,0,,0,eb43ecb4219611df9556001de065480b,TAMAPPLICATION,bd2c887c815f11db9401000e3573f0d3,TAMDOMAIN,ATALMOR,ATALMOR,ATALMOR,,,
2018-11-30T15:02:02,e18fa38bf4b011e880dc000d3a02ed0d,2018-11-30T15:02:02,0,,,1899-12-30T00:00:00,0,0,,0,f55ec426219611df9556001de065480b,TAMAPPLICATION,bd2c887c815f11db9401000e3573f0d3,TAMDOMAIN,ATALMOR,ATALMOR,ATALMOR,,,
2018-11-30T15:02:02,e18fa38cf4b011e880dc000d3a02ed0d,2018-11-30T15:02:02,0,,,1899-12-30T00:00:00,0,0,,0,f55ec427219611df9556001de065480b,TAMAPPLICATION,bd2c887c815f11db9401000e3573f0d3,TAMDOMAIN,ATALMOR,ATALMOR,ATALMOR,,,
2018-11-30T15:02:02,e18fa38df4b011e880dc000d3a02ed0d,2018-11-30T15:02:02,0,,,1899-12-30T00:00:00,0,0,,0,028ec5f6219711df9556001de065480b,TAMAPPLICATION,bd2c887c815f11db9401000e3573f0d3,TAMDOMAIN,ATALMOR,ATALMOR,ATALMOR,,,
2018-11-30T15:02:02,e18fa38ef4b011e880dc000d3a02ed0d,2018-11-30T15:02:02,0,,,1899-12-30T00:00:00,0,0,,0,3f521ae069da11dfa9310026b9bf6441,TAMAPPLICATION,bd2c887c815f11db9401000e3573f0d3,TAMDOMAIN,ATALMOR,ATALMOR,ATALMOR,,,
2018-11-30T15:02:02,e18fa38ff4b011e880dc000d3a02ed0d,2018-11-30T15:02:02,0,,,1899-12-30T00:00:00,0,0,,0,a3123724219711df9556001de065480b,TAMAPPLICATION,bd2c887c815f11db9401000e3573f0d3,TAMDOMAIN,ATALMOR,ATALMOR,ATALMOR,,,
2018-11-30T15:02:03,e18fa390f4b011e880dc000d3a02ed0d,2018-11-30T15:02:03,0,,,1899-12-30T00:00:00,0,0,,0,94d72df4219711df9556001de065480b,TAMAPPLICATION,bd2c887c815f11db9401000e3573f0d3,TAMDOMAIN,ATALMOR,ATALMOR,ATALMOR,,,
2018-11-30T15:02:03,e18fa391f4b011e880dc000d3a02ed0d,2018-11-30T15:02:03,0,,,1899-12-30T00:00:00,0,0,,0,89309026219711df9556001de065480b,TAMAPPLICATION,bd2c887c815f11db9401000e3573f0d3,TAMDOMAIN,ATALMOR,ATALMOR,ATALMOR,,,
2018-11-30T15:02:03,e18fa392f4b011e880dc000d3a02ed0d,2018-11-30T15:02:03,0,,,1899-12-30T00:00:00,0,0,,0,b41fa8da219711df9556001de065480b,TAMAPPLICATION,bd2c887c815f11db9401000e3573f0d3,TAMDOMAIN,ATALMOR,ATALMOR,ATALMOR,,,
2018-11-30T15:02:03,e18fa393f4b011e880dc000d3a02ed0d,2018-11-30T15:02:03,0,,,1899-12-30T00:00:00,0,0,,0,c76bb14a219711df9556001de065480b,TAMAPPLICATION,bd2c887c815f11db9401000e3573f0d3,TAMDOMAIN,ATALMOR,ATALMOR,ATALMOR,,,
2018-11-30T15:02:03,e18fa394f4b011e880dc000d3a02ed0d,2018-11-30T15:02:03,0,,,1899-12-30T00:00:00,0,0,,0,d4d74de4219711df9556001de065480b,TAMAPPLICATION,bd2c887c815f11db9401000e3573f0d3,TAMDOMAIN,ATALMOR,ATALMOR,ATALMOR,,,
2018-11-30T15:02:03,e18fa395f4b011e880dc000d3a02ed0d,2018-11-30T15:02:03,0,,,1899-12-30T00:00:00,0,0,,0,78145824305e11df955c001de065480b,TAMAPPLICATION,bd2c887c815f11db9401000e3573f0d3,TAMDOMAIN,ATALMOR,ATALMOR,ATALMOR,,,
2018-11-30T15:02:03,e18fa396f4b011e880dc000d3a02ed0d,2018-11-30T15:02:03,0,,,1899-12-30T00:00:00,0,0,,0,c35490c4305e11df955c001de065480b,TAMAPPLICATION,bd2c887c815f11db9401000e3573f0d3,TAMDOMAIN,ATALMOR,ATALMOR,ATALMOR,,,
2018-11-30T15:02:03,e18fa397f4b011e880dc000d3a02ed0d,2018-11-30T15:02:03,0,,,1899-12-30T00:00:00,0,0,,0,ee971bc6305e11df955c001de065480b,TAMAPPLICATION,bd2c887c815f11db9401000e3573f0d3,TAMDOMAIN,ATALMOR,ATALMOR,ATALMOR,,,
2018-11-30T15:02:03,e18fa398f4b011e880dc000d3a02ed0d,2018-11-30T15:02:03,0,,,1899-12-30T00:00:00,0,0,,0,1d686914305f11df955c001de065480b,TAMAPPLICATION,bd2c887c815f11db9401000e3573f0d3,TAMDOMAIN,ATALMOR,ATALMOR,ATALMOR,,,
2018-11-30T15:02:03,e18fa399f4b011e880dc000d3a02ed0d,2018-11-30T15:02:03,0,,,1899-12-30T00:00:00,0,0,,0,58aafc12305f11df955c001de065480b,TAMAPPLICATION,bd2c887c815f11db9401000e3573f0d3,TAMDOMAIN,ATALMOR,ATALMOR,ATALMOR,,,
2018-11-30T15:02:03,e18fa39af4b011e880dc000d3a02ed0d,2018-11-30T15:02:03,0,,,1899-12-30T00:00:00,0,0,,0,b0508ea0305f11df955c001de065480b,TAMAPPLICATION,bd2c887c815f11db9401000e3573f0d3,TAMDOMAIN,ATALMOR,ATALMOR,ATALMOR,,,
2018-11-30T15:02:03,e18fa39bf4b011e880dc000d3a02ed0d,2018-11-30T15:02:03,0,,,1899-12-30T00:00:00,0,0,,0,a17fd10a306011df955c001de065480b,TAMAPPLICATION,bd2c887c815f11db9401000e3573f0d3,TAMDOMAIN,ATALMOR,ATALMOR,ATALMOR,,,
2018-11-30T15:02:03,e18fa39cf4b011e880dc000d3a02ed0d,2018-11-30T15:02:03,0,,,1899-12-30T00:00:00,0,0,,0,8d13cbd0306111df955c001de065480b,TAMAPPLICATION,bd2c887c815f11db9401000e3573f0d3,TAMDOMAIN,ATALMOR,ATALMOR,ATALMOR,,,
2018-11-30T15:02:04,e18fa39df4b011e880dc000d3a02ed0d,2018-11-30T15:02:04,0,,,1899-12-30T00:00:00,0,0,,0,a92ce27a306111df955c001de065480b,TAMAPPLICATION,bd2c887c815f11db9401000e3573f0d3,TAMDOMAIN,ATALMOR,ATALMOR,ATALMOR,,,
2018-11-30T15:02:04,e18fa39ef4b011e880dc000d3a02ed0d,2018-11-30T15:02:04,0,,,1899-12-30T00:00:00,0,0,,0,f0946fe8306111df955c001de065480b,TAMAPPLICATION,bd2c887c815f11db9401000e3573f0d3,TAMDOMAIN,ATALMOR,ATALMOR,ATALMOR,,,
2018-11-30T15:02:04,e18fa39ff4b011e880dc000d3a02ed0d,2018-11-30T15:02:04,0,,,1899-12-30T00:00:00,0,0,,0,5fac00d8306411df955c001de065480b,TAMAPPLICATION,bd2c887c815f11db9401000e3573f0d3,TAMDOMAIN,ATALMOR,ATALMOR,ATALMOR,,,
2018-11-30T15:02:04,e18fa3a0f4b011e880dc000d3a02ed0d,2018-11-30T15:02:04,0,,,1899-12-30T00:00:00,0,0,,0,a1299908306411df955c001de065480b,TAMAPPLICATION,bd2c887c815f11db9401000e3573f0d3,TAMDOMAIN,ATALMOR,ATALMOR,ATALMOR,,,
2018-11-30T15:02:04,e18fa3a1f4b011e880dc000d3a02ed0d,2018-11-30T15:02:04,0,,,1899-12-30T00:00:00,0,0,,0,d98dd7be306411df955c001de065480b,TAMAPPLICATION,bd2c887c815f11db9401000e3573f0d3,TAMDOMAIN,ATALMOR,ATALMOR,ATALMOR,,,
2018-11-30T15:02:04,e18fa3a2f4b011e880dc000d3a02ed0d,2018-11-30T15:02:04,0,,,1899-12-30T00:00:00,0,0,,0,3e6cf584306511df955c001de065480b,TAMAPPLICATION,bd2c887c815f11db9401000e3573f0d3,TAMDOMAIN,ATALMOR,ATALMOR,ATALMOR,,,
2012-03-06T12:00:32,e19f682867ad11e1a5f7002564cb911c,2012-03-06T12:00:32,0,,,1899-12-30T00:00:00,0,0,,-1,e19f682667ad11e1a5f7002564cb911c,TAMAPPLICATION,bd2c886f815f11db9401000e3573f0d3,TAMDOMAIN,ADMIN,ADMIN,ADMIN,,,
2016-11-08T14:14:06,e559ed17a5ef11e6bf18002590713bc0,2016-11-08T14:14:06,0,,,1899-12-30T00:00:00,0,0,,0,b3e65c56a4c811e6bf18002590713bc0,TAMAPPLICATION,2a1be77e23fd11dc87cb00059a3c7800,TAMDOMAIN,,,,32,32,32
2016-11-08T14:14:06,e559ed1ba5ef11e6bf18002590713bc0,2016-11-08T14:14:06,0,,,1899-12-30T00:00:00,0,0,,0,b3e65c5ca4c811e6bf18002590713bc0,TAMAPPLICATION,2a1be77e23fd11dc87cb00059a3c7800,TAMDOMAIN,,,,32,32,32
2016-11-08T14:14:07,e559ed22a5ef11e6bf18002590713bc0,2016-11-08T14:14:07,0,,,1899-12-30T00:00:00,0,0,,0,b3e65c5da4c811e6bf18002590713bc0,TAMAPPLICATION,2a1be77e23fd11dc87cb00059a3c7800,TAMDOMAIN,,,,32,32,32
2016-11-08T14:14:07,e559ed25a5ef11e6bf18002590713bc0,2016-11-08T14:14:07,0,,,1899-12-30T00:00:00,0,0,,0,b3e65c5ea4c811e6bf18002590713bc0,TAMAPPLICATION,2a1be77e23fd11dc87cb00059a3c7800,TAMDOMAIN,,,,32,32,32
2016-11-08T14:14:08,e559ed28a5ef11e6bf18002590713bc0,2016-11-08T14:14:08,0,,,1899-12-30T00:00:00,0,0,,0,b3e65c5fa4c811e6bf18002590713bc0,TAMAPPLICATION,2a1be77e23fd11dc87cb00059a3c7800,TAMDOMAIN,,,,32,32,32
2020-11-24T08:49:08,e8ba707c2e3111eb80f9000d3a02ed0d,2020-11-24T08:49:08,0,,,1899-12-30T00:00:00,0,0,,0,e8ba707d2e3111eb80f9000d3a02ed0d,TAMAPPLICATION,271efcfde24d11e392b26817294aebff,TAMDOMAIN,ATALMOR,ATALMOR,ATALMOR,,,
2020-11-24T08:49:10,e8ba709e2e3111eb80f9000d3a02ed0d,2020-11-24T08:49:10,0,,,1899-12-30T00:00:00,0,0,,0,e8ba70a72e3111eb80f9000d3a02ed0d,TAMAPPLICATION,271efcfde24d11e392b26817294aebff,TAMDOMAIN,ATALMOR,ATALMOR,ATALMOR,,,
2020-11-24T08:49:10,e8ba70a82e3111eb80f9000d3a02ed0d,2020-11-24T08:49:10,0,,,1899-12-30T00:00:00,0,0,,0,e8ba70a92e3111eb80f9000d3a02ed0d,TAMAPPLICATION,271efcfde24d11e392b26817294aebff,TAMDOMAIN,ATALMOR,ATALMOR,ATALMOR,,,
2010-04-14T16:04:20,e9128ab1480011df8c200026b9bf6441,2010-04-14T16:04:20,0,,,1899-12-30T00:00:00,0,0,,-1,087dffa8219811df9556001de065480b,TAMAPPLICATION,bd2c887c815f11db9401000e3573f0d3,TAMDOMAIN,ADMIN,ADMIN,ADMIN,,,
2010-04-14T16:04:20,e9128ab2480011df8c200026b9bf6441,2010-04-14T16:04:20,0,,,1899-12-30T00:00:00,0,0,,-1,0e7d6a10219811df9556001de065480b,TAMAPPLICATION,bd2c887c815f11db9401000e3573f0d3,TAMDOMAIN,ADMIN,ADMIN,ADMIN,,,
2010-04-14T16:04:20,e9128ab3480011df8c200026b9bf6441,2010-04-14T16:04:20,0,,,1899-12-30T00:00:00,0,0,,-1,3a778a24219811df9556001de065480b,TAMAPPLICATION,bd2c887c815f11db9401000e3573f0d3,TAMDOMAIN,ADMIN,ADMIN,ADMIN,,,
2010-04-14T16:04:20,e9128ab4480011df8c200026b9bf6441,2010-04-14T16:04:20,0,,,1899-12-30T00:00:00,0,0,,-1,4076f48c219811df9556001de065480b,TAMAPPLICATION,bd2c887c815f11db9401000e3573f0d3,TAMDOMAIN,ADMIN,ADMIN,ADMIN,,,
2010-04-14T16:04:20,e9128ab5480011df8c200026b9bf6441,2010-04-14T16:04:20,0,,,1899-12-30T00:00:00,0,0,,-1,18d73778304a11df955a001de065480b,TAMAPPLICATION,bd2c887c815f11db9401000e3573f0d3,TAMDOMAIN,ADMIN,ADMIN,ADMIN,,,
2010-04-14T16:04:20,e9128ab6480011df8c200026b9bf6441,2010-04-14T16:04:20,0,,,1899-12-30T00:00:00,0,0,,-1,93b829fc304a11df955a001de065480b,TAMAPPLICATION,bd2c887c815f11db9401000e3573f0d3,TAMDOMAIN,ADMIN,ADMIN,ADMIN,,,
2010-04-14T16:04:20,e9128ab7480011df8c200026b9bf6441,2010-04-14T16:04:20,0,,,1899-12-30T00:00:00,0,0,,-1,ab58d7e6304a11df955a001de065480b,TAMAPPLICATION,bd2c887c815f11db9401000e3573f0d3,TAMDOMAIN,ADMIN,ADMIN,ADMIN,,,
2010-04-14T16:04:20,e9128ab8480011df8c200026b9bf6441,2010-04-14T16:04:20,0,,,1899-12-30T00:00:00,0,0,,-1,bf7dd654304a11df955a001de065480b,TAMAPPLICATION,bd2c887c815f11db9401000e3573f0d3,TAMDOMAIN,ADMIN,ADMIN,ADMIN,,,
2010-12-22T17:43:39,ea8a0e880e1c11e0bc42002564cb911c,2010-12-22T17:43:39,0,,,1899-12-30T00:00:00,0,0,,-1,ea8a0e860e1c11e0bc42002564cb911c,TAMAPPLICATION,bd2c888c815f11db9401000e3573f0d3,TAMDOMAIN,ADMIN,ADMIN,ADMIN,,,
2020-05-29T10:12:43,eee68cf1a19411ea80f0000d3a02ed0d,2020-05-29T10:12:43,0,,,1899-12-30T00:00:00,0,0,,0,eee68cf2a19411ea80f0000d3a02ed0d,TAMAPPLICATION,271efcfde24d11e392b26817294aebff,TAMDOMAIN,ATALMOR,ATALMOR,ATALMOR,,,
2020-05-29T10:12:43,eee68cf5a19411ea80f0000d3a02ed0d,2020-05-29T10:12:43,0,,,1899-12-30T00:00:00,0,0,,0,eee68cf6a19411ea80f0000d3a02ed0d,TAMAPPLICATION,271efcfde24d11e392b26817294aebff,TAMDOMAIN,ATALMOR,ATALMOR,ATALMOR,,,
2020-05-29T10:12:44,eee68cf8a19411ea80f0000d3a02ed0d,2020-05-29T10:12:44,0,,,1899-12-30T00:00:00,0,0,,0,eee68cf9a19411ea80f0000d3a02ed0d,TAMAPPLICATION,271efcfde24d11e392b26817294aebff,TAMDOMAIN,ATALMOR,ATALMOR,ATALMOR,,,
2020-05-29T10:12:44,eee68cfba19411ea80f0000d3a02ed0d,2020-05-29T10:12:44,0,,,1899-12-30T00:00:00,0,0,,0,eee68cfca19411ea80f0000d3a02ed0d,TAMAPPLICATION,271efcfde24d11e392b26817294aebff,TAMDOMAIN,ATALMOR,ATALMOR,ATALMOR,,,
2020-05-29T10:12:44,eee68cfea19411ea80f0000d3a02ed0d,2020-05-29T10:12:44,0,,,1899-12-30T00:00:00,0,0,,0,eee68cffa19411ea80f0000d3a02ed0d,TAMAPPLICATION,271efcfde24d11e392b26817294aebff,TAMDOMAIN,ATALMOR,ATALMOR,ATALMOR,,,
2020-05-29T10:12:44,eee68d01a19411ea80f0000d3a02ed0d,2020-05-29T10:12:44,0,,,1899-12-30T00:00:00,0,0,,0,eee68d02a19411ea80f0000d3a02ed0d,TAMAPPLICATION,271efcfde24d11e392b26817294aebff,TAMDOMAIN,ATALMOR,ATALMOR,ATALMOR,,,
2020-05-29T10:12:44,eee68d04a19411ea80f0000d3a02ed0d,2020-05-29T10:12:44,0,,,1899-12-30T00:00:00,0,0,,0,eee68d05a19411ea80f0000d3a02ed0d,TAMAPPLICATION,271efcfde24d11e392b26817294aebff,TAMDOMAIN,ATALMOR,ATALMOR,ATALMOR,,,
2020-05-29T10:12:44,eee68d07a19411ea80f0000d3a02ed0d,2020-05-29T10:12:44,0,,,1899-12-30T00:00:00,0,0,,0,eee68d08a19411ea80f0000d3a02ed0d,TAMAPPLICATION,271efcfde24d11e392b26817294aebff,TAMDOMAIN,ATALMOR,ATALMOR,ATALMOR,,,
2020-05-29T10:12:44,eee68d0aa19411ea80f0000d3a02ed0d,2020-05-29T10:12:44,0,,,1899-12-30T00:00:00,0,0,,0,eee68d0ba19411ea80f0000d3a02ed0d,TAMAPPLICATION,271efcfde24d11e392b26817294aebff,TAMDOMAIN,ATALMOR,ATALMOR,ATALMOR,,,
2008-05-04T16:23:24,f1d0b5e01a1711ddb716001e378839ac,2008-05-04T16:23:24,0,,,1899-12-30T00:00:00,0,0,,-1,cb1b5a2013a211ddad71001e378839ac,TAMAPPLICATION,bd2c886f815f11db9401000e3573f0d3,TAMDOMAIN,ADMIN,ADMIN,ADMIN,,,
2011-01-12T20:25:10,f5550a1e1eb311e0b75a002564cb911c,2011-01-12T20:25:10,0,,,1899-12-30T00:00:00,0,0,,-1,7e4738d81eb311e0b75a002564cb911c,TAMAPPLICATION,bd2c886f815f11db9401000e3573f0d3,TAMDOMAIN,ADMIN,ADMIN,ADMIN,,,
2011-01-12T20:25:10,f5550a1f1eb311e0b75a002564cb911c,2011-01-12T20:25:10,0,,,1899-12-30T00:00:00,0,0,,-1,46dc507d1eb311e0b75a002564cb911c,TAMAPPLICATION,bd2c886f815f11db9401000e3573f0d3,TAMDOMAIN,ADMIN,ADMIN,ADMIN,,,
2012-03-06T14:31:26,f634f57367c211e1a5f7002564cb911c,2012-03-06T14:31:26,0,,,1899-12-30T00:00:00,0,0,,-1,f634f57267c211e1a5f7002564cb911c,TAMAPPLICATION,2a1be77e23fd11dc87cb00059a3c7800,TAMDOMAIN,ADMIN,ADMIN,ADMIN,,,
2012-03-21T09:08:37,f7c1a425735611e187da002564cb911c,2012-03-21T09:08:37,0,,,1899-12-30T00:00:00,0,0,,-1,e1ba9cf439d811db9075004096a6c0fb,TAMAPPLICATION,bd2c8884815f11db9401000e3573f0d3,TAMDOMAIN,ADMIN,ADMIN,ADMIN,,,
2010-02-24T16:45:49,f7e52860218d11df9556001de065480b,2010-02-24T16:45:49,0,,,1899-12-30T00:00:00,0,0,,-1,4ea73c08218c11df9556001de065480b,TAMAPPLICATION,bd2c886f815f11db9401000e3573f0d3,TAMDOMAIN,EVOLVEADMIN,EVOLVEADMIN,EVOLVEADMIN,,,
2010-02-24T16:45:51,f7e52861218d11df9556001de065480b,2010-02-24T16:45:51,0,,,1899-12-30T00:00:00,0,0,,-1,4ea73c09218c11df9556001de065480b,TAMAPPLICATION,bd2c886f815f11db9401000e3573f0d3,TAMDOMAIN,EVOLVEADMIN,EVOLVEADMIN,EVOLVEADMIN,,,
2010-02-24T16:45:54,f7e52862218d11df9556001de065480b,2010-02-24T16:45:54,0,,,1899-12-30T00:00:00,0,0,,-1,67981584218c11df9556001de065480b,TAMAPPLICATION,bd2c886f815f11db9401000e3573f0d3,TAMDOMAIN,EVOLVEADMIN,EVOLVEADMIN,EVOLVEADMIN,,,
2019-06-19T17:52:20,f8aea56e92ba11e980e4000d3a02ed0d,2019-06-19T17:52:20,0,,,1899-12-30T00:00:00,0,0,,0,1e9a06622dee11df9559001de065480b,TAMAPPLICATION,153882f0d87211de82d7002564cb911c,TAMDOMAIN,ATALMOR,ATALMOR,ATALMOR,,,
2013-04-22T09:54:51,f8fecafdab6411e2bcb7f04da23a38c8,2013-04-22T09:54:51,0,,,1899-12-30T00:00:00,0,0,,0,7d580c39ab6211e2bcb7f04da23a38c8,TAMAPPLICATION,d0cf8e05240411dc87cb00059a3c7800,TAMDOMAIN,DFREED,DFREED,DFREED,,,
2012-03-09T08:37:13,f9f4adae69ec11e1a5f7002564cb911c,2012-03-09T08:37:13,0,,,1899-12-30T00:00:00,0,0,,-1,ff063a2a696b11e1a5f7002564cb911c,TAMAPPLICATION,bd2c8884815f11db9401000e3573f0d3,TAMDOMAIN,ADMIN,ADMIN,ADMIN,,,
2012-03-09T08:37:13,f9f4adaf69ec11e1a5f7002564cb911c,2012-03-09T08:37:13,0,,,1899-12-30T00:00:00,0,0,,-1,2fc015d0696c11e1a5f7002564cb911c,TAMAPPLICATION,bd2c8884815f11db9401000e3573f0d3,TAMDOMAIN,ADMIN,ADMIN,ADMIN,,,
2012-03-09T08:37:13,f9f4adb069ec11e1a5f7002564cb911c,2012-03-09T08:37:13,0,,,1899-12-30T00:00:00,0,0,,-1,371c16cf699b11e1a5f7002564cb911c,TAMAPPLICATION,bd2c8884815f11db9401000e3573f0d3,TAMDOMAIN,ADMIN,ADMIN,ADMIN,,,
2012-03-09T08:37:13,f9f4adb169ec11e1a5f7002564cb911c,2012-03-09T08:37:13,0,,,1899-12-30T00:00:00,0,0,,-1,110ac948699c11e1a5f7002564cb911c,TAMAPPLICATION,bd2c8884815f11db9401000e3573f0d3,TAMDOMAIN,ADMIN,ADMIN,ADMIN,,,
