@TEMPLATE,@UNIQUEIDENTIFIER,@WHENUPDATED,@TYPE,@WHENCREATED,@VALIDATED,@ALLOWAUTOMATICDELETION,@DATEVALIDATED,@EXPORTFLAG,@NAME,@DESCRIPTION,RCABOVEOBJECT@UNIQUEIDENTIFIER,RCABOVEOBJECT@ANYOBJECTDESTINATION,RCBELOWOBJECT@UNIQUEIDENTIFIER,RCBELOWOBJECT@ANYOBJECTDESTINATION,RCWHOCREATEDTOUSER@WHOCREATED,RCWHOOWNSTOUSER@WHOOWNS,RCWHOUPDATEDTOUSER@WHOUPDATED,RCWHOCREATEDTOUSER@UNIQUEIDENTIFIER,RCWHOOWNSTOUSER@UNIQUEIDENTIFIER,RCWHOUPDATEDTOUSER@UNIQUEIDENTIFIER
0,01584ed92ba811e397730220e3370c01,2013-10-02T15:17:07,,2013-10-02T15:17:07,0,0,1899-12-30T00:00:00,0,,,2f8a7369827011dc887d00059a3c7800,TAMAPPLICATION,6c29aab32b9a11e397730220e3370c01,TAMAPPLICATION,8,8,8,,,
0,065fa50da15a11e2a691f04da23a38c8,2013-04-09T15:11:13,,2013-04-09T15:11:13,0,0,1899-12-30T00:00:00,0,,,01bb1ea2a15811e2a691f04da23a38c8,TAMAPPLICATION,e1ba9d3239d811db9075004096a6c0fb,TAMAPPLICATION,,,,DFREED,DFREED,DFREED
0,065fa50ea15a11e2a691f04da23a38c8,2013-04-09T15:11:13,,2013-04-09T15:11:13,0,0,1899-12-30T00:00:00,0,,,1686c205a15811e2a691f04da23a38c8,TAMAPPLICATION,e1ba9d3239d811db9075004096a6c0fb,TAMAPPLICATION,,,,DFREED,DFREED,DFREED
0,065fa50fa15a11e2a691f04da23a38c8,2013-04-09T15:11:14,,2013-04-09T15:11:14,0,0,1899-12-30T00:00:00,0,,,1e0d233aa15811e2a691f04da23a38c8,TAMAPPLICATION,e1ba9d3239d811db9075004096a6c0fb,TAMAPPLICATION,,,,DFREED,DFREED,DFREED
0,065fa510a15a11e2a691f04da23a38c8,2013-04-09T15:11:14,,2013-04-09T15:11:14,0,0,1899-12-30T00:00:00,0,,,31b550f9a15811e2a691f04da23a38c8,TAMAPPLICATION,e1ba9d3239d811db9075004096a6c0fb,TAMAPPLICATION,,,,DFREED,DFREED,DFREED
0,065fa511a15a11e2a691f04da23a38c8,2013-04-09T15:11:15,,2013-04-09T15:11:15,0,0,1899-12-30T00:00:00,0,,,31b550faa15811e2a691f04da23a38c8,TAMAPPLICATION,e1ba9d3239d811db9075004096a6c0fb,TAMAPPLICATION,,,,DFREED,DFREED,DFREED
0,07a99f65480211df8c200026b9bf6441,2010-04-14T16:12:21,,2010-04-14T16:12:21,0,-1,1899-12-30T00:00:00,0,,,a2e26bb6219211df9556001de065480b,TAMAPPLICATION,a7af4561130111ddad71001e378839ac,TAMAPPLICATION,,,,ADMIN,ADMIN,ADMIN
0,08631a83a83211e6bf18002590713bc0,2016-11-11T11:12:33,,2016-11-11T11:12:33,0,0,1899-12-30T00:00:00,0,,,c84b723e67a611e1a5f7002564cb911c,TAMAPPLICATION,743be092a83111e6bf18002590713bc0,TAMAPPLICATION,8,8,8,,,
0,0bba944bafae11e2a7350026b9bf6441,2013-04-27T20:47:53,,2013-04-27T20:47:53,0,0,1899-12-30T00:00:00,0,,,6b97f9a0752711db93fa000e3573f0d3,TAMAPPLICATION,e1ba9cf439d811db9075004096a6c0fb,TAMAPPLICATION,8,8,8,,,
0,0f1cfa988c8011e5bf18002590713bc0,2015-11-16T10:35:35,,2015-11-16T10:35:35,0,-1,1899-12-30T00:00:00,0,,,0b2146e0030411dc878f00059a3c7800,TAMAPPLICATION,e1ba9d0639d811db9075004096a6c0fb,TAMAPPLICATION,8,8,8,,,
0,105cd536e02b11e780d0000d3a02ed0d,2017-12-13T17:28:43,,2017-12-13T17:28:43,0,0,1899-12-30T00:00:00,0,,,105cd537e02b11e780d0000d3a02ed0d,TAMAPPLICATION,7d580c3aab6211e2bcb7f04da23a38c8,TAMAPPLICATION,,,,ATALMOR,ATALMOR,ATALMOR
0,105cd53ae02b11e780d0000d3a02ed0d,2017-12-13T17:28:43,,2017-12-13T17:28:43,0,0,1899-12-30T00:00:00,0,,,105cd53be02b11e780d0000d3a02ed0d,TAMAPPLICATION,7d580c3aab6211e2bcb7f04da23a38c8,TAMAPPLICATION,,,,ATALMOR,ATALMOR,ATALMOR
0,105cd53ee02b11e780d0000d3a02ed0d,2017-12-13T17:28:43,,2017-12-13T17:28:43,0,0,1899-12-30T00:00:00,0,,,105cd53fe02b11e780d0000d3a02ed0d,TAMAPPLICATION,7d580c3aab6211e2bcb7f04da23a38c8,TAMAPPLICATION,,,,ATALMOR,ATALMOR,ATALMOR
0,105cd542e02b11e780d0000d3a02ed0d,2017-12-13T17:28:44,,2017-12-13T17:28:44,0,0,1899-12-30T00:00:00,0,,,105cd543e02b11e780d0000d3a02ed0d,TAMAPPLICATION,e3563f63139811ddad71001e378839ac,TAMAPPLICATION,,,,ATALMOR,ATALMOR,ATALMOR
0,10d9ee9fa5ea11e2aea95c260a653b0e,2013-04-15T10:32:13,,2013-04-15T10:32:13,0,0,1899-12-30T00:00:00,0,,,80ed4c0fa5e911e2aea95c260a653b0e,TAMAPPLICATION,cb0d598fa5e711e2aea95c260a653b0e,TAMAPPLICATION,,,,DFREED,DFREED,DFREED
0,10d9eea0a5ea11e2aea95c260a653b0e,2013-04-15T10:32:14,,2013-04-15T10:32:14,0,0,1899-12-30T00:00:00,0,,,97564befa5e911e2aea95c260a653b0e,TAMAPPLICATION,cb0d598fa5e711e2aea95c260a653b0e,TAMAPPLICATION,,,,DFREED,DFREED,DFREED
0,16413725b0a411e2a792002590713bc0,2013-04-29T02:09:27,,2013-04-29T02:09:27,0,0,1899-12-30T00:00:00,0,,,4076f48c219811df9556001de065480b,TAMAPPLICATION,087dffa8219811df9556001de065480b,TAMAPPLICATION,6,6,6,,,
0,16413727b0a411e2a792002590713bc0,2013-04-29T02:09:28,,2013-04-29T02:09:28,0,0,1899-12-30T00:00:00,0,,,3a778a24219811df9556001de065480b,TAMAPPLICATION,087dffa8219811df9556001de065480b,TAMAPPLICATION,6,6,6,,,
0,17dc12b4afae11e2a7350026b9bf6441,2013-04-27T20:48:13,,2013-04-27T20:48:13,0,0,1899-12-30T00:00:00,0,,,8ddb21e0752711db93fa000e3573f0d3,TAMAPPLICATION,e1ba9cf439d811db9075004096a6c0fb,TAMAPPLICATION,8,8,8,,,
0,1e1f19bdafae11e2a7350026b9bf6441,2013-04-27T20:48:24,,2013-04-27T20:48:24,0,0,1899-12-30T00:00:00,0,,,d45fd300752711db93fa000e3573f0d3,TAMAPPLICATION,e1ba9cf439d811db9075004096a6c0fb,TAMAPPLICATION,8,8,8,,,
0,1e78a5eaa83211e6bf18002590713bc0,2016-11-11T11:13:10,,2016-11-11T11:13:10,0,0,1899-12-30T00:00:00,0,,,b3e65c56a4c811e6bf18002590713bc0,TAMAPPLICATION,743be092a83111e6bf18002590713bc0,TAMAPPLICATION,8,8,8,,,
0,2093afa8669211e980e1000d3a02ed0d,2019-04-24T13:09:02,,2019-04-24T13:09:02,0,0,1899-12-30T00:00:00,0,,,9fa993962c5311e395005c260a653b0e,TAMAPPLICATION,1c395440693b11e1a5f7002564cb911c,TAMAPPLICATION,,,,ATALMOR,ATALMOR,ATALMOR
0,213614ffa5e811e2aea95c260a653b0e,2013-04-15T10:18:22,,2013-04-15T10:18:22,0,0,1899-12-30T00:00:00,0,,,c1370a0fa5e711e2aea95c260a653b0e,TAMAPPLICATION,4614c7ffa5e611e2aea95c260a653b0e,TAMAPPLICATION,,,,DFREED,DFREED,DFREED
0,21361500a5e811e2aea95c260a653b0e,2013-04-15T10:18:22,,2013-04-15T10:18:22,0,0,1899-12-30T00:00:00,0,,,cb0d598fa5e711e2aea95c260a653b0e,TAMAPPLICATION,4614c7ffa5e611e2aea95c260a653b0e,TAMAPPLICATION,,,,DFREED,DFREED,DFREED
0,21361501a5e811e2aea95c260a653b0e,2013-04-15T10:18:23,,2013-04-15T10:18:23,0,0,1899-12-30T00:00:00,0,,,d3f9be3fa5e711e2aea95c260a653b0e,TAMAPPLICATION,4614c7ffa5e611e2aea95c260a653b0e,TAMAPPLICATION,,,,DFREED,DFREED,DFREED
0,2531f6f1afae11e2a7350026b9bf6441,2013-04-27T20:48:35,,2013-04-27T20:48:35,0,0,1899-12-30T00:00:00,0,,,8904605f816c11db9401000e3573f0d3,TAMAPPLICATION,e1ba9cf439d811db9075004096a6c0fb,TAMAPPLICATION,8,8,8,,,
0,2648a673b0ad11e2a792002590713bc0,2013-04-29T03:14:15,,2013-04-29T03:14:15,0,0,1899-12-30T00:00:00,0,,,cb1b5a2413a211ddad71001e378839ac,TAMAPPLICATION,e3563f63139811ddad71001e378839ac,TAMAPPLICATION,6,6,6,,,
0,2648a675b0ad11e2a792002590713bc0,2013-04-29T03:14:16,,2013-04-29T03:14:16,0,0,1899-12-30T00:00:00,0,,,cb1b5a2313a211ddad71001e378839ac,TAMAPPLICATION,e3563f63139811ddad71001e378839ac,TAMAPPLICATION,6,6,6,,,
0,2a4d5e09480011df8c200026b9bf6441,2010-04-14T15:59:00,,2010-04-14T15:59:00,0,-1,1899-12-30T00:00:00,0,,,2814641f47d311df8c200026b9bf6441,TAMAPPLICATION,b3b00783153911ddad71001e378839ac,TAMAPPLICATION,,,,ADMIN,ADMIN,ADMIN
0,2a4d5e0a480011df8c200026b9bf6441,2010-04-14T15:59:00,,2010-04-14T15:59:00,0,-1,1899-12-30T00:00:00,0,,,fb63278847d211df8c200026b9bf6441,TAMAPPLICATION,b3b00783153911ddad71001e378839ac,TAMAPPLICATION,,,,ADMIN,ADMIN,ADMIN
0,2a4d5e0b480011df8c200026b9bf6441,2010-04-14T15:59:00,,2010-04-14T15:59:00,0,-1,1899-12-30T00:00:00,0,,,ae23172747d211df8c200026b9bf6441,TAMAPPLICATION,b3b00783153911ddad71001e378839ac,TAMAPPLICATION,,,,ADMIN,ADMIN,ADMIN
0,2a4d5e0c480011df8c200026b9bf6441,2010-04-14T15:59:00,,2010-04-14T15:59:00,0,-1,1899-12-30T00:00:00,0,,,813fa64447d211df8c200026b9bf6441,TAMAPPLICATION,b3b00783153911ddad71001e378839ac,TAMAPPLICATION,,,,ADMIN,ADMIN,ADMIN
0,2a4d5e0d480011df8c200026b9bf6441,2010-04-14T15:59:00,,2010-04-14T15:59:00,0,-1,1899-12-30T00:00:00,0,,,a9aadd9e471c11df8c200026b9bf6441,TAMAPPLICATION,534429d6471b11df8c200026b9bf6441,TAMAPPLICATION,,,,ADMIN,ADMIN,ADMIN
0,2a4d5e0e480011df8c200026b9bf6441,2010-04-14T15:59:00,,2010-04-14T15:59:00,0,-1,1899-12-30T00:00:00,0,,,81ea809d471c11df8c200026b9bf6441,TAMAPPLICATION,534429d6471b11df8c200026b9bf6441,TAMAPPLICATION,,,,ADMIN,ADMIN,ADMIN
0,2a4d5e0f480011df8c200026b9bf6441,2010-04-14T15:59:00,,2010-04-14T15:59:00,0,-1,1899-12-30T00:00:00,0,,,595d33ab471c11df8c200026b9bf6441,TAMAPPLICATION,534429d6471b11df8c200026b9bf6441,TAMAPPLICATION,,,,ADMIN,ADMIN,ADMIN
0,2a4d5e10480011df8c200026b9bf6441,2010-04-14T15:59:00,,2010-04-14T15:59:00,0,-1,1899-12-30T00:00:00,0,,,1e478511471c11df8c200026b9bf6441,TAMAPPLICATION,534429d6471b11df8c200026b9bf6441,TAMAPPLICATION,,,,ADMIN,ADMIN,ADMIN
0,2a4d5e11480011df8c200026b9bf6441,2010-04-14T15:59:00,,2010-04-14T15:59:00,0,-1,1899-12-30T00:00:00,0,,,09f53e8f46a411df88120026b9bf6441,TAMAPPLICATION,b3b0079c153911ddad71001e378839ac,TAMAPPLICATION,,,,ADMIN,ADMIN,ADMIN
0,2a4d5e12480011df8c200026b9bf6441,2010-04-14T15:59:00,,2010-04-14T15:59:00,0,-1,1899-12-30T00:00:00,0,,,01713fc446a411df88120026b9bf6441,TAMAPPLICATION,b3b0079c153911ddad71001e378839ac,TAMAPPLICATION,,,,ADMIN,ADMIN,ADMIN
0,2a4d5e13480011df8c200026b9bf6441,2010-04-14T15:59:00,,2010-04-14T15:59:00,0,-1,1899-12-30T00:00:00,0,,,f7145b5a46a311df88120026b9bf6441,TAMAPPLICATION,b3b0079c153911ddad71001e378839ac,TAMAPPLICATION,,,,ADMIN,ADMIN,ADMIN
0,2a4d5e14480011df8c200026b9bf6441,2010-04-14T15:59:00,,2010-04-14T15:59:00,0,-1,1899-12-30T00:00:00,0,,,b3b00792153911ddad71001e378839ac,TAMAPPLICATION,b3b00791153911ddad71001e378839ac,TAMAPPLICATION,,,,ADMIN,ADMIN,ADMIN
0,2a4d5e16480011df8c200026b9bf6441,2010-04-14T15:59:00,,2010-04-14T15:59:00,0,-1,1899-12-30T00:00:00,0,,,93d7e344a7fe11dc88c400059a3c7800,TAMAPPLICATION,b3b00793153911ddad71001e378839ac,TAMAPPLICATION,,,,ADMIN,ADMIN,ADMIN
0,2a4d5e18480011df8c200026b9bf6441,2010-04-14T15:59:00,,2010-04-14T15:59:00,0,-1,1899-12-30T00:00:00,0,,,b3b00794153911ddad71001e378839ac,TAMAPPLICATION,b3b00793153911ddad71001e378839ac,TAMAPPLICATION,,,,ADMIN,ADMIN,ADMIN
0,2a4d5e1a480011df8c200026b9bf6441,2010-04-14T15:59:00,,2010-04-14T15:59:00,0,-1,1899-12-30T00:00:00,0,,,a5d35b7f1b6411dc87c600059a3c7800,TAMAPPLICATION,b3b0078f153911ddad71001e378839ac,TAMAPPLICATION,,,,ADMIN,ADMIN,ADMIN
0,2a4d5e1b480011df8c200026b9bf6441,2010-04-14T15:59:00,,2010-04-14T15:59:00,0,-1,1899-12-30T00:00:00,0,,,b3b0078f153911ddad71001e378839ac,TAMAPPLICATION,b5ca08921b6311dc87c600059a3c7800,TAMAPPLICATION,,,,ADMIN,ADMIN,ADMIN
0,2a4d5e1c480011df8c200026b9bf6441,2010-04-14T15:59:00,,2010-04-14T15:59:00,0,-1,1899-12-30T00:00:00,0,,,b3b00790153911ddad71001e378839ac,TAMAPPLICATION,b5ca08921b6311dc87c600059a3c7800,TAMAPPLICATION,,,,ADMIN,ADMIN,ADMIN
0,2a4d5e1d480011df8c200026b9bf6441,2010-04-14T15:59:00,,2010-04-14T15:59:00,0,-1,1899-12-30T00:00:00,0,,,b3b00791153911ddad71001e378839ac,TAMAPPLICATION,b5ca08921b6311dc87c600059a3c7800,TAMAPPLICATION,,,,ADMIN,ADMIN,ADMIN
0,2a4d5e1e480011df8c200026b9bf6441,2010-04-14T15:59:00,,2010-04-14T15:59:00,0,-1,1899-12-30T00:00:00,0,,,b3b00793153911ddad71001e378839ac,TAMAPPLICATION,b5ca08921b6311dc87c600059a3c7800,TAMAPPLICATION,,,,ADMIN,ADMIN,ADMIN
0,2a4d5e1f480011df8c200026b9bf6441,2010-04-14T15:59:00,,2010-04-14T15:59:00,0,-1,1899-12-30T00:00:00,0,,,053ffc67a80b11dc88c400059a3c7800,TAMAPPLICATION,b5ca08921b6311dc87c600059a3c7800,TAMAPPLICATION,,,,ADMIN,ADMIN,ADMIN
0,2a4d5e20480011df8c200026b9bf6441,2010-04-14T15:59:00,,2010-04-14T15:59:00,0,-1,1899-12-30T00:00:00,0,,,b3b00785153911ddad71001e378839ac,TAMAPPLICATION,5df41095236911dc87cb00059a3c7800,TAMAPPLICATION,,,,ADMIN,ADMIN,ADMIN
0,2a4d5e21480011df8c200026b9bf6441,2010-04-14T15:59:00,,2010-04-14T15:59:00,0,-1,1899-12-30T00:00:00,0,,,b3b00786153911ddad71001e378839ac,TAMAPPLICATION,5df41095236911dc87cb00059a3c7800,TAMAPPLICATION,,,,ADMIN,ADMIN,ADMIN
0,2a4d5e22480011df8c200026b9bf6441,2010-04-14T15:59:00,,2010-04-14T15:59:00,0,-1,1899-12-30T00:00:00,0,,,b3b00787153911ddad71001e378839ac,TAMAPPLICATION,5df41095236911dc87cb00059a3c7800,TAMAPPLICATION,,,,ADMIN,ADMIN,ADMIN
0,2a4d5e23480011df8c200026b9bf6441,2010-04-14T15:59:00,,2010-04-14T15:59:00,0,-1,1899-12-30T00:00:00,0,,,b3b00788153911ddad71001e378839ac,TAMAPPLICATION,5df41095236911dc87cb00059a3c7800,TAMAPPLICATION,,,,ADMIN,ADMIN,ADMIN
0,2a4d5e24480011df8c200026b9bf6441,2010-04-14T15:59:00,,2010-04-14T15:59:00,0,-1,1899-12-30T00:00:00,0,,,b3b00789153911ddad71001e378839ac,TAMAPPLICATION,5df41095236911dc87cb00059a3c7800,TAMAPPLICATION,,,,ADMIN,ADMIN,ADMIN
0,2a4d5e25480011df8c200026b9bf6441,2010-04-14T15:59:00,,2010-04-14T15:59:00,0,-1,1899-12-30T00:00:00,0,,,b3b0078a153911ddad71001e378839ac,TAMAPPLICATION,5df41095236911dc87cb00059a3c7800,TAMAPPLICATION,,,,ADMIN,ADMIN,ADMIN
0,2a4d5e26480011df8c200026b9bf6441,2010-04-14T15:59:00,,2010-04-14T15:59:00,0,-1,1899-12-30T00:00:00,0,,,b3b0078d153911ddad71001e378839ac,TAMAPPLICATION,5df41095236911dc87cb00059a3c7800,TAMAPPLICATION,,,,ADMIN,ADMIN,ADMIN
0,2a4d5e27480011df8c200026b9bf6441,2010-04-14T15:59:00,,2010-04-14T15:59:00,0,-1,1899-12-30T00:00:00,0,,,d6856080153811ddad71001e378839ac,TAMAPPLICATION,021edeb014d511ddad71001e378839ac,TAMAPPLICATION,,,,ADMIN,ADMIN,ADMIN
0,2a4d5e28480011df8c200026b9bf6441,2010-04-14T15:59:00,,2010-04-14T15:59:00,0,-1,1899-12-30T00:00:00,0,,,0ba2edcfca8611dc890600059a3c7800,TAMAPPLICATION,021edeb014d511ddad71001e378839ac,TAMAPPLICATION,,,,ADMIN,ADMIN,ADMIN
0,2a4d5e2a480011df8c200026b9bf6441,2010-04-14T15:59:00,,2010-04-14T15:59:00,0,-1,1899-12-30T00:00:00,0,,,cd73fa31ba4111dc88e100059a3c7800,TAMAPPLICATION,e1ba9d1c39d811db9075004096a6c0fb,TAMAPPLICATION,,,,ADMIN,ADMIN,ADMIN
0,2a4d5e2b480011df8c200026b9bf6441,2010-04-14T15:59:00,,2010-04-14T15:59:00,0,-1,1899-12-30T00:00:00,0,,,b3b00780153911ddad71001e378839ac,TAMAPPLICATION,e1ba9d1c39d811db9075004096a6c0fb,TAMAPPLICATION,,,,ADMIN,ADMIN,ADMIN
0,2a4d5e2c480011df8c200026b9bf6441,2010-04-14T15:59:00,,2010-04-14T15:59:00,0,-1,1899-12-30T00:00:00,0,,,b3b00781153911ddad71001e378839ac,TAMAPPLICATION,e1ba9d1c39d811db9075004096a6c0fb,TAMAPPLICATION,,,,ADMIN,ADMIN,ADMIN
0,2a4d5e2d480011df8c200026b9bf6441,2010-04-14T15:59:00,,2010-04-14T15:59:00,0,-1,1899-12-30T00:00:00,0,,,b3b00782153911ddad71001e378839ac,TAMAPPLICATION,e1ba9d1c39d811db9075004096a6c0fb,TAMAPPLICATION,,,,ADMIN,ADMIN,ADMIN
0,2b53f853b09c11e2a792002590713bc0,2013-04-29T01:12:37,,2013-04-29T01:12:37,0,0,1899-12-30T00:00:00,0,,,21388cea67ae11e1a5f7002564cb911c,TAMAPPLICATION,1185072567ad11e1a5f7002564cb911c,TAMAPPLICATION,6,6,6,,,
0,2d111bdfa5ed11e2aea95c260a653b0e,2013-04-15T10:54:29,,2013-04-15T10:54:29,0,0,1899-12-30T00:00:00,0,,,e3d7d6cfa5ec11e2aea95c260a653b0e,TAMAPPLICATION,7bb3561fa5eb11e2aea95c260a653b0e,TAMAPPLICATION,,,,DFREED,DFREED,DFREED
0,2d111be0a5ed11e2aea95c260a653b0e,2013-04-15T10:54:30,,2013-04-15T10:54:30,0,0,1899-12-30T00:00:00,0,,,ebd4ab5fa5ec11e2aea95c260a653b0e,TAMAPPLICATION,7bb3561fa5eb11e2aea95c260a653b0e,TAMAPPLICATION,,,,DFREED,DFREED,DFREED
0,2d111be1a5ed11e2aea95c260a653b0e,2013-04-15T10:54:30,,2013-04-15T10:54:30,0,0,1899-12-30T00:00:00,0,,,f6e0468fa5ec11e2aea95c260a653b0e,TAMAPPLICATION,7bb3561fa5eb11e2aea95c260a653b0e,TAMAPPLICATION,,,,DFREED,DFREED,DFREED
0,2d28cedbafae11e2a7350026b9bf6441,2013-04-27T20:48:49,,2013-04-27T20:48:49,0,0,1899-12-30T00:00:00,0,,,8904606d816c11db9401000e3573f0d3,TAMAPPLICATION,e1ba9cf439d811db9075004096a6c0fb,TAMAPPLICATION,8,8,8,,,
0,2d28cedcafae11e2a7350026b9bf6441,2013-04-27T20:48:59,,2013-04-27T20:48:59,0,0,1899-12-30T00:00:00,0,,,91db750f816c11db9401000e3573f0d3,TAMAPPLICATION,e1ba9cf439d811db9075004096a6c0fb,TAMAPPLICATION,8,8,8,,,
0,2e7ce2afb0a011e2a792002590713bc0,2013-04-29T01:41:21,,2013-04-29T01:41:21,0,0,1899-12-30T00:00:00,0,,,3b7c58ed0e1e11e0bc42002564cb911c,TAMAPPLICATION,ea8a0e860e1c11e0bc42002564cb911c,TAMAPPLICATION,6,6,6,,,
0,3849ba7fa5ed11e2aea95c260a653b0e,2013-04-15T10:54:48,,2013-04-15T10:54:48,0,0,1899-12-30T00:00:00,0,,,ebd4ab60a5ec11e2aea95c260a653b0e,TAMAPPLICATION,7bb3561fa5eb11e2aea95c260a653b0e,TAMAPPLICATION,,,,DFREED,DFREED,DFREED
0,41bee1eab0af11e2a792002590713bc0,2013-04-29T03:29:16,,2013-04-29T03:29:16,0,0,1899-12-30T00:00:00,0,,,58aafc12305f11df955c001de065480b,TAMAPPLICATION,1df6f66c305e11df955c001de065480b,TAMAPPLICATION,6,6,6,,,
0,41bee1ecb0af11e2a792002590713bc0,2013-04-29T03:29:16,,2013-04-29T03:29:16,0,0,1899-12-30T00:00:00,0,,,b0508ea0305f11df955c001de065480b,TAMAPPLICATION,1df6f66c305e11df955c001de065480b,TAMAPPLICATION,6,6,6,,,
0,41bee1eeb0af11e2a792002590713bc0,2013-04-29T03:29:17,,2013-04-29T03:29:17,0,0,1899-12-30T00:00:00,0,,,78145824305e11df955c001de065480b,TAMAPPLICATION,1df6f66c305e11df955c001de065480b,TAMAPPLICATION,6,6,6,,,
0,41bee1f0b0af11e2a792002590713bc0,2013-04-29T03:29:18,,2013-04-29T03:29:18,0,0,1899-12-30T00:00:00,0,,,ee971bc6305e11df955c001de065480b,TAMAPPLICATION,1df6f66c305e11df955c001de065480b,TAMAPPLICATION,6,6,6,,,
0,41bee1f2b0af11e2a792002590713bc0,2013-04-29T03:29:19,,2013-04-29T03:29:19,0,0,1899-12-30T00:00:00,0,,,c35490c4305e11df955c001de065480b,TAMAPPLICATION,1df6f66c305e11df955c001de065480b,TAMAPPLICATION,6,6,6,,,
0,41bee1f4b0af11e2a792002590713bc0,2013-04-29T03:29:20,,2013-04-29T03:29:20,0,0,1899-12-30T00:00:00,0,,,1d686914305f11df955c001de065480b,TAMAPPLICATION,1df6f66c305e11df955c001de065480b,TAMAPPLICATION,6,6,6,,,
0,4816ef378c7e11e5bf18002590713bc0,2015-11-16T10:22:52,,2015-11-16T10:22:52,0,-1,1899-12-30T00:00:00,0,,,544f75d119df11dc87c600059a3c7800,TAMAPPLICATION,c8dd4ee0322211db906d000802da1ce2,TAMAPPLICATION,8,8,8,,,
0,4cd6656015e411ea80ea000d3a02ed0d,2019-12-03T15:48:09,,2019-12-03T15:48:09,0,0,1899-12-30T00:00:00,0,,,4cd6655b15e411ea80ea000d3a02ed0d,TAMAPPLICATION,4cd6656515e411ea80ea000d3a02ed0d,TAMAPPLICATION,,,,ATALMOR,ATALMOR,ATALMOR
0,4cd6656115e411ea80ea000d3a02ed0d,2019-12-03T15:48:09,,2019-12-03T15:48:09,0,0,1899-12-30T00:00:00,0,,,4cd6655c15e411ea80ea000d3a02ed0d,TAMAPPLICATION,4cd6656515e411ea80ea000d3a02ed0d,TAMAPPLICATION,,,,ATALMOR,ATALMOR,ATALMOR
0,4cd6656215e411ea80ea000d3a02ed0d,2019-12-03T15:48:09,,2019-12-03T15:48:09,0,0,1899-12-30T00:00:00,0,,,4cd6655d15e411ea80ea000d3a02ed0d,TAMAPPLICATION,4cd6656515e411ea80ea000d3a02ed0d,TAMAPPLICATION,,,,ATALMOR,ATALMOR,ATALMOR
0,4cd6656315e411ea80ea000d3a02ed0d,2019-12-03T15:48:09,,2019-12-03T15:48:09,0,0,1899-12-30T00:00:00,0,,,4cd6655e15e411ea80ea000d3a02ed0d,TAMAPPLICATION,4cd6656515e411ea80ea000d3a02ed0d,TAMAPPLICATION,,,,ATALMOR,ATALMOR,ATALMOR
0,4cd6656415e411ea80ea000d3a02ed0d,2019-12-03T15:48:09,,2019-12-03T15:48:09,0,0,1899-12-30T00:00:00,0,,,4cd6655f15e411ea80ea000d3a02ed0d,TAMAPPLICATION,4cd6656515e411ea80ea000d3a02ed0d,TAMAPPLICATION,,,,ATALMOR,ATALMOR,ATALMOR
0,4f6e390fb0a911e2a792002590713bc0,2013-04-29T02:46:42,,2013-04-29T02:46:42,0,0,1899-12-30T00:00:00,0,,,ebf98c64693a11e1a5f7002564cb911c,TAMAPPLICATION,1c395440693b11e1a5f7002564cb911c,TAMAPPLICATION,6,6,6,,,
0,536049a4afb211e2a7350026b9bf6441,2013-04-27T21:18:31,,2013-04-27T21:18:31,0,0,1899-12-30T00:00:00,0,,,62547c07699211e1a5f7002564cb911c,TAMAPPLICATION,8e391e35687811e1a5f7002564cb911c,TAMAPPLICATION,8,8,8,,,
0,536049a5afb211e2a7350026b9bf6441,2013-04-27T21:18:32,,2013-04-27T21:18:32,0,0,1899-12-30T00:00:00,0,,,deecb159699e11e1a5f7002564cb911c,TAMAPPLICATION,8e391e35687811e1a5f7002564cb911c,TAMAPPLICATION,8,8,8,,,
0,57f97f7247ff11df8c200026b9bf6441,2010-04-14T15:53:07,,2010-04-14T15:53:07,0,-1,1899-12-30T00:00:00,0,,,67981584218c11df9556001de065480b,TAMAPPLICATION,d2e167c4218b11df9556001de065480b,TAMAPPLICATION,,,,ADMIN,ADMIN,ADMIN
0,57f97f7347ff11df8c200026b9bf6441,2010-04-14T15:53:07,,2010-04-14T15:53:07,0,-1,1899-12-30T00:00:00,0,,,4ea73c09218c11df9556001de065480b,TAMAPPLICATION,d2e167c4218b11df9556001de065480b,TAMAPPLICATION,,,,ADMIN,ADMIN,ADMIN
0,57f97f7447ff11df8c200026b9bf6441,2010-04-14T15:53:07,,2010-04-14T15:53:07,0,-1,1899-12-30T00:00:00,0,,,4ea73c08218c11df9556001de065480b,TAMAPPLICATION,d2e167c4218b11df9556001de065480b,TAMAPPLICATION,,,,ADMIN,ADMIN,ADMIN
0,57f97f7547ff11df8c200026b9bf6441,2010-04-14T15:53:07,,2010-04-14T15:53:07,0,-1,1899-12-30T00:00:00,0,,,3d03962c218c11df9556001de065480b,TAMAPPLICATION,d2e167c4218b11df9556001de065480b,TAMAPPLICATION,,,,ADMIN,ADMIN,ADMIN
0,57f97f7647ff11df8c200026b9bf6441,2010-04-14T15:53:07,,2010-04-14T15:53:07,0,-1,1899-12-30T00:00:00,0,,,36810a6e218c11df9556001de065480b,TAMAPPLICATION,d2e167c4218b11df9556001de065480b,TAMAPPLICATION,,,,ADMIN,ADMIN,ADMIN
0,57f97f7747ff11df8c200026b9bf6441,2010-04-14T15:53:07,,2010-04-14T15:53:07,0,-1,1899-12-30T00:00:00,0,,,2ca1cdc6218c11df9556001de065480b,TAMAPPLICATION,d2e167c4218b11df9556001de065480b,TAMAPPLICATION,,,,ADMIN,ADMIN,ADMIN
0,57f97f7947ff11df8c200026b9bf6441,2010-04-14T15:53:07,,2010-04-14T15:53:07,0,-1,1899-12-30T00:00:00,0,,,d02678a62f1d11dc87db00059a3c7800,TAMAPPLICATION,324578e10edf11dc87b800059a3c7800,TAMAPPLICATION,,,,ADMIN,ADMIN,ADMIN
0,57f97f7a47ff11df8c200026b9bf6441,2010-04-14T15:53:07,,2010-04-14T15:53:07,0,-1,1899-12-30T00:00:00,0,,,44cf8fd2166e11ddad71001e378839ac,TAMAPPLICATION,324578e10edf11dc87b800059a3c7800,TAMAPPLICATION,,,,ADMIN,ADMIN,ADMIN
0,57f97f7b47ff11df8c200026b9bf6441,2010-04-14T15:53:07,,2010-04-14T15:53:07,0,-1,1899-12-30T00:00:00,0,,,44cf8fd0166e11ddad71001e378839ac,TAMAPPLICATION,324578e10edf11dc87b800059a3c7800,TAMAPPLICATION,,,,ADMIN,ADMIN,ADMIN
0,57f97f7d47ff11df8c200026b9bf6441,2010-04-14T15:53:07,,2010-04-14T15:53:07,0,-1,1899-12-30T00:00:00,0,,,cfd9f1962f1f11dc87db00059a3c7800,TAMAPPLICATION,324578e10edf11dc87b800059a3c7800,TAMAPPLICATION,,,,ADMIN,ADMIN,ADMIN
0,57f97f7e47ff11df8c200026b9bf6441,2010-04-14T15:53:07,,2010-04-14T15:53:07,0,-1,1899-12-30T00:00:00,0,,,911c7d5013d811ddad71001e378839ac,TAMAPPLICATION,3b5bc7f113d711ddad71001e378839ac,TAMAPPLICATION,,,,ADMIN,ADMIN,ADMIN
0,57f97f7f47ff11df8c200026b9bf6441,2010-04-14T15:53:07,,2010-04-14T15:53:07,0,-1,1899-12-30T00:00:00,0,,,911c7d5113d811ddad71001e378839ac,TAMAPPLICATION,3b5bc7f113d711ddad71001e378839ac,TAMAPPLICATION,,,,ADMIN,ADMIN,ADMIN
0,57f97f8047ff11df8c200026b9bf6441,2010-04-14T15:53:07,,2010-04-14T15:53:07,0,-1,1899-12-30T00:00:00,0,,,911c7d5213d811ddad71001e378839ac,TAMAPPLICATION,3b5bc7f113d711ddad71001e378839ac,TAMAPPLICATION,,,,ADMIN,ADMIN,ADMIN
0,57f97f8147ff11df8c200026b9bf6441,2010-04-14T15:53:07,,2010-04-14T15:53:07,0,-1,1899-12-30T00:00:00,0,,,911c7d5313d811ddad71001e378839ac,TAMAPPLICATION,3b5bc7f113d711ddad71001e378839ac,TAMAPPLICATION,,,,ADMIN,ADMIN,ADMIN
0,57f97f8247ff11df8c200026b9bf6441,2010-04-14T15:53:07,,2010-04-14T15:53:07,0,-1,1899-12-30T00:00:00,0,,,cb1b5a2513a211ddad71001e378839ac,TAMAPPLICATION,2eda2ea002fe11dc878f00059a3c7800,TAMAPPLICATION,,,,ADMIN,ADMIN,ADMIN
0,57f97f8347ff11df8c200026b9bf6441,2010-04-14T15:53:07,,2010-04-14T15:53:07,0,-1,1899-12-30T00:00:00,0,,,cb1b5a2613a211ddad71001e378839ac,TAMAPPLICATION,2eda2ea002fe11dc878f00059a3c7800,TAMAPPLICATION,,,,ADMIN,ADMIN,ADMIN
0,57f97f8447ff11df8c200026b9bf6441,2010-04-14T15:53:07,,2010-04-14T15:53:07,0,-1,1899-12-30T00:00:00,0,,,cb1b5a2713a211ddad71001e378839ac,TAMAPPLICATION,2eda2ea002fe11dc878f00059a3c7800,TAMAPPLICATION,,,,ADMIN,ADMIN,ADMIN
0,57f97f8647ff11df8c200026b9bf6441,2010-04-14T15:53:07,,2010-04-14T15:53:07,0,-1,1899-12-30T00:00:00,0,,,3f09598502ff11dc878f00059a3c7800,TAMAPPLICATION,cb1b5a2213a211ddad71001e378839ac,TAMAPPLICATION,,,,ADMIN,ADMIN,ADMIN
0,57f97f8747ff11df8c200026b9bf6441,2010-04-14T15:53:07,,2010-04-14T15:53:07,0,-1,1899-12-30T00:00:00,0,,,3da3178a12b611dc87b800059a3c7800,TAMAPPLICATION,cb1b5a2213a211ddad71001e378839ac,TAMAPPLICATION,,,,ADMIN,ADMIN,ADMIN
0,57f97f8847ff11df8c200026b9bf6441,2010-04-14T15:53:07,,2010-04-14T15:53:07,0,-1,1899-12-30T00:00:00,0,,,467a59c802ff11dc878f00059a3c7800,TAMAPPLICATION,cb1b5a2213a211ddad71001e378839ac,TAMAPPLICATION,,,,ADMIN,ADMIN,ADMIN
0,57f97f8947ff11df8c200026b9bf6441,2010-04-14T15:53:07,,2010-04-14T15:53:07,0,-1,1899-12-30T00:00:00,0,,,cb1b5a2013a211ddad71001e378839ac,TAMAPPLICATION,ead885f202fd11dc878f00059a3c7800,TAMAPPLICATION,,,,ADMIN,ADMIN,ADMIN
0,57f97f8a47ff11df8c200026b9bf6441,2010-04-14T15:53:07,,2010-04-14T15:53:07,0,-1,1899-12-30T00:00:00,0,,,cb1b5a2113a211ddad71001e378839ac,TAMAPPLICATION,ead885f202fd11dc878f00059a3c7800,TAMAPPLICATION,,,,ADMIN,ADMIN,ADMIN
0,57f97f8b47ff11df8c200026b9bf6441,2010-04-14T15:53:07,,2010-04-14T15:53:07,0,-1,1899-12-30T00:00:00,0,,,e3563f61139811ddad71001e378839ac,TAMAPPLICATION,e3563f60139811ddad71001e378839ac,TAMAPPLICATION,,,,ADMIN,ADMIN,ADMIN
0,57f97f8c47ff11df8c200026b9bf6441,2010-04-14T15:53:07,,2010-04-14T15:53:07,0,-1,1899-12-30T00:00:00,0,,,e3563f62139811ddad71001e378839ac,TAMAPPLICATION,e3563f60139811ddad71001e378839ac,TAMAPPLICATION,,,,ADMIN,ADMIN,ADMIN
0,57f97f8d47ff11df8c200026b9bf6441,2010-04-14T15:53:07,,2010-04-14T15:53:07,0,-1,1899-12-30T00:00:00,0,,,e3563f63139811ddad71001e378839ac,TAMAPPLICATION,e3563f60139811ddad71001e378839ac,TAMAPPLICATION,,,,ADMIN,ADMIN,ADMIN
0,57f97f8e47ff11df8c200026b9bf6441,2010-04-14T15:53:07,,2010-04-14T15:53:07,0,-1,1899-12-30T00:00:00,0,,,a596a7b8c07d11dc88fc00059a3c7800,TAMAPPLICATION,e1ba9d0f39d811db9075004096a6c0fb,TAMAPPLICATION,,,,ADMIN,ADMIN,ADMIN
0,57f97f8f47ff11df8c200026b9bf6441,2010-04-14T15:53:07,,2010-04-14T15:53:07,0,-1,1899-12-30T00:00:00,0,,,5b3ce786c07d11dc88fc00059a3c7800,TAMAPPLICATION,e1ba9d0f39d811db9075004096a6c0fb,TAMAPPLICATION,,,,ADMIN,ADMIN,ADMIN
0,57f97f9047ff11df8c200026b9bf6441,2010-04-14T15:53:07,,2010-04-14T15:53:07,0,-1,1899-12-30T00:00:00,0,,,31a93f84c07d11dc88fc00059a3c7800,TAMAPPLICATION,e1ba9d0f39d811db9075004096a6c0fb,TAMAPPLICATION,,,,ADMIN,ADMIN,ADMIN
0,57f97f9147ff11df8c200026b9bf6441,2010-04-14T15:53:07,,2010-04-14T15:53:07,0,-1,1899-12-30T00:00:00,0,,,1cb2376c200311dc87c600059a3c7800,TAMAPPLICATION,e1ba9d1039d811db9075004096a6c0fb,TAMAPPLICATION,,,,ADMIN,ADMIN,ADMIN
0,57f97f9247ff11df8c200026b9bf6441,2010-04-14T15:53:07,,2010-04-14T15:53:07,0,-1,1899-12-30T00:00:00,0,,,6cb9a3b3030411dc878f00059a3c7800,TAMAPPLICATION,e1ba9d0639d811db9075004096a6c0fb,TAMAPPLICATION,,,,ADMIN,ADMIN,ADMIN
0,583353361eb411e0b75a002564cb911c,2011-01-12T20:27:55,,2011-01-12T20:27:55,0,-1,1899-12-30T00:00:00,0,,,0ff14a120e1911e0bc42002564cb911c,TAMAPPLICATION,9948a9c60e0b11e0bc42002564cb911c,TAMAPPLICATION,,,,ADMIN,ADMIN,ADMIN
0,583353371eb411e0b75a002564cb911c,2011-01-12T20:27:55,,2011-01-12T20:27:55,0,-1,1899-12-30T00:00:00,0,,,6fa730bb0e1011e0bc42002564cb911c,TAMAPPLICATION,9948a9c60e0b11e0bc42002564cb911c,TAMAPPLICATION,,,,ADMIN,ADMIN,ADMIN
0,583353381eb411e0b75a002564cb911c,2011-01-12T20:27:55,,2011-01-12T20:27:55,0,-1,1899-12-30T00:00:00,0,,,0bf8a9100e0e11e0bc42002564cb911c,TAMAPPLICATION,9948a9c60e0b11e0bc42002564cb911c,TAMAPPLICATION,,,,ADMIN,ADMIN,ADMIN
0,583353391eb411e0b75a002564cb911c,2011-01-12T20:27:55,,2011-01-12T20:27:55,0,-1,1899-12-30T00:00:00,0,,,eb40efed0e0d11e0bc42002564cb911c,TAMAPPLICATION,9948a9c60e0b11e0bc42002564cb911c,TAMAPPLICATION,,,,ADMIN,ADMIN,ADMIN
0,5833533a1eb411e0b75a002564cb911c,2011-01-12T20:27:55,,2011-01-12T20:27:55,0,-1,1899-12-30T00:00:00,0,,,a9c680fb0e0d11e0bc42002564cb911c,TAMAPPLICATION,9948a9c60e0b11e0bc42002564cb911c,TAMAPPLICATION,,,,ADMIN,ADMIN,ADMIN
0,592aced9b0a011e2a792002590713bc0,2013-04-29T01:42:32,,2013-04-29T01:42:32,0,0,1899-12-30T00:00:00,0,,,1823d35f0e1e11e0bc42002564cb911c,TAMAPPLICATION,ea8a0e860e1c11e0bc42002564cb911c,TAMAPPLICATION,6,6,6,,,
0,592acedbb0a011e2a792002590713bc0,2013-04-29T01:42:33,,2013-04-29T01:42:33,0,0,1899-12-30T00:00:00,0,,,e45e0bde0e1d11e0bc42002564cb911c,TAMAPPLICATION,ea8a0e860e1c11e0bc42002564cb911c,TAMAPPLICATION,6,6,6,,,
0,592aceddb0a011e2a792002590713bc0,2013-04-29T01:42:34,,2013-04-29T01:42:34,0,0,1899-12-30T00:00:00,0,,,5e6e04d90e1e11e0bc42002564cb911c,TAMAPPLICATION,ea8a0e860e1c11e0bc42002564cb911c,TAMAPPLICATION,6,6,6,,,
0,59912562189711e28fd0f04da23a38c8,2012-10-17T14:15:01,,2012-10-17T14:15:01,0,0,1899-12-30T00:00:00,0,,,7da5d8ed0ee011dc87b800059a3c7800,TAMAPPLICATION,44cf8fd0166e11ddad71001e378839ac,TAMAPPLICATION,,,,DFREED,DFREED,DFREED
0,5be967088c7d11e5bf18002590713bc0,2015-11-16T10:16:16,,2015-11-16T10:16:16,0,-1,1899-12-30T00:00:00,0,,,de7b610c0fb411dc87b800059a3c7800,TAMAPPLICATION,e1ba9cfb39d811db9075004096a6c0fb,TAMAPPLICATION,8,8,8,,,
0,5be967098c7d11e5bf18002590713bc0,2015-11-16T10:16:16,,2015-11-16T10:16:16,0,-1,1899-12-30T00:00:00,0,,,8cfcaf700fb411dc87b800059a3c7800,TAMAPPLICATION,e1ba9cfb39d811db9075004096a6c0fb,TAMAPPLICATION,8,8,8,,,
0,5be9670a8c7d11e5bf18002590713bc0,2015-11-16T10:16:16,,2015-11-16T10:16:16,0,-1,1899-12-30T00:00:00,0,,,de7b610c0fb411dc87b800059a3c7800,TAMAPPLICATION,8cfcaf700fb411dc87b800059a3c7800,TAMAPPLICATION,8,8,8,,,
0,5e9cf6aeb0ad11e2a792002590713bc0,2013-04-29T03:15:52,,2013-04-29T03:15:52,0,0,1899-12-30T00:00:00,0,,,486bea10166611ddad71001e378839ac,TAMAPPLICATION,4fd45d2a1b3811dc87c600059a3c7800,TAMAPPLICATION,6,6,6,,,
0,6053b7a42f3311eb80f9000d3a02ed0d,2020-11-25T15:32:08,,2020-11-25T15:32:08,0,0,1899-12-30T00:00:00,0,,,e8ba70762e3111eb80f9000d3a02ed0d,TAMAPPLICATION,eee68cf2a19411ea80f0000d3a02ed0d,TAMAPPLICATION,,,,ATALMOR,ATALMOR,ATALMOR
0,6053b7a92f3311eb80f9000d3a02ed0d,2020-11-25T15:32:10,,2020-11-25T15:32:10,0,0,1899-12-30T00:00:00,0,,,e8ba70842e3111eb80f9000d3a02ed0d,TAMAPPLICATION,e8ba707d2e3111eb80f9000d3a02ed0d,TAMAPPLICATION,,,,ATALMOR,ATALMOR,ATALMOR
0,6053b7ad2f3311eb80f9000d3a02ed0d,2020-11-25T15:32:10,,2020-11-25T15:32:10,0,0,1899-12-30T00:00:00,0,,,e8ba70872e3111eb80f9000d3a02ed0d,TAMAPPLICATION,e8ba707d2e3111eb80f9000d3a02ed0d,TAMAPPLICATION,,,,ATALMOR,ATALMOR,ATALMOR
0,6053b7b32f3311eb80f9000d3a02ed0d,2020-11-25T15:32:12,,2020-11-25T15:32:12,0,0,1899-12-30T00:00:00,0,,,e8ba70982e3111eb80f9000d3a02ed0d,TAMAPPLICATION,e8ba707d2e3111eb80f9000d3a02ed0d,TAMAPPLICATION,,,,ATALMOR,ATALMOR,ATALMOR
0,6053b7b82f3311eb80f9000d3a02ed0d,2020-11-25T15:32:14,,2020-11-25T15:32:14,0,0,1899-12-30T00:00:00,0,,,e8ba709d2e3111eb80f9000d3a02ed0d,TAMAPPLICATION,e8ba707d2e3111eb80f9000d3a02ed0d,TAMAPPLICATION,,,,ATALMOR,ATALMOR,ATALMOR
0,6082ad4fa5f111e2aea95c260a653b0e,2013-04-15T11:24:33,,2013-04-15T11:24:33,0,0,1899-12-30T00:00:00,0,,,84a7862fa5ef11e2aea95c260a653b0e,TAMAPPLICATION,c1370a0fa5e711e2aea95c260a653b0e,TAMAPPLICATION,,,,DFREED,DFREED,DFREED
0,6082ad50a5f111e2aea95c260a653b0e,2013-04-15T11:24:34,,2013-04-15T11:24:34,0,0,1899-12-30T00:00:00,0,,,0a0c8a9fa5f011e2aea95c260a653b0e,TAMAPPLICATION,c1370a0fa5e711e2aea95c260a653b0e,TAMAPPLICATION,,,,DFREED,DFREED,DFREED
0,6082ad51a5f111e2aea95c260a653b0e,2013-04-15T11:24:35,,2013-04-15T11:24:35,0,0,1899-12-30T00:00:00,0,,,4a746d0fa5f011e2aea95c260a653b0e,TAMAPPLICATION,c1370a0fa5e711e2aea95c260a653b0e,TAMAPPLICATION,,,,DFREED,DFREED,DFREED
0,6082ad52a5f111e2aea95c260a653b0e,2013-04-15T11:24:35,,2013-04-15T11:24:35,0,0,1899-12-30T00:00:00,0,,,7042ec5fa5f011e2aea95c260a653b0e,TAMAPPLICATION,c1370a0fa5e711e2aea95c260a653b0e,TAMAPPLICATION,,,,DFREED,DFREED,DFREED
0,737551dde40d11e780d1000d3a02ed0d,2017-12-18T16:06:49,,2017-12-18T16:06:49,0,0,1899-12-30T00:00:00,0,,,b3b0078b153911ddad71001e378839ac,TAMAPPLICATION,021edeb014d511ddad71001e378839ac,TAMAPPLICATION,,,,DFREED,DFREED,DFREED
0,74630e7f52bd11e780ca000d3a02ed0d,2017-06-16T17:58:53,,2017-06-16T17:58:53,0,0,1899-12-30T00:00:00,0,,,74630e8052bd11e780ca000d3a02ed0d,TAMAPPLICATION,e1ba9d1839d811db9075004096a6c0fb,TAMAPPLICATION,,,,ATALMOR,ATALMOR,ATALMOR
0,7901581c16db11e2b75d002564cb911c,2012-10-15T09:17:43,,2012-10-15T09:17:43,0,0,1899-12-30T00:00:00,0,,,b678f701147611e28835f04da23a38c8,TAMAPPLICATION,40948ee8147611e28835f04da23a38c8,TAMAPPLICATION,8,8,8,,,
0,7a09d17f8c7d11e5bf18002590713bc0,2015-11-16T10:17:06,,2015-11-16T10:17:06,0,-1,1899-12-30T00:00:00,0,,,b82730137bfc11dc887800059a3c7800,TAMAPPLICATION,e1ba9cfb39d811db9075004096a6c0fb,TAMAPPLICATION,8,8,8,,,
0,7be0fd1bb0af11e2a792002590713bc0,2013-04-29T03:30:53,,2013-04-29T03:30:53,0,0,1899-12-30T00:00:00,0,,,8d13cbd0306111df955c001de065480b,TAMAPPLICATION,6564407e219811df9556001de065480b,TAMAPPLICATION,6,6,6,,,
0,7be0fd1db0af11e2a792002590713bc0,2013-04-29T03:30:54,,2013-04-29T03:30:54,0,0,1899-12-30T00:00:00,0,,,a92ce27a306111df955c001de065480b,TAMAPPLICATION,6564407e219811df9556001de065480b,TAMAPPLICATION,6,6,6,,,
0,7be0fd1fb0af11e2a792002590713bc0,2013-04-29T03:30:55,,2013-04-29T03:30:55,0,0,1899-12-30T00:00:00,0,,,f0946fe8306111df955c001de065480b,TAMAPPLICATION,6564407e219811df9556001de065480b,TAMAPPLICATION,6,6,6,,,
0,7be0fd21b0af11e2a792002590713bc0,2013-04-29T03:30:56,,2013-04-29T03:30:56,0,0,1899-12-30T00:00:00,0,,,a17fd10a306011df955c001de065480b,TAMAPPLICATION,6564407e219811df9556001de065480b,TAMAPPLICATION,6,6,6,,,
0,8095fbc96ab211e2a792002590713bc0,2013-01-30T01:56:08,,2013-01-30T01:56:08,0,-1,1899-12-30T00:00:00,0,,,4982f00d63b811e1aa36002564cb911c,TAMAPPLICATION,2eda2ea002fe11dc878f00059a3c7800,TAMAPPLICATION,6,6,6,,,
0,8246f98447ff11df8c200026b9bf6441,2010-04-14T15:54:18,,2010-04-14T15:54:18,0,-1,1899-12-30T00:00:00,0,,,4fb1208647dc11df8c200026b9bf6441,TAMAPPLICATION,0aa83fe847d811df8c200026b9bf6441,TAMAPPLICATION,,,,ADMIN,ADMIN,ADMIN
0,8246f98547ff11df8c200026b9bf6441,2010-04-14T15:54:18,,2010-04-14T15:54:18,0,-1,1899-12-30T00:00:00,0,,,1d9517a047dc11df8c200026b9bf6441,TAMAPPLICATION,0aa83fe847d811df8c200026b9bf6441,TAMAPPLICATION,,,,ADMIN,ADMIN,ADMIN
0,8246f98647ff11df8c200026b9bf6441,2010-04-14T15:54:18,,2010-04-14T15:54:18,0,-1,1899-12-30T00:00:00,0,,,fb5a625247db11df8c200026b9bf6441,TAMAPPLICATION,0aa83fe847d811df8c200026b9bf6441,TAMAPPLICATION,,,,ADMIN,ADMIN,ADMIN
0,8246f98747ff11df8c200026b9bf6441,2010-04-14T15:54:18,,2010-04-14T15:54:18,0,-1,1899-12-30T00:00:00,0,,,d517350547db11df8c200026b9bf6441,TAMAPPLICATION,0aa83fe847d811df8c200026b9bf6441,TAMAPPLICATION,,,,ADMIN,ADMIN,ADMIN
0,8246f98847ff11df8c200026b9bf6441,2010-04-14T15:54:18,,2010-04-14T15:54:18,0,-1,1899-12-30T00:00:00,0,,,258bca7d474211df8c200026b9bf6441,TAMAPPLICATION,e1ba9d1b39d811db9075004096a6c0fb,TAMAPPLICATION,,,,ADMIN,ADMIN,ADMIN
0,8246f98947ff11df8c200026b9bf6441,2010-04-14T15:54:18,,2010-04-14T15:54:18,0,-1,1899-12-30T00:00:00,0,,,06e6574d474211df8c200026b9bf6441,TAMAPPLICATION,e1ba9d1b39d811db9075004096a6c0fb,TAMAPPLICATION,,,,ADMIN,ADMIN,ADMIN
0,8246f98a47ff11df8c200026b9bf6441,2010-04-14T15:54:18,,2010-04-14T15:54:18,0,-1,1899-12-30T00:00:00,0,,,36f7259f474111df8c200026b9bf6441,TAMAPPLICATION,e1ba9d1b39d811db9075004096a6c0fb,TAMAPPLICATION,,,,ADMIN,ADMIN,ADMIN
0,8246f98b47ff11df8c200026b9bf6441,2010-04-14T15:54:18,,2010-04-14T15:54:18,0,-1,1899-12-30T00:00:00,0,,,8992e9ee472211df8c200026b9bf6441,TAMAPPLICATION,e1ba9d1839d811db9075004096a6c0fb,TAMAPPLICATION,,,,ADMIN,ADMIN,ADMIN
0,8246f98c47ff11df8c200026b9bf6441,2010-04-14T15:54:18,,2010-04-14T15:54:18,0,-1,1899-12-30T00:00:00,0,,,6e3979c9472211df8c200026b9bf6441,TAMAPPLICATION,e1ba9d1839d811db9075004096a6c0fb,TAMAPPLICATION,,,,ADMIN,ADMIN,ADMIN
0,8246f98d47ff11df8c200026b9bf6441,2010-04-14T15:54:18,,2010-04-14T15:54:18,0,-1,1899-12-30T00:00:00,0,,,4ce445d7472211df8c200026b9bf6441,TAMAPPLICATION,e1ba9d1839d811db9075004096a6c0fb,TAMAPPLICATION,,,,ADMIN,ADMIN,ADMIN
0,8246f98e47ff11df8c200026b9bf6441,2010-04-14T15:54:18,,2010-04-14T15:54:18,0,-1,1899-12-30T00:00:00,0,,,1405f1ec472211df8c200026b9bf6441,TAMAPPLICATION,e1ba9d1839d811db9075004096a6c0fb,TAMAPPLICATION,,,,ADMIN,ADMIN,ADMIN
0,8246f98f47ff11df8c200026b9bf6441,2010-04-14T15:54:18,,2010-04-14T15:54:18,0,-1,1899-12-30T00:00:00,0,,,b8243e92472111df8c200026b9bf6441,TAMAPPLICATION,e1ba9d1839d811db9075004096a6c0fb,TAMAPPLICATION,,,,ADMIN,ADMIN,ADMIN
0,8246f99047ff11df8c200026b9bf6441,2010-04-14T15:54:18,,2010-04-14T15:54:18,0,-1,1899-12-30T00:00:00,0,,,6f39199d472111df8c200026b9bf6441,TAMAPPLICATION,e1ba9d1839d811db9075004096a6c0fb,TAMAPPLICATION,,,,ADMIN,ADMIN,ADMIN
0,8246f99147ff11df8c200026b9bf6441,2010-04-14T15:54:18,,2010-04-14T15:54:18,0,-1,1899-12-30T00:00:00,0,,,03353f562df111df9559001de065480b,TAMAPPLICATION,1e9a06622dee11df9559001de065480b,TAMAPPLICATION,,,,ADMIN,ADMIN,ADMIN
0,8246f99247ff11df8c200026b9bf6441,2010-04-14T15:54:18,,2010-04-14T15:54:18,0,-1,1899-12-30T00:00:00,0,,,c8ed03422df011df9559001de065480b,TAMAPPLICATION,1e9a06622dee11df9559001de065480b,TAMAPPLICATION,,,,ADMIN,ADMIN,ADMIN
0,8246f99347ff11df8c200026b9bf6441,2010-04-14T15:54:18,,2010-04-14T15:54:18,0,-1,1899-12-30T00:00:00,0,,,9942bff62df011df9559001de065480b,TAMAPPLICATION,1e9a06622dee11df9559001de065480b,TAMAPPLICATION,,,,ADMIN,ADMIN,ADMIN
0,8246f99447ff11df8c200026b9bf6441,2010-04-14T15:54:18,,2010-04-14T15:54:18,0,-1,1899-12-30T00:00:00,0,,,6ad7f7c62df011df9559001de065480b,TAMAPPLICATION,1e9a06622dee11df9559001de065480b,TAMAPPLICATION,,,,ADMIN,ADMIN,ADMIN
0,8246f99547ff11df8c200026b9bf6441,2010-04-14T15:54:18,,2010-04-14T15:54:18,0,-1,1899-12-30T00:00:00,0,,,bf3cf5e22def11df9559001de065480b,TAMAPPLICATION,1e9a06622dee11df9559001de065480b,TAMAPPLICATION,,,,ADMIN,ADMIN,ADMIN
0,8246f99647ff11df8c200026b9bf6441,2010-04-14T15:54:18,,2010-04-14T15:54:18,0,-1,1899-12-30T00:00:00,0,,,5ddbe9f22def11df9559001de065480b,TAMAPPLICATION,1e9a06622dee11df9559001de065480b,TAMAPPLICATION,,,,ADMIN,ADMIN,ADMIN
0,8246f99747ff11df8c200026b9bf6441,2010-04-14T15:54:18,,2010-04-14T15:54:18,0,-1,1899-12-30T00:00:00,0,,,2bfa36fa2def11df9559001de065480b,TAMAPPLICATION,1e9a06622dee11df9559001de065480b,TAMAPPLICATION,,,,ADMIN,ADMIN,ADMIN
0,8246f99847ff11df8c200026b9bf6441,2010-04-14T15:54:18,,2010-04-14T15:54:18,0,-1,1899-12-30T00:00:00,0,,,e65a0ab22dee11df9559001de065480b,TAMAPPLICATION,1e9a06622dee11df9559001de065480b,TAMAPPLICATION,,,,ADMIN,ADMIN,ADMIN
0,8246f99947ff11df8c200026b9bf6441,2010-04-14T15:54:18,,2010-04-14T15:54:18,0,-1,1899-12-30T00:00:00,0,,,af5dcf122dee11df9559001de065480b,TAMAPPLICATION,1e9a06622dee11df9559001de065480b,TAMAPPLICATION,,,,ADMIN,ADMIN,ADMIN
0,8246f99a47ff11df8c200026b9bf6441,2010-04-14T15:54:18,,2010-04-14T15:54:18,0,-1,1899-12-30T00:00:00,0,,,90c2a15c224c11df9556001de065480b,TAMAPPLICATION,e1ba9d1339d811db9075004096a6c0fb,TAMAPPLICATION,,,,ADMIN,ADMIN,ADMIN
0,8246f99b47ff11df8c200026b9bf6441,2010-04-14T15:54:18,,2010-04-14T15:54:18,0,-1,1899-12-30T00:00:00,0,,,53bcf22c224b11df9556001de065480b,TAMAPPLICATION,e1ba9d1339d811db9075004096a6c0fb,TAMAPPLICATION,,,,ADMIN,ADMIN,ADMIN
0,8246f99f47ff11df8c200026b9bf6441,2010-04-14T15:54:18,,2010-04-14T15:54:18,0,-1,1899-12-30T00:00:00,0,,,e1ba9d1539d811db9075004096a6c0fb,TAMAPPLICATION,413ab8390edf11dc87b800059a3c7800,TAMAPPLICATION,,,,ADMIN,ADMIN,ADMIN
0,8246f9a047ff11df8c200026b9bf6441,2010-04-14T15:54:18,,2010-04-14T15:54:18,0,-1,1899-12-30T00:00:00,0,,,3ecb6681163811ddad71001e378839ac,TAMAPPLICATION,413ab8390edf11dc87b800059a3c7800,TAMAPPLICATION,,,,ADMIN,ADMIN,ADMIN
0,8246f9a147ff11df8c200026b9bf6441,2010-04-14T15:54:18,,2010-04-14T15:54:18,0,-1,1899-12-30T00:00:00,0,,,9a6123e9827111dc887d00059a3c7800,TAMAPPLICATION,413ab8390edf11dc87b800059a3c7800,TAMAPPLICATION,,,,ADMIN,ADMIN,ADMIN
0,851c1a318ecd11e5bf18002590713bc0,2015-11-19T08:55:10,,2015-11-19T08:55:10,0,0,1899-12-30T00:00:00,0,,,f4c5333c8ecc11e5bf18002590713bc0,TAMAPPLICATION,f5528d728ecb11e5bf18002590713bc0,TAMAPPLICATION,8,8,8,,,
0,8afbc2c416dd11e2b75d002564cb911c,2012-10-15T09:32:32,,2012-10-15T09:32:32,0,0,1899-12-30T00:00:00,0,,,bebd53cf147611e28835f04da23a38c8,TAMAPPLICATION,40948ee8147611e28835f04da23a38c8,TAMAPPLICATION,8,8,8,,,
0,8afbc2c516dd11e2b75d002564cb911c,2012-10-15T09:32:39,,2012-10-15T09:32:39,0,0,1899-12-30T00:00:00,0,,,c7be4c9f147611e28835f04da23a38c8,TAMAPPLICATION,40948ee8147611e28835f04da23a38c8,TAMAPPLICATION,8,8,8,,,
0,9135d264b0a111e2a792002590713bc0,2013-04-29T01:51:16,,2013-04-29T01:51:16,0,0,1899-12-30T00:00:00,0,,,27b34a6b0ea111e0bc42002564cb911c,TAMAPPLICATION,b4beed720e2411e0bc42002564cb911c,TAMAPPLICATION,6,6,6,,,
0,9135d266b0a111e2a792002590713bc0,2013-04-29T01:51:17,,2013-04-29T01:51:17,0,0,1899-12-30T00:00:00,0,,,4bd404e70ea111e0bc42002564cb911c,TAMAPPLICATION,b4beed720e2411e0bc42002564cb911c,TAMAPPLICATION,6,6,6,,,
0,9135d268b0a111e2a792002590713bc0,2013-04-29T01:51:18,,2013-04-29T01:51:18,0,0,1899-12-30T00:00:00,0,,,f71443160e2711e0bc42002564cb911c,TAMAPPLICATION,b4beed720e2411e0bc42002564cb911c,TAMAPPLICATION,6,6,6,,,
0,9135d26ab0a111e2a792002590713bc0,2013-04-29T01:51:18,,2013-04-29T01:51:18,0,0,1899-12-30T00:00:00,0,,,ab8e25410ea011e0bc42002564cb911c,TAMAPPLICATION,b4beed720e2411e0bc42002564cb911c,TAMAPPLICATION,6,6,6,,,
0,9135d26cb0a111e2a792002590713bc0,2013-04-29T01:51:19,,2013-04-29T01:51:19,0,0,1899-12-30T00:00:00,0,,,0700e88b0ea111e0bc42002564cb911c,TAMAPPLICATION,b4beed720e2411e0bc42002564cb911c,TAMAPPLICATION,6,6,6,,,
0,9135d26eb0a111e2a792002590713bc0,2013-04-29T01:51:20,,2013-04-29T01:51:20,0,0,1899-12-30T00:00:00,0,,,cf3b34ac0ea011e0bc42002564cb911c,TAMAPPLICATION,b4beed720e2411e0bc42002564cb911c,TAMAPPLICATION,6,6,6,,,
0,92e0690b480211df8c200026b9bf6441,2010-04-14T16:16:15,,2010-04-14T16:16:15,0,-1,1899-12-30T00:00:00,0,,,aece2e0e223e11df9556001de065480b,TAMAPPLICATION,76ce11c4219211df9556001de065480b,TAMAPPLICATION,,,,ADMIN,ADMIN,ADMIN
0,92e0690c480211df8c200026b9bf6441,2010-04-14T16:16:15,,2010-04-14T16:16:15,0,-1,1899-12-30T00:00:00,0,,,a36f16cc223e11df9556001de065480b,TAMAPPLICATION,76ce11c4219211df9556001de065480b,TAMAPPLICATION,,,,ADMIN,ADMIN,ADMIN
0,92e0690d480211df8c200026b9bf6441,2010-04-14T16:16:15,,2010-04-14T16:16:15,0,-1,1899-12-30T00:00:00,0,,,9af31886223e11df9556001de065480b,TAMAPPLICATION,76ce11c4219211df9556001de065480b,TAMAPPLICATION,,,,ADMIN,ADMIN,ADMIN
0,92e0690e480211df8c200026b9bf6441,2010-04-14T16:16:15,,2010-04-14T16:16:15,0,-1,1899-12-30T00:00:00,0,,,8fe77392223e11df9556001de065480b,TAMAPPLICATION,76ce11c4219211df9556001de065480b,TAMAPPLICATION,,,,ADMIN,ADMIN,ADMIN
0,92e0690f480211df8c200026b9bf6441,2010-04-14T16:16:15,,2010-04-14T16:16:15,0,-1,1899-12-30T00:00:00,0,,,8531a346223e11df9556001de065480b,TAMAPPLICATION,76ce11c4219211df9556001de065480b,TAMAPPLICATION,,,,ADMIN,ADMIN,ADMIN
0,92e06910480211df8c200026b9bf6441,2010-04-14T16:16:15,,2010-04-14T16:16:15,0,-1,1899-12-30T00:00:00,0,,,1699ae7c306411df955c001de065480b,TAMAPPLICATION,a7af4564130111ddad71001e378839ac,TAMAPPLICATION,,,,ADMIN,ADMIN,ADMIN
0,92e06911480211df8c200026b9bf6441,2010-04-14T16:16:15,,2010-04-14T16:16:15,0,-1,1899-12-30T00:00:00,0,,,1df6f66c305e11df955c001de065480b,TAMAPPLICATION,a7af4564130111ddad71001e378839ac,TAMAPPLICATION,,,,ADMIN,ADMIN,ADMIN
0,92e06912480211df8c200026b9bf6441,2010-04-14T16:16:15,,2010-04-14T16:16:15,0,-1,1899-12-30T00:00:00,0,,,74f1d79a219811df9556001de065480b,TAMAPPLICATION,a7af4564130111ddad71001e378839ac,TAMAPPLICATION,,,,ADMIN,ADMIN,ADMIN
0,92e06913480211df8c200026b9bf6441,2010-04-14T16:16:15,,2010-04-14T16:16:15,0,-1,1899-12-30T00:00:00,0,,,6c2bf06e219811df9556001de065480b,TAMAPPLICATION,a7af4564130111ddad71001e378839ac,TAMAPPLICATION,,,,ADMIN,ADMIN,ADMIN
0,92e06914480211df8c200026b9bf6441,2010-04-14T16:16:15,,2010-04-14T16:16:15,0,-1,1899-12-30T00:00:00,0,,,6564407e219811df9556001de065480b,TAMAPPLICATION,a7af4564130111ddad71001e378839ac,TAMAPPLICATION,,,,ADMIN,ADMIN,ADMIN
0,92e06915480211df8c200026b9bf6441,2010-04-14T16:16:15,,2010-04-14T16:16:15,0,-1,1899-12-30T00:00:00,0,,,bf7dd654304a11df955a001de065480b,TAMAPPLICATION,a7af4563130111ddad71001e378839ac,TAMAPPLICATION,,,,ADMIN,ADMIN,ADMIN
0,92e06916480211df8c200026b9bf6441,2010-04-14T16:16:15,,2010-04-14T16:16:15,0,-1,1899-12-30T00:00:00,0,,,ab58d7e6304a11df955a001de065480b,TAMAPPLICATION,a7af4563130111ddad71001e378839ac,TAMAPPLICATION,,,,ADMIN,ADMIN,ADMIN
0,92e06917480211df8c200026b9bf6441,2010-04-14T16:16:15,,2010-04-14T16:16:15,0,-1,1899-12-30T00:00:00,0,,,93b829fc304a11df955a001de065480b,TAMAPPLICATION,a7af4563130111ddad71001e378839ac,TAMAPPLICATION,,,,ADMIN,ADMIN,ADMIN
0,92e06918480211df8c200026b9bf6441,2010-04-14T16:16:15,,2010-04-14T16:16:15,0,-1,1899-12-30T00:00:00,0,,,18d73778304a11df955a001de065480b,TAMAPPLICATION,a7af4563130111ddad71001e378839ac,TAMAPPLICATION,,,,ADMIN,ADMIN,ADMIN
0,92e06919480211df8c200026b9bf6441,2010-04-14T16:16:15,,2010-04-14T16:16:15,0,-1,1899-12-30T00:00:00,0,,,0e7d6a10219811df9556001de065480b,TAMAPPLICATION,a7af4563130111ddad71001e378839ac,TAMAPPLICATION,,,,ADMIN,ADMIN,ADMIN
0,92e0691a480211df8c200026b9bf6441,2010-04-14T16:16:15,,2010-04-14T16:16:15,0,-1,1899-12-30T00:00:00,0,,,087dffa8219811df9556001de065480b,TAMAPPLICATION,a7af4563130111ddad71001e378839ac,TAMAPPLICATION,,,,ADMIN,ADMIN,ADMIN
0,92e0691b480211df8c200026b9bf6441,2010-04-14T16:16:15,,2010-04-14T16:16:15,0,-1,1899-12-30T00:00:00,0,,,618d77e7219711df9556001de065480b,TAMAPPLICATION,e1ba9d3539d811db9075004096a6c0fb,TAMAPPLICATION,,,,ADMIN,ADMIN,ADMIN
0,92e0691c480211df8c200026b9bf6441,2010-04-14T16:16:15,,2010-04-14T16:16:15,0,-1,1899-12-30T00:00:00,0,,,618d77e6219711df9556001de065480b,TAMAPPLICATION,e1ba9d3539d811db9075004096a6c0fb,TAMAPPLICATION,,,,ADMIN,ADMIN,ADMIN
0,92e0691d480211df8c200026b9bf6441,2010-04-14T16:16:15,,2010-04-14T16:16:15,0,-1,1899-12-30T00:00:00,0,,,54b5ad18219711df9556001de065480b,TAMAPPLICATION,e1ba9d3539d811db9075004096a6c0fb,TAMAPPLICATION,,,,ADMIN,ADMIN,ADMIN
0,92e0691e480211df8c200026b9bf6441,2010-04-14T16:16:15,,2010-04-14T16:16:15,0,-1,1899-12-30T00:00:00,0,,,9e70c6aa219611df9556001de065480b,TAMAPPLICATION,a7af4562130111ddad71001e378839ac,TAMAPPLICATION,,,,ADMIN,ADMIN,ADMIN
0,92e0691f480211df8c200026b9bf6441,2010-04-14T16:16:15,,2010-04-14T16:16:15,0,-1,1899-12-30T00:00:00,0,,,4db6a752219611df9556001de065480b,TAMAPPLICATION,a7af4562130111ddad71001e378839ac,TAMAPPLICATION,,,,ADMIN,ADMIN,ADMIN
0,92e06920480211df8c200026b9bf6441,2010-04-14T16:16:15,,2010-04-14T16:16:15,0,-1,1899-12-30T00:00:00,0,,,42afc712219611df9556001de065480b,TAMAPPLICATION,a7af4562130111ddad71001e378839ac,TAMAPPLICATION,,,,ADMIN,ADMIN,ADMIN
0,92e06921480211df8c200026b9bf6441,2010-04-14T16:16:15,,2010-04-14T16:16:15,0,-1,1899-12-30T00:00:00,0,,,37f7946c219611df9556001de065480b,TAMAPPLICATION,a7af4562130111ddad71001e378839ac,TAMAPPLICATION,,,,ADMIN,ADMIN,ADMIN
0,92e06922480211df8c200026b9bf6441,2010-04-14T16:16:15,,2010-04-14T16:16:15,0,-1,1899-12-30T00:00:00,0,,,26fd3586219611df9556001de065480b,TAMAPPLICATION,a7af4562130111ddad71001e378839ac,TAMAPPLICATION,,,,ADMIN,ADMIN,ADMIN
0,92e06923480211df8c200026b9bf6441,2010-04-14T16:16:15,,2010-04-14T16:16:15,0,-1,1899-12-30T00:00:00,0,,,1744b416219611df9556001de065480b,TAMAPPLICATION,a7af4562130111ddad71001e378839ac,TAMAPPLICATION,,,,ADMIN,ADMIN,ADMIN
0,92e06924480211df8c200026b9bf6441,2010-04-14T16:16:15,,2010-04-14T16:16:15,0,-1,1899-12-30T00:00:00,0,,,0f0dda02219611df9556001de065480b,TAMAPPLICATION,a7af4562130111ddad71001e378839ac,TAMAPPLICATION,,,,ADMIN,ADMIN,ADMIN
0,92e06925480211df8c200026b9bf6441,2010-04-14T16:16:15,,2010-04-14T16:16:15,0,-1,1899-12-30T00:00:00,0,,,07ad9392219611df9556001de065480b,TAMAPPLICATION,a7af4562130111ddad71001e378839ac,TAMAPPLICATION,,,,ADMIN,ADMIN,ADMIN
0,92e06926480211df8c200026b9bf6441,2010-04-14T16:16:15,,2010-04-14T16:16:15,0,-1,1899-12-30T00:00:00,0,,,fec64b7a219511df9556001de065480b,TAMAPPLICATION,a7af4562130111ddad71001e378839ac,TAMAPPLICATION,,,,ADMIN,ADMIN,ADMIN
0,92e06927480211df8c200026b9bf6441,2010-04-14T16:16:15,,2010-04-14T16:16:15,0,-1,1899-12-30T00:00:00,0,,,f3c42fee219511df9556001de065480b,TAMAPPLICATION,a7af4562130111ddad71001e378839ac,TAMAPPLICATION,,,,ADMIN,ADMIN,ADMIN
0,92e06928480211df8c200026b9bf6441,2010-04-14T16:16:15,,2010-04-14T16:16:15,0,-1,1899-12-30T00:00:00,0,,,87b6dd1a219511df9556001de065480b,TAMAPPLICATION,a7af4561130111ddad71001e378839ac,TAMAPPLICATION,,,,ADMIN,ADMIN,ADMIN
0,92e06929480211df8c200026b9bf6441,2010-04-14T16:16:15,,2010-04-14T16:16:15,0,-1,1899-12-30T00:00:00,0,,,7f1256da219511df9556001de065480b,TAMAPPLICATION,a7af4561130111ddad71001e378839ac,TAMAPPLICATION,,,,ADMIN,ADMIN,ADMIN
0,92e0692a480211df8c200026b9bf6441,2010-04-14T16:16:15,,2010-04-14T16:16:15,0,-1,1899-12-30T00:00:00,0,,,6dfdbe16219511df9556001de065480b,TAMAPPLICATION,a7af4561130111ddad71001e378839ac,TAMAPPLICATION,,,,ADMIN,ADMIN,ADMIN
0,92e0692b480211df8c200026b9bf6441,2010-04-14T16:16:15,,2010-04-14T16:16:15,0,-1,1899-12-30T00:00:00,0,,,65d5321e219511df9556001de065480b,TAMAPPLICATION,a7af4561130111ddad71001e378839ac,TAMAPPLICATION,,,,ADMIN,ADMIN,ADMIN
0,92e0692c480211df8c200026b9bf6441,2010-04-14T16:16:15,,2010-04-14T16:16:15,0,-1,1899-12-30T00:00:00,0,,,52af4f4e219511df9556001de065480b,TAMAPPLICATION,a7af4561130111ddad71001e378839ac,TAMAPPLICATION,,,,ADMIN,ADMIN,ADMIN
0,92e0692d480211df8c200026b9bf6441,2010-04-14T16:16:15,,2010-04-14T16:16:15,0,-1,1899-12-30T00:00:00,0,,,1f73e75c219511df9556001de065480b,TAMAPPLICATION,a7af4561130111ddad71001e378839ac,TAMAPPLICATION,,,,ADMIN,ADMIN,ADMIN
0,92e0692e480211df8c200026b9bf6441,2010-04-14T16:16:15,,2010-04-14T16:16:15,0,-1,1899-12-30T00:00:00,0,,,18329f7e219511df9556001de065480b,TAMAPPLICATION,a7af4561130111ddad71001e378839ac,TAMAPPLICATION,,,,ADMIN,ADMIN,ADMIN
0,92e0692f480211df8c200026b9bf6441,2010-04-14T16:16:15,,2010-04-14T16:16:15,0,-1,1899-12-30T00:00:00,0,,,0a65427a219511df9556001de065480b,TAMAPPLICATION,a7af4561130111ddad71001e378839ac,TAMAPPLICATION,,,,ADMIN,ADMIN,ADMIN
0,92e06930480211df8c200026b9bf6441,2010-04-14T16:16:15,,2010-04-14T16:16:15,0,-1,1899-12-30T00:00:00,0,,,e5ef2c1c219411df9556001de065480b,TAMAPPLICATION,a7af4561130111ddad71001e378839ac,TAMAPPLICATION,,,,ADMIN,ADMIN,ADMIN
0,92e06931480211df8c200026b9bf6441,2010-04-14T16:16:15,,2010-04-14T16:16:15,0,-1,1899-12-30T00:00:00,0,,,f8044358219211df9556001de065480b,TAMAPPLICATION,a7af4561130111ddad71001e378839ac,TAMAPPLICATION,,,,ADMIN,ADMIN,ADMIN
0,92e06932480211df8c200026b9bf6441,2010-04-14T16:16:15,,2010-04-14T16:16:15,0,-1,1899-12-30T00:00:00,0,,,e6951138219211df9556001de065480b,TAMAPPLICATION,a7af4561130111ddad71001e378839ac,TAMAPPLICATION,,,,ADMIN,ADMIN,ADMIN
0,92e06933480211df8c200026b9bf6441,2010-04-14T16:16:15,,2010-04-14T16:16:15,0,-1,1899-12-30T00:00:00,0,,,d92bd6f8219211df9556001de065480b,TAMAPPLICATION,a7af4561130111ddad71001e378839ac,TAMAPPLICATION,,,,ADMIN,ADMIN,ADMIN
0,92e06934480211df8c200026b9bf6441,2010-04-14T16:16:15,,2010-04-14T16:16:15,0,-1,1899-12-30T00:00:00,0,,,c4ea3c52219211df9556001de065480b,TAMAPPLICATION,a7af4561130111ddad71001e378839ac,TAMAPPLICATION,,,,ADMIN,ADMIN,ADMIN
0,94946624afb111e2a7350026b9bf6441,2013-04-27T21:13:11,,2013-04-27T21:13:11,0,-1,1899-12-30T00:00:00,0,,,2fc015d0696c11e1a5f7002564cb911c,TAMAPPLICATION,ff063a2a696b11e1a5f7002564cb911c,TAMAPPLICATION,8,8,8,,,
0,94946625afb111e2a7350026b9bf6441,2013-04-27T21:13:11,,2013-04-27T21:13:11,0,-1,1899-12-30T00:00:00,0,,,371c16cf699b11e1a5f7002564cb911c,TAMAPPLICATION,ff063a2a696b11e1a5f7002564cb911c,TAMAPPLICATION,8,8,8,,,
0,94946626afb111e2a7350026b9bf6441,2013-04-27T21:13:11,,2013-04-27T21:13:11,0,-1,1899-12-30T00:00:00,0,,,110ac948699c11e1a5f7002564cb911c,TAMAPPLICATION,ff063a2a696b11e1a5f7002564cb911c,TAMAPPLICATION,8,8,8,,,
0,94da2f43b0ae11e2a792002590713bc0,2013-04-29T03:24:25,,2013-04-29T03:24:25,0,0,1899-12-30T00:00:00,0,,,de64fad8219611df9556001de065480b,TAMAPPLICATION,f3c42fee219511df9556001de065480b,TAMAPPLICATION,6,6,6,,,
0,94da2f45b0ae11e2a792002590713bc0,2013-04-29T03:24:26,,2013-04-29T03:24:26,0,0,1899-12-30T00:00:00,0,,,eb43ecb4219611df9556001de065480b,TAMAPPLICATION,f3c42fee219511df9556001de065480b,TAMAPPLICATION,6,6,6,,,
0,94da2f47b0ae11e2a792002590713bc0,2013-04-29T03:24:27,,2013-04-29T03:24:27,0,0,1899-12-30T00:00:00,0,,,f55ec426219611df9556001de065480b,TAMAPPLICATION,f3c42fee219511df9556001de065480b,TAMAPPLICATION,6,6,6,,,
0,94da2f49b0ae11e2a792002590713bc0,2013-04-29T03:24:28,,2013-04-29T03:24:28,0,0,1899-12-30T00:00:00,0,,,f55ec427219611df9556001de065480b,TAMAPPLICATION,f3c42fee219511df9556001de065480b,TAMAPPLICATION,6,6,6,,,
0,94da2f4bb0ae11e2a792002590713bc0,2013-04-29T03:24:30,,2013-04-29T03:24:30,0,0,1899-12-30T00:00:00,0,,,028ec5f6219711df9556001de065480b,TAMAPPLICATION,f3c42fee219511df9556001de065480b,TAMAPPLICATION,6,6,6,,,
0,9b4021a625a711dc87cd00059a3c7800,2007-06-28T13:44:39,,2007-06-28T13:44:39,0,0,1899-12-30T00:00:00,0,,,9a5abd7f02ff11dc878f00059a3c7800,TAMAPPLICATION,2eda2ea002fe11dc878f00059a3c7800,TAMAPPLICATION,,,,ADMIN,ADMIN,ADMIN
0,9b4021ae25a711dc87cd00059a3c7800,2007-06-28T13:44:40,,2007-06-28T13:44:40,0,0,1899-12-30T00:00:00,0,,,6c27e7370fbe11dc87b800059a3c7800,TAMAPPLICATION,474fb24d0fbe11dc87b800059a3c7800,TAMAPPLICATION,,,,ADMIN,ADMIN,ADMIN
0,9e103f5d8ecd11e5bf18002590713bc0,2015-11-19T08:55:49,,2015-11-19T08:55:49,0,0,1899-12-30T00:00:00,0,,,851c1a308ecd11e5bf18002590713bc0,TAMAPPLICATION,f5528d728ecb11e5bf18002590713bc0,TAMAPPLICATION,8,8,8,,,
0,9e103f5e8ecd11e5bf18002590713bc0,2015-11-19T08:55:51,,2015-11-19T08:55:51,0,0,1899-12-30T00:00:00,0,,,932c85598ecd11e5bf18002590713bc0,TAMAPPLICATION,f5528d728ecb11e5bf18002590713bc0,TAMAPPLICATION,8,8,8,,,
0,9f77d18f16da11e2b75d002564cb911c,2012-10-15T09:11:39,,2012-10-15T09:11:39,0,0,1899-12-30T00:00:00,0,,,e6e18187146311e28835f04da23a38c8,TAMAPPLICATION,e1ba9d0539d811db9075004096a6c0fb,TAMAPPLICATION,8,8,8,,,
0,9f77d19016da11e2b75d002564cb911c,2012-10-15T09:11:40,,2012-10-15T09:11:40,0,0,1899-12-30T00:00:00,0,,,007baeef146411e28835f04da23a38c8,TAMAPPLICATION,e1ba9d0539d811db9075004096a6c0fb,TAMAPPLICATION,8,8,8,,,
0,9f77d19116da11e2b75d002564cb911c,2012-10-15T09:11:40,,2012-10-15T09:11:40,0,0,1899-12-30T00:00:00,0,,,08062ee3146411e28835f04da23a38c8,TAMAPPLICATION,e1ba9d0539d811db9075004096a6c0fb,TAMAPPLICATION,8,8,8,,,
0,9f77d19216da11e2b75d002564cb911c,2012-10-15T09:11:41,,2012-10-15T09:11:41,0,0,1899-12-30T00:00:00,0,,,0f3ac565146411e28835f04da23a38c8,TAMAPPLICATION,e1ba9d0539d811db9075004096a6c0fb,TAMAPPLICATION,8,8,8,,,
0,9f77d19316da11e2b75d002564cb911c,2012-10-15T09:11:42,,2012-10-15T09:11:42,0,0,1899-12-30T00:00:00,0,,,17ab3be8146411e28835f04da23a38c8,TAMAPPLICATION,e1ba9d0539d811db9075004096a6c0fb,TAMAPPLICATION,8,8,8,,,
0,a1829a1825a711dc87cd00059a3c7800,2007-06-28T13:44:52,,2007-06-28T13:44:52,0,0,1899-12-30T00:00:00,0,,,5c2004ff817a11db9401000e3573f0d3,TAMAPPLICATION,e1ba9d0039d811db9075004096a6c0fb,TAMAPPLICATION,,,,ADMIN,ADMIN,ADMIN
0,a1829a1925a711dc87cd00059a3c7800,2007-06-28T13:44:52,,2007-06-28T13:44:52,0,0,1899-12-30T00:00:00,0,,,5c200505817a11db9401000e3573f0d3,TAMAPPLICATION,e1ba9d0039d811db9075004096a6c0fb,TAMAPPLICATION,,,,ADMIN,ADMIN,ADMIN
0,a1829a1a25a711dc87cd00059a3c7800,2007-06-28T13:44:52,,2007-06-28T13:44:52,0,0,1899-12-30T00:00:00,0,,,5418c1cf817a11db9401000e3573f0d3,TAMAPPLICATION,e1ba9d0039d811db9075004096a6c0fb,TAMAPPLICATION,,,,ADMIN,ADMIN,ADMIN
0,a2db3cebafab11e2a7350026b9bf6441,2013-04-27T20:30:38,,2013-04-27T20:30:38,0,-1,1899-12-30T00:00:00,0,,,b1670aa6699e11e1a5f7002564cb911c,TAMAPPLICATION,98c641d1699c11e1a5f7002564cb911c,TAMAPPLICATION,8,8,8,,,
0,a373dda9b0af11e2a792002590713bc0,2013-04-29T03:31:59,,2013-04-29T03:31:59,0,0,1899-12-30T00:00:00,0,,,a1299908306411df955c001de065480b,TAMAPPLICATION,1699ae7c306411df955c001de065480b,TAMAPPLICATION,6,6,6,,,
0,a373ddabb0af11e2a792002590713bc0,2013-04-29T03:32:00,,2013-04-29T03:32:00,0,0,1899-12-30T00:00:00,0,,,d98dd7be306411df955c001de065480b,TAMAPPLICATION,1699ae7c306411df955c001de065480b,TAMAPPLICATION,6,6,6,,,
0,a373ddadb0af11e2a792002590713bc0,2013-04-29T03:32:01,,2013-04-29T03:32:01,0,0,1899-12-30T00:00:00,0,,,3e6cf584306511df955c001de065480b,TAMAPPLICATION,1699ae7c306411df955c001de065480b,TAMAPPLICATION,6,6,6,,,
0,a373ddafb0af11e2a792002590713bc0,2013-04-29T03:32:02,,2013-04-29T03:32:02,0,0,1899-12-30T00:00:00,0,,,5fac00d8306411df955c001de065480b,TAMAPPLICATION,1699ae7c306411df955c001de065480b,TAMAPPLICATION,6,6,6,,,
0,ae3e1f9065d211e980e1000d3a02ed0d,2019-04-23T14:18:36,,2019-04-23T14:18:36,0,0,1899-12-30T00:00:00,0,,,35ace5130eeb11dc87b800059a3c7800,TAMAPPLICATION,44cf8fd0166e11ddad71001e378839ac,TAMAPPLICATION,,,,ATALMOR,ATALMOR,ATALMOR
0,b1085ec7b09e11e2a792002590713bc0,2013-04-29T01:30:41,,2013-04-29T01:30:41,0,0,1899-12-30T00:00:00,0,,,929289c964b911e1aa36002564cb911c,TAMAPPLICATION,e1ba9d1039d811db9075004096a6c0fb,TAMAPPLICATION,6,6,6,,,
0,b153d37aafab11e2a7350026b9bf6441,2013-04-27T20:31:03,,2013-04-27T20:31:03,0,-1,1899-12-30T00:00:00,0,,,f79feb4667d711e1a5f7002564cb911c,TAMAPPLICATION,98c641d1699c11e1a5f7002564cb911c,TAMAPPLICATION,8,8,8,,,
0,b153d37bafab11e2a7350026b9bf6441,2013-04-27T20:31:11,,2013-04-27T20:31:11,0,-1,1899-12-30T00:00:00,0,,,17f537a967d811e1a5f7002564cb911c,TAMAPPLICATION,98c641d1699c11e1a5f7002564cb911c,TAMAPPLICATION,8,8,8,,,
0,b30986432b8911e397730220e3370c01,2013-10-02T11:40:12,,2013-10-02T11:40:12,0,0,1899-12-30T00:00:00,0,,,fcbbef9f2b7c11e3a792002590713bc0,TAMAPPLICATION,687dd08a0eeb11dc87b800059a3c7800,TAMAPPLICATION,8,8,8,,,
0,b38b3dda25a711dc87cd00059a3c7800,2007-06-28T13:45:16,,2007-06-28T13:45:16,0,0,1899-12-30T00:00:00,0,,,0ee3797e049611dc878f00059a3c7800,TAMAPPLICATION,2eda2ea002fe11dc878f00059a3c7800,TAMAPPLICATION,,,,ADMIN,ADMIN,ADMIN
0,b38b3df525a711dc87cd00059a3c7800,2007-06-28T13:45:21,,2007-06-28T13:45:21,0,0,1899-12-30T00:00:00,0,,,61f675820e1f11dc87b800059a3c7800,TAMAPPLICATION,e1ba9d1039d811db9075004096a6c0fb,TAMAPPLICATION,,,,ADMIN,ADMIN,ADMIN
0,b38b3df625a711dc87cd00059a3c7800,2007-06-28T13:45:21,,2007-06-28T13:45:21,0,0,1899-12-30T00:00:00,0,,,bd3b548a0e1f11dc87b800059a3c7800,TAMAPPLICATION,e1ba9d1039d811db9075004096a6c0fb,TAMAPPLICATION,,,,ADMIN,ADMIN,ADMIN
0,b3987319b0a111e2a792002590713bc0,2013-04-29T01:52:14,,2013-04-29T01:52:14,0,0,1899-12-30T00:00:00,0,,,6583c21767c411e1a5f7002564cb911c,TAMAPPLICATION,f634f57267c211e1a5f7002564cb911c,TAMAPPLICATION,6,6,6,,,
0,b398731bb0a111e2a792002590713bc0,2013-04-29T01:52:14,,2013-04-29T01:52:14,0,0,1899-12-30T00:00:00,0,,,5c3a267767c411e1a5f7002564cb911c,TAMAPPLICATION,f634f57267c211e1a5f7002564cb911c,TAMAPPLICATION,6,6,6,,,
0,b98fb63c25a711dc87cd00059a3c7800,2007-06-28T13:45:29,,2007-06-28T13:45:29,0,0,1899-12-30T00:00:00,0,,,76cac3ed0fbe11dc87b800059a3c7800,TAMAPPLICATION,474fb24d0fbe11dc87b800059a3c7800,TAMAPPLICATION,,,,ADMIN,ADMIN,ADMIN
0,b98fb65425a711dc87cd00059a3c7800,2007-06-28T13:45:33,,2007-06-28T13:45:33,0,0,1899-12-30T00:00:00,0,,,f1548fd71e8611dc87c600059a3c7800,TAMAPPLICATION,75d6421f1e8611dc87c600059a3c7800,TAMAPPLICATION,,,,ADMIN,ADMIN,ADMIN
0,b98fb65525a711dc87cd00059a3c7800,2007-06-28T13:45:33,,2007-06-28T13:45:33,0,0,1899-12-30T00:00:00,0,,,e8d62f381e8611dc87c600059a3c7800,TAMAPPLICATION,75d6421f1e8611dc87c600059a3c7800,TAMAPPLICATION,,,,ADMIN,ADMIN,ADMIN
0,bbbd6f622b8911e397730220e3370c01,2013-10-02T11:40:26,,2013-10-02T11:40:26,0,0,1899-12-30T00:00:00,0,,,2918b4db2b7d11e3a792002590713bc0,TAMAPPLICATION,687dd08a0eeb11dc87b800059a3c7800,TAMAPPLICATION,8,8,8,,,
0,bf04b1c6b0ad11e2a792002590713bc0,2013-04-29T03:18:27,,2013-04-29T03:18:27,0,0,1899-12-30T00:00:00,0,,,486bea11166611ddad71001e378839ac,TAMAPPLICATION,3ecb6680163811ddad71001e378839ac,TAMAPPLICATION,6,6,6,,,
0,bf04b1c8b0ad11e2a792002590713bc0,2013-04-29T03:18:28,,2013-04-29T03:18:28,0,0,1899-12-30T00:00:00,0,,,e241006d0ee311dc87b800059a3c7800,TAMAPPLICATION,3ecb6680163811ddad71001e378839ac,TAMAPPLICATION,6,6,6,,,
0,bf04b1cab0ad11e2a792002590713bc0,2013-04-29T03:18:28,,2013-04-29T03:18:28,0,0,1899-12-30T00:00:00,0,,,41fbc71d0ee411dc87b800059a3c7800,TAMAPPLICATION,3ecb6680163811ddad71001e378839ac,TAMAPPLICATION,6,6,6,,,
0,bf04b1ccb0ad11e2a792002590713bc0,2013-04-29T03:18:29,,2013-04-29T03:18:29,0,0,1899-12-30T00:00:00,0,,,5ff4205d0ee411dc87b800059a3c7800,TAMAPPLICATION,3ecb6680163811ddad71001e378839ac,TAMAPPLICATION,6,6,6,,,
0,bf04b1ceb0ad11e2a792002590713bc0,2013-04-29T03:18:30,,2013-04-29T03:18:30,0,0,1899-12-30T00:00:00,0,,,a6aa9d810ee411dc87b800059a3c7800,TAMAPPLICATION,3ecb6680163811ddad71001e378839ac,TAMAPPLICATION,6,6,6,,,
0,bfb590e525a711dc87cd00059a3c7800,2007-06-28T13:45:35,,2007-06-28T13:45:35,0,0,1899-12-30T00:00:00,0,,,f7b0740b1b3211dc87c600059a3c7800,TAMAPPLICATION,b338a3150edf11dc87b800059a3c7800,TAMAPPLICATION,,,,ADMIN,ADMIN,ADMIN
0,bfb590e625a711dc87cd00059a3c7800,2007-06-28T13:45:35,,2007-06-28T13:45:35,0,0,1899-12-30T00:00:00,0,,,b6c91b8b1b3211dc87c600059a3c7800,TAMAPPLICATION,b338a3150edf11dc87b800059a3c7800,TAMAPPLICATION,,,,ADMIN,ADMIN,ADMIN
0,bfb590e725a711dc87cd00059a3c7800,2007-06-28T13:45:35,,2007-06-28T13:45:35,0,0,1899-12-30T00:00:00,0,,,459fbe9b1b3311dc87c600059a3c7800,TAMAPPLICATION,b338a3150edf11dc87b800059a3c7800,TAMAPPLICATION,,,,ADMIN,ADMIN,ADMIN
0,bfb590e825a711dc87cd00059a3c7800,2007-06-28T13:45:35,,2007-06-28T13:45:35,0,0,1899-12-30T00:00:00,0,,,52cdd7ab1b3311dc87c600059a3c7800,TAMAPPLICATION,b338a3150edf11dc87b800059a3c7800,TAMAPPLICATION,,,,ADMIN,ADMIN,ADMIN
0,bfb590f725a711dc87cd00059a3c7800,2007-06-28T13:45:37,,2007-06-28T13:45:37,0,0,1899-12-30T00:00:00,0,,,b338a3150edf11dc87b800059a3c7800,TAMAPPLICATION,413ab8390edf11dc87b800059a3c7800,TAMAPPLICATION,,,,ADMIN,ADMIN,ADMIN
0,bfb590fc25a711dc87cd00059a3c7800,2007-06-28T13:45:38,,2007-06-28T13:45:38,0,0,1899-12-30T00:00:00,0,,,4fd45d2a1b3811dc87c600059a3c7800,TAMAPPLICATION,413ab8390edf11dc87b800059a3c7800,TAMAPPLICATION,,,,ADMIN,ADMIN,ADMIN
0,bfb5911825a711dc87cd00059a3c7800,2007-06-28T13:45:42,,2007-06-28T13:45:42,0,0,1899-12-30T00:00:00,0,,,fdc852891b3811dc87c600059a3c7800,TAMAPPLICATION,4fd45d2a1b3811dc87c600059a3c7800,TAMAPPLICATION,,,,ADMIN,ADMIN,ADMIN
0,c065655fa5eb11e2aea95c260a653b0e,2013-04-15T10:44:17,,2013-04-15T10:44:17,0,0,1899-12-30T00:00:00,0,,,7bb3561fa5eb11e2aea95c260a653b0e,TAMAPPLICATION,d3f9be3fa5e711e2aea95c260a653b0e,TAMAPPLICATION,,,,DFREED,DFREED,DFREED
0,c0656560a5eb11e2aea95c260a653b0e,2013-04-15T10:44:18,,2013-04-15T10:44:18,0,0,1899-12-30T00:00:00,0,,,8672cd1fa5eb11e2aea95c260a653b0e,TAMAPPLICATION,d3f9be3fa5e711e2aea95c260a653b0e,TAMAPPLICATION,,,,DFREED,DFREED,DFREED
0,c0656561a5eb11e2aea95c260a653b0e,2013-04-15T10:44:18,,2013-04-15T10:44:18,0,0,1899-12-30T00:00:00,0,,,9147eeffa5eb11e2aea95c260a653b0e,TAMAPPLICATION,d3f9be3fa5e711e2aea95c260a653b0e,TAMAPPLICATION,,,,DFREED,DFREED,DFREED
0,c888ef22789811e880d7000d3a02ed0d,2018-06-25T16:57:04,,2018-06-25T16:57:04,0,0,1899-12-30T00:00:00,0,,,44952268789811e880d7000d3a02ed0d,TAMAPPLICATION,b3b00783153911ddad71001e378839ac,TAMAPPLICATION,,,,ATALMOR,ATALMOR,ATALMOR
0,d1440afb670311e1aa36002564cb911c,2012-03-05T15:43:10,,2012-03-05T15:43:10,0,-1,1899-12-30T00:00:00,0,,,52213e2d670011e1aa36002564cb911c,TAMAPPLICATION,929289c964b911e1aa36002564cb911c,TAMAPPLICATION,,,,ADMIN,ADMIN,ADMIN
0,d1440afc670311e1aa36002564cb911c,2012-03-05T15:43:10,,2012-03-05T15:43:10,0,-1,1899-12-30T00:00:00,0,,,48978b5c670011e1aa36002564cb911c,TAMAPPLICATION,929289c964b911e1aa36002564cb911c,TAMAPPLICATION,,,,ADMIN,ADMIN,ADMIN
0,d1440afd670311e1aa36002564cb911c,2012-03-05T15:43:10,,2012-03-05T15:43:10,0,-1,1899-12-30T00:00:00,0,,,aaa7162566ff11e1aa36002564cb911c,TAMAPPLICATION,929289c964b911e1aa36002564cb911c,TAMAPPLICATION,,,,ADMIN,ADMIN,ADMIN
0,d16d54e3afaa11e2a7350026b9bf6441,2013-04-27T20:24:46,,2013-04-27T20:24:46,0,0,1899-12-30T00:00:00,0,,,cde548f2699911e1a5f7002564cb911c,TAMAPPLICATION,1c395440693b11e1a5f7002564cb911c,TAMAPPLICATION,8,8,8,,,
0,d284141d16f711e2b75d002564cb911c,2012-10-15T12:40:39,,2012-10-15T12:40:39,0,0,1899-12-30T00:00:00,0,,,5a982b3412d211e29cfff04da23a38c8,TAMAPPLICATION,e1ba9d1939d811db9075004096a6c0fb,TAMAPPLICATION,8,8,8,,,
0,d284141e16f711e2b75d002564cb911c,2012-10-15T12:40:44,,2012-10-15T12:40:44,0,0,1899-12-30T00:00:00,0,,,172f9a4012d311e29cfff04da23a38c8,TAMAPPLICATION,e1ba9d1939d811db9075004096a6c0fb,TAMAPPLICATION,8,8,8,,,
0,d89b017016f711e2b75d002564cb911c,2012-10-15T12:40:50,,2012-10-15T12:40:50,0,0,1899-12-30T00:00:00,0,,,205fba1112d311e29cfff04da23a38c8,TAMAPPLICATION,e1ba9d1939d811db9075004096a6c0fb,TAMAPPLICATION,8,8,8,,,
0,d89b017116f711e2b75d002564cb911c,2012-10-15T12:40:55,,2012-10-15T12:40:55,0,0,1899-12-30T00:00:00,0,,,278fe3b312d311e29cfff04da23a38c8,TAMAPPLICATION,e1ba9d1939d811db9075004096a6c0fb,TAMAPPLICATION,8,8,8,,,
0,d96bb6cc2ba011e397730220e3370c01,2013-10-02T14:25:54,,2013-10-02T14:25:54,0,0,1899-12-30T00:00:00,0,,,6c29aab32b9a11e397730220e3370c01,TAMAPPLICATION,413ab8390edf11dc87b800059a3c7800,TAMAPPLICATION,8,8,8,,,
0,da50be8fb09d11e2a792002590713bc0,2013-04-29T01:24:41,,2013-04-29T01:24:41,0,0,1899-12-30T00:00:00,0,,,44cf8fd1166e11ddad71001e378839ac,TAMAPPLICATION,44cf8fd0166e11ddad71001e378839ac,TAMAPPLICATION,6,6,6,,,
0,da50be91b09d11e2a792002590713bc0,2013-04-29T01:24:41,,2013-04-29T01:24:41,0,0,1899-12-30T00:00:00,0,,,687dd08a0eeb11dc87b800059a3c7800,TAMAPPLICATION,44cf8fd0166e11ddad71001e378839ac,TAMAPPLICATION,6,6,6,,,
0,db03b57b2db711e6bf18002590713bc0,2016-06-08T14:30:37,,2016-06-08T14:30:37,0,0,1899-12-30T00:00:00,0,,,cb0875bd275011e6bf18002590713bc0,TAMAPPLICATION,324578e10edf11dc87b800059a3c7800,TAMAPPLICATION,32,32,32,,,
0,db03b57e2db711e6bf18002590713bc0,2016-06-08T14:30:37,,2016-06-08T14:30:37,0,0,1899-12-30T00:00:00,0,,,cb0875bf275011e6bf18002590713bc0,TAMAPPLICATION,324578e10edf11dc87b800059a3c7800,TAMAPPLICATION,32,32,32,,,
0,db03b5812db711e6bf18002590713bc0,2016-06-08T14:30:38,,2016-06-08T14:30:38,0,0,1899-12-30T00:00:00,0,,,cb0875c1275011e6bf18002590713bc0,TAMAPPLICATION,324578e10edf11dc87b800059a3c7800,TAMAPPLICATION,32,32,32,,,
0,db03b5842db711e6bf18002590713bc0,2016-06-08T14:30:38,,2016-06-08T14:30:38,0,0,1899-12-30T00:00:00,0,,,cb0875c3275011e6bf18002590713bc0,TAMAPPLICATION,324578e10edf11dc87b800059a3c7800,TAMAPPLICATION,32,32,32,,,
0,db03b58a2db711e6bf18002590713bc0,2016-06-08T14:30:39,,2016-06-08T14:30:39,0,0,1899-12-30T00:00:00,0,,,cb0875c5275011e6bf18002590713bc0,TAMAPPLICATION,cb0875c3275011e6bf18002590713bc0,TAMAPPLICATION,32,32,32,,,
0,db03b58d2db711e6bf18002590713bc0,2016-06-08T14:30:39,,2016-06-08T14:30:39,0,0,1899-12-30T00:00:00,0,,,cb0875c7275011e6bf18002590713bc0,TAMAPPLICATION,cb0875c3275011e6bf18002590713bc0,TAMAPPLICATION,32,32,32,,,
0,db03b5902db711e6bf18002590713bc0,2016-06-08T14:30:40,,2016-06-08T14:30:40,0,0,1899-12-30T00:00:00,0,,,cb0875c9275011e6bf18002590713bc0,TAMAPPLICATION,cb0875c3275011e6bf18002590713bc0,TAMAPPLICATION,32,32,32,,,
0,df29df91afb211e2a7350026b9bf6441,2013-04-27T21:22:25,,2013-04-27T21:22:25,0,0,1899-12-30T00:00:00,0,,,3f7edd9e699311e1a5f7002564cb911c,TAMAPPLICATION,62547c07699211e1a5f7002564cb911c,TAMAPPLICATION,8,8,8,,,
0,df42631ea83b11e2be8ef04da23a38c8,2013-04-18T09:22:39,,2013-04-18T09:22:39,0,0,1899-12-30T00:00:00,0,,,b18feb23a7a811e2a0d5f04da23a38c8,TAMAPPLICATION,e1ba9d0639d811db9075004096a6c0fb,TAMAPPLICATION,,,,DFREED,DFREED,DFREED
0,df42631fa83b11e2be8ef04da23a38c8,2013-04-18T09:22:39,,2013-04-18T09:22:39,0,0,1899-12-30T00:00:00,0,,,b8dff94ca7a811e2a0d5f04da23a38c8,TAMAPPLICATION,e1ba9d0639d811db9075004096a6c0fb,TAMAPPLICATION,,,,DFREED,DFREED,DFREED
0,df426320a83b11e2be8ef04da23a38c8,2013-04-18T09:22:40,,2013-04-18T09:22:40,0,0,1899-12-30T00:00:00,0,,,ca899071a7a811e2a0d5f04da23a38c8,TAMAPPLICATION,e1ba9d0639d811db9075004096a6c0fb,TAMAPPLICATION,,,,DFREED,DFREED,DFREED
0,df426321a83b11e2be8ef04da23a38c8,2013-04-18T09:22:40,,2013-04-18T09:22:40,0,0,1899-12-30T00:00:00,0,,,3a12adeaa82e11e2be8ef04da23a38c8,TAMAPPLICATION,e1ba9d0639d811db9075004096a6c0fb,TAMAPPLICATION,,,,DFREED,DFREED,DFREED
0,e50252922ba711e397730220e3370c01,2013-10-02T15:16:20,,2013-10-02T15:16:20,0,0,1899-12-30T00:00:00,0,,,07f0aec9827111dc887d00059a3c7800,TAMAPPLICATION,6c29aab32b9a11e397730220e3370c01,TAMAPPLICATION,8,8,8,,,
0,e5563614afaa11e2a7350026b9bf6441,2013-04-27T20:25:20,,2013-04-27T20:25:20,0,0,1899-12-30T00:00:00,0,,,cde548f3699911e1a5f7002564cb911c,TAMAPPLICATION,1c395440693b11e1a5f7002564cb911c,TAMAPPLICATION,8,8,8,,,
0,e5563615afaa11e2a7350026b9bf6441,2013-04-27T20:25:27,,2013-04-27T20:25:27,0,0,1899-12-30T00:00:00,0,,,d80598a7699911e1a5f7002564cb911c,TAMAPPLICATION,1c395440693b11e1a5f7002564cb911c,TAMAPPLICATION,8,8,8,,,
0,e559ed1da5ef11e6bf18002590713bc0,2016-11-08T14:14:06,,2016-11-08T14:14:06,0,0,1899-12-30T00:00:00,0,,,b3e65c5ca4c811e6bf18002590713bc0,TAMAPPLICATION,b3e65c56a4c811e6bf18002590713bc0,TAMAPPLICATION,32,32,32,,,
0,e559ed1ea5ef11e6bf18002590713bc0,2016-11-08T14:14:06,,2016-11-08T14:14:06,0,0,1899-12-30T00:00:00,0,,,b3e65c5ca4c811e6bf18002590713bc0,TAMAPPLICATION,b3e65c5ca4c811e6bf18002590713bc0,TAMAPPLICATION,32,32,32,,,
0,e559ed24a5ef11e6bf18002590713bc0,2016-11-08T14:14:07,,2016-11-08T14:14:07,0,0,1899-12-30T00:00:00,0,,,b3e65c5da4c811e6bf18002590713bc0,TAMAPPLICATION,b3e65c56a4c811e6bf18002590713bc0,TAMAPPLICATION,32,32,32,,,
0,e559ed27a5ef11e6bf18002590713bc0,2016-11-08T14:14:07,,2016-11-08T14:14:07,0,0,1899-12-30T00:00:00,0,,,b3e65c5ea4c811e6bf18002590713bc0,TAMAPPLICATION,b3e65c56a4c811e6bf18002590713bc0,TAMAPPLICATION,32,32,32,,,
0,e559ed2aa5ef11e6bf18002590713bc0,2016-11-08T14:14:08,,2016-11-08T14:14:08,0,0,1899-12-30T00:00:00,0,,,b3e65c5fa4c811e6bf18002590713bc0,TAMAPPLICATION,b3e65c56a4c811e6bf18002590713bc0,TAMAPPLICATION,32,32,32,,,
0,e567602ab0ae11e2a792002590713bc0,2013-04-29T03:26:47,,2013-04-29T03:26:47,0,0,1899-12-30T00:00:00,0,,,a3123724219711df9556001de065480b,TAMAPPLICATION,54b5ad18219711df9556001de065480b,TAMAPPLICATION,6,6,6,,,
0,e567602cb0ae11e2a792002590713bc0,2013-04-29T03:26:48,,2013-04-29T03:26:48,0,0,1899-12-30T00:00:00,0,,,94d72df4219711df9556001de065480b,TAMAPPLICATION,54b5ad18219711df9556001de065480b,TAMAPPLICATION,6,6,6,,,
0,e567602eb0ae11e2a792002590713bc0,2013-04-29T03:26:49,,2013-04-29T03:26:49,0,0,1899-12-30T00:00:00,0,,,b41fa8da219711df9556001de065480b,TAMAPPLICATION,54b5ad18219711df9556001de065480b,TAMAPPLICATION,6,6,6,,,
0,e5676030b0ae11e2a792002590713bc0,2013-04-29T03:26:50,,2013-04-29T03:26:50,0,0,1899-12-30T00:00:00,0,,,d4d74de4219711df9556001de065480b,TAMAPPLICATION,54b5ad18219711df9556001de065480b,TAMAPPLICATION,6,6,6,,,
0,e5676032b0ae11e2a792002590713bc0,2013-04-29T03:26:50,,2013-04-29T03:26:50,0,0,1899-12-30T00:00:00,0,,,89309026219711df9556001de065480b,TAMAPPLICATION,54b5ad18219711df9556001de065480b,TAMAPPLICATION,6,6,6,,,
0,e73fe5e08c8311e5bf18002590713bc0,2015-11-16T11:03:06,,2015-11-16T11:03:06,0,-1,1899-12-30T00:00:00,0,,,87fa3a7d192911dc87c400059a3c7800,TAMAPPLICATION,529840ec192811dc87c400059a3c7800,TAMAPPLICATION,8,8,8,,,
0,e73fe5e18c8311e5bf18002590713bc0,2015-11-16T11:03:06,,2015-11-16T11:03:06,0,-1,1899-12-30T00:00:00,0,,,87fa3a7d192911dc87c400059a3c7800,TAMAPPLICATION,44cf8fd0166e11ddad71001e378839ac,TAMAPPLICATION,8,8,8,,,
0,e848e821afb211e2a7350026b9bf6441,2013-04-27T21:22:41,,2013-04-27T21:22:41,0,0,1899-12-30T00:00:00,0,,,46c48b60699311e1a5f7002564cb911c,TAMAPPLICATION,62547c07699211e1a5f7002564cb911c,TAMAPPLICATION,8,8,8,,,
0,e848e822afb211e2a7350026b9bf6441,2013-04-27T21:22:50,,2013-04-27T21:22:50,0,0,1899-12-30T00:00:00,0,,,4d026236699311e1a5f7002564cb911c,TAMAPPLICATION,62547c07699211e1a5f7002564cb911c,TAMAPPLICATION,8,8,8,,,
0,e8ba706b2e3111eb80f9000d3a02ed0d,2020-11-24T08:49:07,,2020-11-24T08:49:07,0,0,1899-12-30T00:00:00,0,,,e8ba70722e3111eb80f9000d3a02ed0d,TAMAPPLICATION,eee68cf2a19411ea80f0000d3a02ed0d,TAMAPPLICATION,,,,ATALMOR,ATALMOR,ATALMOR
0,eb7ee1032ba711e397730220e3370c01,2013-10-02T15:16:31,,2013-10-02T15:16:31,0,0,1899-12-30T00:00:00,0,,,3ecb6680163811ddad71001e378839ac,TAMAPPLICATION,6c29aab32b9a11e397730220e3370c01,TAMAPPLICATION,8,8,8,,,
0,ebbecaa4b0ae11e2a792002590713bc0,2013-04-29T03:26:51,,2013-04-29T03:26:51,0,0,1899-12-30T00:00:00,0,,,c76bb14a219711df9556001de065480b,TAMAPPLICATION,54b5ad18219711df9556001de065480b,TAMAPPLICATION,6,6,6,,,
0,ec0959a616f711e2b75d002564cb911c,2012-10-15T12:41:22,,2012-10-15T12:41:22,0,0,1899-12-30T00:00:00,0,,,278fe3b412d311e29cfff04da23a38c8,TAMAPPLICATION,e1ba9d1939d811db9075004096a6c0fb,TAMAPPLICATION,8,8,8,,,
0,ec0959a716f711e2b75d002564cb911c,2012-10-15T12:41:28,,2012-10-15T12:41:28,0,0,1899-12-30T00:00:00,0,,,439f11f112d311e29cfff04da23a38c8,TAMAPPLICATION,e1ba9d1939d811db9075004096a6c0fb,TAMAPPLICATION,8,8,8,,,
0,ecfb4d33b0a911e2a792002590713bc0,2013-04-29T02:51:13,,2013-04-29T02:51:13,0,0,1899-12-30T00:00:00,0,,,3f521ae069da11dfa9310026b9bf6441,TAMAPPLICATION,a7af4562130111ddad71001e378839ac,TAMAPPLICATION,6,6,6,,,
0,efc165cfb09c11e2a792002590713bc0,2013-04-29T01:18:07,,2013-04-29T01:18:07,0,0,1899-12-30T00:00:00,0,,,e19f682667ad11e1a5f7002564cb911c,TAMAPPLICATION,1185072567ad11e1a5f7002564cb911c,TAMAPPLICATION,6,6,6,,,
0,f0e86ab4afaa11e2a7350026b9bf6441,2013-04-27T20:25:39,,2013-04-27T20:25:39,0,0,1899-12-30T00:00:00,0,,,02c2c61b699a11e1a5f7002564cb911c,TAMAPPLICATION,1c395440693b11e1a5f7002564cb911c,TAMAPPLICATION,8,8,8,,,
0,f0e86ab5afaa11e2a7350026b9bf6441,2013-04-27T20:25:48,,2013-04-27T20:25:48,0,0,1899-12-30T00:00:00,0,,,d80598a8699911e1a5f7002564cb911c,TAMAPPLICATION,1c395440693b11e1a5f7002564cb911c,TAMAPPLICATION,8,8,8,,,
0,f14e056bafab11e2a7350026b9bf6441,2013-04-27T20:32:50,,2013-04-27T20:32:50,0,-1,1899-12-30T00:00:00,0,,,d8a35a2d695711e1a5f7002564cb911c,TAMAPPLICATION,f55bb669695911e1a5f7002564cb911c,TAMAPPLICATION,8,8,8,,,
0,f244d6914e3311df874a0026b9bf6441,2010-04-22T13:24:47,,2010-04-22T13:24:47,0,-1,1899-12-30T00:00:00,0,,,b2b8f86e4e3311df874a0026b9bf6441,TAMAPPLICATION,24c2d9ef817811db9401000e3573f0d3,TAMAPPLICATION,,,,ADMIN,ADMIN,ADMIN
0,f244d6924e3311df874a0026b9bf6441,2010-04-22T13:24:47,,2010-04-22T13:24:47,0,-1,1899-12-30T00:00:00,0,,,98aaf8e44e3311df874a0026b9bf6441,TAMAPPLICATION,24c2d9ef817811db9401000e3573f0d3,TAMAPPLICATION,,,,ADMIN,ADMIN,ADMIN
0,f244d6934e3311df874a0026b9bf6441,2010-04-22T13:24:47,,2010-04-22T13:24:47,0,-1,1899-12-30T00:00:00,0,,,7b56c2c44e3311df874a0026b9bf6441,TAMAPPLICATION,24c2d9ef817811db9401000e3573f0d3,TAMAPPLICATION,,,,ADMIN,ADMIN,ADMIN
0,f244d6944e3311df874a0026b9bf6441,2010-04-22T13:24:47,,2010-04-22T13:24:47,0,-1,1899-12-30T00:00:00,0,,,ad4dbd544e3211df874a0026b9bf6441,TAMAPPLICATION,24c2d9ef817811db9401000e3573f0d3,TAMAPPLICATION,,,,ADMIN,ADMIN,ADMIN
0,f244d6954e3311df874a0026b9bf6441,2010-04-22T13:24:47,,2010-04-22T13:24:47,0,-1,1899-12-30T00:00:00,0,,,7f25e0d14e3211df874a0026b9bf6441,TAMAPPLICATION,24c2d9ef817811db9401000e3573f0d3,TAMAPPLICATION,,,,ADMIN,ADMIN,ADMIN
0,f244d6964e3311df874a0026b9bf6441,2010-04-22T13:24:47,,2010-04-22T13:24:47,0,-1,1899-12-30T00:00:00,0,,,a8c9e5294e2f11df874a0026b9bf6441,TAMAPPLICATION,24c2d9ef817811db9401000e3573f0d3,TAMAPPLICATION,,,,ADMIN,ADMIN,ADMIN
0,f3d96f0bafb211e2a7350026b9bf6441,2013-04-27T21:23:00,,2013-04-27T21:23:00,0,0,1899-12-30T00:00:00,0,,,5546bf03699311e1a5f7002564cb911c,TAMAPPLICATION,62547c07699211e1a5f7002564cb911c,TAMAPPLICATION,8,8,8,,,
0,f5550a1c1eb311e0b75a002564cb911c,2011-01-12T20:25:10,,2011-01-12T20:25:10,0,-1,1899-12-30T00:00:00,0,,,7e4738d81eb311e0b75a002564cb911c,TAMAPPLICATION,af2b09480ea611e0bc42002564cb911c,TAMAPPLICATION,,,,ADMIN,ADMIN,ADMIN
0,f5550a1d1eb311e0b75a002564cb911c,2011-01-12T20:25:10,,2011-01-12T20:25:10,0,-1,1899-12-30T00:00:00,0,,,46dc507d1eb311e0b75a002564cb911c,TAMAPPLICATION,af2b09480ea611e0bc42002564cb911c,TAMAPPLICATION,,,,ADMIN,ADMIN,ADMIN
0,f93cda5fa83b11e2be8ef04da23a38c8,2013-04-18T09:23:22,,2013-04-18T09:23:22,0,0,1899-12-30T00:00:00,0,,,c1d4bceea7a811e2a0d5f04da23a38c8,TAMAPPLICATION,e1ba9d0639d811db9075004096a6c0fb,TAMAPPLICATION,,,,DFREED,DFREED,DFREED
0,fb6ef162afab11e2a7350026b9bf6441,2013-04-27T20:33:07,,2013-04-27T20:33:07,0,-1,1899-12-30T00:00:00,0,,,e9177a0a695711e1a5f7002564cb911c,TAMAPPLICATION,f55bb669695911e1a5f7002564cb911c,TAMAPPLICATION,8,8,8,,,
0,fe0a60ceafb211e2a7350026b9bf6441,2013-04-27T21:23:17,,2013-04-27T21:23:17,0,0,1899-12-30T00:00:00,0,,,5cb0700c699311e1a5f7002564cb911c,TAMAPPLICATION,62547c07699211e1a5f7002564cb911c,TAMAPPLICATION,8,8,8,,,
