@TYPE,@WHENCREATED,@TEMPLATE,@ALLOWAUTOMATICDELETION,@VALIDATED,@WHENUPDATED,@DESCRIPTION,@DATEVALIDATED,@EXPORTFLAG,@NAME,@UNIQUEIDENTIFIER,RCABOVEOBJECT@UNIQUEIDENTIFIER,RCABOVEOBJECT@ANYOBJECTDESTINATION,RCBELOWOBJECT@UNIQUEIDENTIFIER,RCBELOWOBJECT@ANYOBJECTDESTINATION,RCWHOCREATEDTOUSER@UNIQUEIDENTIFIER,RCWHOOWNSTOUSER@UNIQUEIDENTIFIER,RCWHOUPDATEDTOUSER@UNIQUEIDENTIFIER
0adfe937525611db908800059a3c7800,2009-05-26T14:04:14,0,0,0,2009-05-28T14:45:17,,1899-12-30T00:00:00,0,,005dc2204a2811de8686002170a82a63,e1ba9d0539d811db9075004096a6c0fb,TAMAPPLICATION,76001888cb2b11db9435000e3573f0d3,ETOMPROCESS,ADMIN,ADMIN,ADMIN
,2009-05-26T15:37:36,0,0,0,2009-05-26T15:37:36,,1899-12-30T00:00:00,0,,0bb228184a3511de8686002170a82a63,e1ba9d0639d811db9075004096a6c0fb,TAMAPPLICATION,7001e850cb2b11db9435000e3573f0d3,ETOMPROCESS,ADMIN,ADMIN,ADMIN
0adfe936525611db908800059a3c7800,2008-06-18T16:32:31,0,0,0,2008-06-18T16:32:31,,1899-12-30T00:00:00,0,,0e61e33c3d7e11dd89e90015c54ddcd2,cb1b5a2213a211ddad71001e378839ac,TAMAPPLICATION,7001e883cb2b11db9435000e3573f0d3,ETOMPROCESS,ADMIN,ADMIN,ADMIN
0adfe937525611db908800059a3c7800,2008-06-17T15:51:04,0,0,0,2008-06-17T15:51:04,,1899-12-30T00:00:00,0,,196efc363caf11dd89e50015c54ddcd2,324578e10edf11dc87b800059a3c7800,TAMAPPLICATION,7001e8cccb2b11db9435000e3573f0d3,ETOMPROCESS,ADMIN,ADMIN,ADMIN
0adfe936525611db908800059a3c7800,2009-04-24T11:01:10,0,0,0,2009-04-24T11:01:10,,1899-12-30T00:00:00,0,,206407c030e911de866a002170a82a63,87fa3a7d192911dc87c400059a3c7800,TAMAPPLICATION,7001e936cb2b11db9435000e3573f0d3,ETOMPROCESS,ADMIN,ADMIN,ADMIN
,2009-05-26T15:38:13,0,0,0,2009-05-26T15:38:13,,1899-12-30T00:00:00,0,,218b21b44a3511de8686002170a82a63,6cb9a3b3030411dc878f00059a3c7800,TAMAPPLICATION,7001e8e6cb2b11db9435000e3573f0d3,ETOMPROCESS,ADMIN,ADMIN,ADMIN
,2009-09-09T14:01:29,0,0,0,2009-09-09T14:01:29,,1899-12-30T00:00:00,0,,2db5108a9d7311de86db002170a82a63,61f675820e1f11dc87b800059a3c7800,TAMAPPLICATION,7001e955cb2b11db9435000e3573f0d3,ETOMPROCESS,ADMIN,ADMIN,ADMIN
,2012-11-05T16:06:59,0,0,0,2012-11-05T16:06:59,,1899-12-30T00:00:00,0,,31e89d8d279511e2ba69f04da23a38c8,5c3a267767c411e1a5f7002564cb911c,TAMAPPLICATION,de684c300bbb11dd870a001e378839ac,ETOMPROCESS,DFREED,DFREED,DFREED
0adfe936525611db908800059a3c7800,2008-06-20T16:38:19,0,0,0,2008-06-20T16:38:19,,1899-12-30T00:00:00,0,,3217c36a3f1111dd89e90015c54ddcd2,3b5bc7f113d711ddad71001e378839ac,TAMAPPLICATION,7001e94dcb2b11db9435000e3573f0d3,ETOMPROCESS,ADMIN,ADMIN,ADMIN
0adfe936525611db908800059a3c7800,2008-08-05T13:06:26,0,0,0,2008-08-05T13:06:26,,1899-12-30T00:00:00,0,,37d86588631911dd8a1c0015c54ddcd2,bf1cd0640eeb11dc87b800059a3c7800,TAMAPPLICATION,760018b1cb2b11db9435000e3573f0d3,ETOMPROCESS,ADMIN,ADMIN,ADMIN
0adfe937525611db908800059a3c7800,2008-06-17T15:51:56,0,0,0,2008-06-17T15:51:56,,1899-12-30T00:00:00,0,,3811ed083caf11dd89e50015c54ddcd2,324578e10edf11dc87b800059a3c7800,TAMAPPLICATION,7001e883cb2b11db9435000e3573f0d3,ETOMPROCESS,ADMIN,ADMIN,ADMIN
,2009-10-19T13:21:35,0,0,0,2009-10-19T13:21:35,,1899-12-30T00:00:00,0,,3b3d0796bcdc11de870d002170a82a63,ead885f202fd11dc878f00059a3c7800,TAMAPPLICATION,7001e953cb2b11db9435000e3573f0d3,ETOMPROCESS,ADMIN,ADMIN,ADMIN
0adfe937525611db908800059a3c7800,2008-06-17T14:40:39,0,0,0,2008-06-17T14:40:39,,1899-12-30T00:00:00,0,,42e10ea23ca511dd89e50015c54ddcd2,324578e10edf11dc87b800059a3c7800,TAMAPPLICATION,7001e846cb2b11db9435000e3573f0d3,ETOMPROCESS,ADMIN,ADMIN,ADMIN
0adfe936525611db908800059a3c7800,2008-06-20T16:39:05,0,0,0,2008-06-20T16:39:05,,1899-12-30T00:00:00,0,,4d9cabf03f1111dd89e90015c54ddcd2,3b5bc7f113d711ddad71001e378839ac,TAMAPPLICATION,7001e94ccb2b11db9435000e3573f0d3,ETOMPROCESS,ADMIN,ADMIN,ADMIN
0adfe936525611db908800059a3c7800,2008-08-05T15:23:04,0,0,0,2008-08-05T15:23:04,,1899-12-30T00:00:00,0,,4df01f73632c11dd8a1c0015c54ddcd2,35ace5130eeb11dc87b800059a3c7800,TAMAPPLICATION,760018b1cb2b11db9435000e3573f0d3,ETOMPROCESS,ADMIN,ADMIN,ADMIN
0adfe936525611db908800059a3c7800,2008-08-05T13:07:10,0,0,0,2008-08-05T13:07:10,,1899-12-30T00:00:00,0,,51b659c6631911dd8a1c0015c54ddcd2,cfd9f1962f1f11dc87db00059a3c7800,TAMAPPLICATION,760018b8cb2b11db9435000e3573f0d3,ETOMPROCESS,ADMIN,ADMIN,ADMIN
,2012-11-05T16:07:58,0,0,0,2012-11-05T16:07:58,,1899-12-30T00:00:00,0,,5540fc0b279511e2ba69f04da23a38c8,5c3a267767c411e1a5f7002564cb911c,TAMAPPLICATION,7001e869cb2b11db9435000e3573f0d3,ETOMPROCESS,DFREED,DFREED,DFREED
,2012-11-05T16:08:07,0,0,0,2012-11-05T16:08:07,,1899-12-30T00:00:00,0,,5540fc0c279511e2ba69f04da23a38c8,5c3a267767c411e1a5f7002564cb911c,TAMAPPLICATION,4422ca610bc011dd870a001e378839ac,ETOMPROCESS,DFREED,DFREED,DFREED
0adfe936525611db908800059a3c7800,2009-04-24T11:02:42,0,0,0,2009-04-24T11:02:42,,1899-12-30T00:00:00,0,,56a4449e30e911de866a002170a82a63,70ba15b52f2011dc87db00059a3c7800,TAMAPPLICATION,760018b8cb2b11db9435000e3573f0d3,ETOMPROCESS,ADMIN,ADMIN,ADMIN
0adfe936525611db908800059a3c7800,2009-04-24T11:02:46,0,0,0,2009-04-24T11:02:46,,1899-12-30T00:00:00,0,,56a4449f30e911de866a002170a82a63,d02678a62f1d11dc87db00059a3c7800,TAMAPPLICATION,760018b8cb2b11db9435000e3573f0d3,ETOMPROCESS,ADMIN,ADMIN,ADMIN
0adfe937525611db908800059a3c7800,2008-06-16T16:44:16,0,0,0,2008-06-16T16:44:16,,1899-12-30T00:00:00,0,,5d68226d3bed11dd89e50015c54ddcd2,324578e10edf11dc87b800059a3c7800,TAMAPPLICATION,7001e836cb2b11db9435000e3573f0d3,ETOMPROCESS,ADMIN,ADMIN,ADMIN
,2012-10-24T05:52:56,0,0,0,2012-10-24T05:52:56,,1899-12-30T00:00:00,0,,60124f1e1dd111e29891f04da23a38c8,1185072567ad11e1a5f7002564cb911c,TAMAPPLICATION,fad3173d0ba711dd870a001e378839ac,ETOMPROCESS,DFREED,DFREED,DFREED
,2009-10-16T08:54:21,0,0,0,2009-10-16T08:54:21,,1899-12-30T00:00:00,0,,67628675ba5b11de8709002170a82a63,0ee3797e049611dc878f00059a3c7800,TAMAPPLICATION,7001e874cb2b11db9435000e3573f0d3,ETOMPROCESS,ADMIN,ADMIN,ADMIN
,2009-10-16T08:54:25,0,0,0,2009-10-16T08:54:25,,1899-12-30T00:00:00,0,,67628676ba5b11de8709002170a82a63,cb1b5a2513a211ddad71001e378839ac,TAMAPPLICATION,7001e874cb2b11db9435000e3573f0d3,ETOMPROCESS,ADMIN,ADMIN,ADMIN
,2009-10-16T08:54:30,0,0,0,2009-10-16T08:54:30,,1899-12-30T00:00:00,0,,67628677ba5b11de8709002170a82a63,cb1b5a2613a211ddad71001e378839ac,TAMAPPLICATION,7001e874cb2b11db9435000e3573f0d3,ETOMPROCESS,ADMIN,ADMIN,ADMIN
,2012-10-24T05:53:20,0,0,0,2012-10-24T05:53:20,,1899-12-30T00:00:00,0,,6ddd65121dd111e29891f04da23a38c8,e19f682667ad11e1a5f7002564cb911c,TAMAPPLICATION,fad3173e0ba711dd870a001e378839ac,ETOMPROCESS,DFREED,DFREED,DFREED
,2012-10-24T05:53:26,0,0,0,2012-10-24T05:53:26,,1899-12-30T00:00:00,0,,6ddd65131dd111e29891f04da23a38c8,e19f682667ad11e1a5f7002564cb911c,TAMAPPLICATION,fad3173f0ba711dd870a001e378839ac,ETOMPROCESS,DFREED,DFREED,DFREED
,2009-10-16T09:16:11,0,0,0,2009-10-16T09:16:11,,1899-12-30T00:00:00,0,,73f6ba2dba5e11de8709002170a82a63,911c7d5213d811ddad71001e378839ac,TAMAPPLICATION,7001e94ccb2b11db9435000e3573f0d3,ETOMPROCESS,ADMIN,ADMIN,ADMIN
,2009-10-16T09:16:15,0,0,0,2009-10-16T09:16:15,,1899-12-30T00:00:00,0,,73f6ba2eba5e11de8709002170a82a63,911c7d5213d811ddad71001e378839ac,TAMAPPLICATION,7001e94dcb2b11db9435000e3573f0d3,ETOMPROCESS,ADMIN,ADMIN,ADMIN
,2012-10-24T05:53:33,0,0,0,2012-10-24T05:53:33,,1899-12-30T00:00:00,0,,75b7179f1dd111e29891f04da23a38c8,e19f682667ad11e1a5f7002564cb911c,TAMAPPLICATION,fad317400ba711dd870a001e378839ac,ETOMPROCESS,DFREED,DFREED,DFREED
0adfe937525611db908800059a3c7800,2008-06-17T14:42:08,0,0,0,2008-06-17T14:42:08,,1899-12-30T00:00:00,0,,77dcac913ca511dd89e50015c54ddcd2,324578e10edf11dc87b800059a3c7800,TAMAPPLICATION,7001e850cb2b11db9435000e3573f0d3,ETOMPROCESS,ADMIN,ADMIN,ADMIN
0adfe937525611db908800059a3c7800,2008-08-04T11:58:07,0,0,0,2008-08-04T11:58:07,,1899-12-30T00:00:00,0,,8232c332624611dd8a1c0015c54ddcd2,3c3066d802fe11dc878f00059a3c7800,TAMAPPLICATION,7001e877cb2b11db9435000e3573f0d3,ETOMPROCESS,ADMIN,ADMIN,ADMIN
0adfe936525611db908800059a3c7800,2008-07-01T09:53:55,0,0,0,2008-07-01T09:53:55,,1899-12-30T00:00:00,0,,8620bc03477d11dd89f40015c54ddcd2,3da3178a12b611dc87b800059a3c7800,TAMAPPLICATION,7001e880cb2b11db9435000e3573f0d3,ETOMPROCESS,ADMIN,ADMIN,ADMIN
0adfe936525611db908800059a3c7800,2008-06-16T16:02:41,0,0,0,2008-06-16T16:02:41,,1899-12-30T00:00:00,0,,8e2d30ed3be711dd89e50015c54ddcd2,324578e10edf11dc87b800059a3c7800,TAMAPPLICATION,7001e93acb2b11db9435000e3573f0d3,ETOMPROCESS,ADMIN,ADMIN,ADMIN
0adfe937525611db908800059a3c7800,2008-08-04T11:58:29,0,0,0,2008-08-04T11:58:29,,1899-12-30T00:00:00,0,,8f70ba3e624611dd8a1c0015c54ddcd2,3b5bc7f113d711ddad71001e378839ac,TAMAPPLICATION,7001e877cb2b11db9435000e3573f0d3,ETOMPROCESS,ADMIN,ADMIN,ADMIN
,2012-11-05T16:09:40,0,0,0,2012-11-05T16:09:40,,1899-12-30T00:00:00,0,,919e98c2279511e2ba69f04da23a38c8,e19f682667ad11e1a5f7002564cb911c,TAMAPPLICATION,fad317410ba711dd870a001e378839ac,ETOMPROCESS,DFREED,DFREED,DFREED
0adfe936525611db908800059a3c7800,2008-09-17T14:41:08,0,0,0,2008-09-17T14:41:08,,1899-12-30T00:00:00,0,,92862a3084f011dd8a450015c54ddcd2,7da5d8ed0ee011dc87b800059a3c7800,TAMAPPLICATION,760018afcb2b11db9435000e3573f0d3,ETOMPROCESS,ADMIN,ADMIN,ADMIN
,2009-10-19T13:31:32,0,0,0,2009-10-19T13:31:32,,1899-12-30T00:00:00,0,,9f6182eebcdd11de870d002170a82a63,3da3178a12b611dc87b800059a3c7800,TAMAPPLICATION,7001e943cb2b11db9435000e3573f0d3,ETOMPROCESS,ADMIN,ADMIN,ADMIN
,2009-10-19T13:31:37,0,0,0,2009-10-19T13:31:37,,1899-12-30T00:00:00,0,,9f6182efbcdd11de870d002170a82a63,3f09598502ff11dc878f00059a3c7800,TAMAPPLICATION,7001e943cb2b11db9435000e3573f0d3,ETOMPROCESS,ADMIN,ADMIN,ADMIN
0adfe936525611db908800059a3c7800,2008-10-13T14:32:08,0,0,0,2008-10-13T14:32:08,,1899-12-30T00:00:00,0,,9f636843995d11dd8a690015c54ddcd2,e1ba9d0539d811db9075004096a6c0fb,TAMAPPLICATION,76001886cb2b11db9435000e3573f0d3,ETOMPROCESS,ADMIN,ADMIN,ADMIN
,2012-10-17T06:10:23,0,0,0,2012-10-17T06:10:23,,1899-12-30T00:00:00,0,,a6b7e667185311e28fd0f04da23a38c8,7e4738d81eb311e0b75a002564cb911c,TAMAPPLICATION,efe738aa8b9e11df89d30026b9bf6441,ETOMPROCESS,DFREED,DFREED,DFREED
,2012-09-11T16:25:58,0,0,0,2012-09-11T16:25:58,,1899-12-30T00:00:00,0,,ae37ba9ffc5f11e1964cf04da23a38c8,929289c964b911e1aa36002564cb911c,TAMAPPLICATION,7001e955cb2b11db9435000e3573f0d3,ETOMPROCESS,DFREED,DFREED,DFREED
0adfe937525611db908800059a3c7800,2008-06-17T16:16:46,0,0,0,2008-06-17T16:16:46,,1899-12-30T00:00:00,0,,b027e1623cb211dd89e50015c54ddcd2,324578e10edf11dc87b800059a3c7800,TAMAPPLICATION,7001e877cb2b11db9435000e3573f0d3,ETOMPROCESS,ADMIN,ADMIN,ADMIN
0adfe937525611db908800059a3c7800,2009-05-26T13:33:22,0,0,0,2009-05-28T14:20:39,,1899-12-30T00:00:00,0,,b06fbfc04a2311de8686002170a82a63,6c27e7370fbe11dc87b800059a3c7800,TAMAPPLICATION,76001888cb2b11db9435000e3573f0d3,ETOMPROCESS,ADMIN,ADMIN,ADMIN
,2009-10-16T08:56:30,0,0,0,2009-10-16T08:56:30,,1899-12-30T00:00:00,0,,b4100783ba5b11de8709002170a82a63,cb1b5a2713a211ddad71001e378839ac,TAMAPPLICATION,7001e94ccb2b11db9435000e3573f0d3,ETOMPROCESS,ADMIN,ADMIN,ADMIN
,2009-10-19T13:32:11,0,0,0,2009-10-19T13:32:11,,1899-12-30T00:00:00,0,,b677d516bcdd11de870d002170a82a63,3f09598502ff11dc878f00059a3c7800,TAMAPPLICATION,7001e880cb2b11db9435000e3573f0d3,ETOMPROCESS,ADMIN,ADMIN,ADMIN
0adfe937525611db908800059a3c7800,2008-09-17T08:51:43,0,0,0,2008-09-17T08:51:43,,1899-12-30T00:00:00,0,,c23c4d9484bf11dd8a450015c54ddcd2,44cf8fd1166e11ddad71001e378839ac,TAMAPPLICATION,760018b4cb2b11db9435000e3573f0d3,ETOMPROCESS,ADMIN,ADMIN,ADMIN
,2010-01-25T13:56:46,0,0,0,2010-01-25T13:56:46,,1899-12-30T00:00:00,0,,c419194409eb11df8772002170a82a63,24c2d9ef817811db9401000e3573f0d3,TAMAPPLICATION,7001e943cb2b11db9435000e3573f0d3,ETOMPROCESS,ADMIN,ADMIN,ADMIN
,2012-10-30T14:52:33,0,0,0,2012-10-30T14:52:33,,1899-12-30T00:00:00,0,,c71c165d22d311e2bbcaf04da23a38c8,f634f57267c211e1a5f7002564cb911c,TAMAPPLICATION,7001e86ccb2b11db9435000e3573f0d3,ETOMPROCESS,DFREED,DFREED,DFREED
0adfe936525611db908800059a3c7800,2008-10-13T14:33:15,0,0,0,2008-10-13T14:33:15,,1899-12-30T00:00:00,0,,c73feb1b995d11dd8a690015c54ddcd2,e1ba9cfd39d811db9075004096a6c0fb,TAMAPPLICATION,76001887cb2b11db9435000e3573f0d3,ETOMPROCESS,ADMIN,ADMIN,ADMIN
,2010-01-25T13:56:59,0,0,0,2010-01-25T13:56:59,,1899-12-30T00:00:00,0,,cb8573ef09eb11df8772002170a82a63,24c2d9ef817811db9401000e3573f0d3,TAMAPPLICATION,7001e880cb2b11db9435000e3573f0d3,ETOMPROCESS,ADMIN,ADMIN,ADMIN
,2009-10-19T13:32:54,0,0,0,2009-10-19T13:32:54,,1899-12-30T00:00:00,0,,d02c19d6bcdd11de870d002170a82a63,3f09598502ff11dc878f00059a3c7800,TAMAPPLICATION,7001e945cb2b11db9435000e3573f0d3,ETOMPROCESS,ADMIN,ADMIN,ADMIN
,2009-10-19T13:32:58,0,0,0,2009-10-19T13:32:58,,1899-12-30T00:00:00,0,,d02c19d7bcdd11de870d002170a82a63,3f09598502ff11dc878f00059a3c7800,TAMAPPLICATION,7001e944cb2b11db9435000e3573f0d3,ETOMPROCESS,ADMIN,ADMIN,ADMIN
,2009-10-19T13:33:02,0,0,0,2009-10-19T13:33:02,,1899-12-30T00:00:00,0,,d02c19d8bcdd11de870d002170a82a63,3f09598502ff11dc878f00059a3c7800,TAMAPPLICATION,7001e942cb2b11db9435000e3573f0d3,ETOMPROCESS,ADMIN,ADMIN,ADMIN
,2010-01-25T13:57:13,0,0,0,2010-01-25T13:57:13,,1899-12-30T00:00:00,0,,d4209fb309eb11df8772002170a82a63,24c2d9ef817811db9401000e3573f0d3,TAMAPPLICATION,7001e945cb2b11db9435000e3573f0d3,ETOMPROCESS,ADMIN,ADMIN,ADMIN
,2012-10-30T14:53:04,0,0,0,2012-10-30T14:53:04,,1899-12-30T00:00:00,0,,d97d195222d311e2bbcaf04da23a38c8,5c3a267767c411e1a5f7002564cb911c,TAMAPPLICATION,4422ca600bc011dd870a001e378839ac,ETOMPROCESS,DFREED,DFREED,DFREED
e3f9293aa03a11e1ac75002564cb911c,2012-05-17T12:11:00,0,0,0,2012-05-17T12:11:00,,1899-12-30T00:00:00,0,,e3f92939a03a11e1ac75002564cb911c,61f675820e1f11dc87b800059a3c7800,TAMAPPLICATION,7001e955cb2b11db9435000e3573f0d3,ETOMPROCESS,ADMIN,ADMIN,ADMIN
e3f9293aa03a11e1ac75002564cb911c,2012-05-17T12:11:00,0,0,0,2012-05-17T12:11:00,,1899-12-30T00:00:00,0,,e3f9293ca03a11e1ac75002564cb911c,467a59c802ff11dc878f00059a3c7800,TAMAPPLICATION,7001e93ccb2b11db9435000e3573f0d3,ETOMPROCESS,ADMIN,ADMIN,ADMIN
e3f92944a03a11e1ac75002564cb911c,2012-05-17T12:11:00,0,0,0,2012-05-17T12:11:00,,1899-12-30T00:00:00,0,,e3f92943a03a11e1ac75002564cb911c,7e4738d81eb311e0b75a002564cb911c,TAMAPPLICATION,63fe33688b9e11df89d30026b9bf6441,ETOMPROCESS,ADMIN,ADMIN,ADMIN
e3f92944a03a11e1ac75002564cb911c,2012-05-17T12:11:00,0,0,0,2012-05-17T12:11:01,,1899-12-30T00:00:00,0,,e3f92946a03a11e1ac75002564cb911c,2eda2ea002fe11dc878f00059a3c7800,TAMAPPLICATION,7001e877cb2b11db9435000e3573f0d3,ETOMPROCESS,ADMIN,ADMIN,ADMIN
e3f92944a03a11e1ac75002564cb911c,2012-05-17T12:11:01,0,0,0,2012-05-17T12:11:01,,1899-12-30T00:00:00,0,,e3f92949a03a11e1ac75002564cb911c,3c3066d802fe11dc878f00059a3c7800,TAMAPPLICATION,7001e877cb2b11db9435000e3573f0d3,ETOMPROCESS,ADMIN,ADMIN,ADMIN
e3f9293aa03a11e1ac75002564cb911c,2012-05-17T12:11:01,0,0,0,2012-05-17T12:11:01,,1899-12-30T00:00:00,0,,e3f9294ca03a11e1ac75002564cb911c,3c3066d802fe11dc878f00059a3c7800,TAMAPPLICATION,7001e94ccb2b11db9435000e3573f0d3,ETOMPROCESS,ADMIN,ADMIN,ADMIN
e3f9293aa03a11e1ac75002564cb911c,2012-05-17T12:11:01,0,0,0,2012-05-17T12:11:01,,1899-12-30T00:00:00,0,,e3f9294ea03a11e1ac75002564cb911c,3c3066d802fe11dc878f00059a3c7800,TAMAPPLICATION,7001e94dcb2b11db9435000e3573f0d3,ETOMPROCESS,ADMIN,ADMIN,ADMIN
e3f92944a03a11e1ac75002564cb911c,2012-05-17T12:11:01,0,0,0,2012-05-17T12:11:01,,1899-12-30T00:00:00,0,,e3f92951a03a11e1ac75002564cb911c,3da3178a12b611dc87b800059a3c7800,TAMAPPLICATION,7001e943cb2b11db9435000e3573f0d3,ETOMPROCESS,ADMIN,ADMIN,ADMIN
e3f92944a03a11e1ac75002564cb911c,2012-05-17T12:11:01,0,0,0,2012-05-17T12:11:01,,1899-12-30T00:00:00,0,,e3f92953a03a11e1ac75002564cb911c,cb1b5a2013a211ddad71001e378839ac,TAMAPPLICATION,7001e953cb2b11db9435000e3573f0d3,ETOMPROCESS,ADMIN,ADMIN,ADMIN
e3f92944a03a11e1ac75002564cb911c,2012-05-17T12:11:01,0,0,0,2012-05-17T12:11:01,,1899-12-30T00:00:00,0,,e3f92955a03a11e1ac75002564cb911c,cb1b5a2013a211ddad71001e378839ac,TAMAPPLICATION,63fe33688b9e11df89d30026b9bf6441,ETOMPROCESS,ADMIN,ADMIN,ADMIN
e3f92944a03a11e1ac75002564cb911c,2012-05-17T12:11:01,0,0,0,2012-05-17T12:11:01,,1899-12-30T00:00:00,0,,e3f92957a03a11e1ac75002564cb911c,cb1b5a2113a211ddad71001e378839ac,TAMAPPLICATION,7001e953cb2b11db9435000e3573f0d3,ETOMPROCESS,ADMIN,ADMIN,ADMIN
e3f92944a03a11e1ac75002564cb911c,2012-05-17T12:11:01,0,0,0,2012-05-17T12:11:01,,1899-12-30T00:00:00,0,,e3f92959a03a11e1ac75002564cb911c,ead885f202fd11dc878f00059a3c7800,TAMAPPLICATION,7001e950cb2b11db9435000e3573f0d3,ETOMPROCESS,ADMIN,ADMIN,ADMIN
e3f92944a03a11e1ac75002564cb911c,2012-05-17T12:11:01,0,0,0,2012-05-17T12:11:01,,1899-12-30T00:00:00,0,,e3f9295ca03a11e1ac75002564cb911c,ead885f202fd11dc878f00059a3c7800,TAMAPPLICATION,3d04324c0b3711dd870a001e378839ac,ETOMPROCESS,ADMIN,ADMIN,ADMIN
,2012-05-17T12:11:01,0,0,0,2012-05-17T12:11:01,,1899-12-30T00:00:00,0,,e3f9295fa03a11e1ac75002564cb911c,f634f57267c211e1a5f7002564cb911c,TAMAPPLICATION,4422ca600bc011dd870a001e378839ac,ETOMPROCESS,ADMIN,ADMIN,ADMIN
,2012-05-17T12:11:01,0,0,0,2012-05-17T12:11:01,,1899-12-30T00:00:00,0,,e3f92961a03a11e1ac75002564cb911c,f634f57267c211e1a5f7002564cb911c,TAMAPPLICATION,4422ca610bc011dd870a001e378839ac,ETOMPROCESS,ADMIN,ADMIN,ADMIN
,2012-05-17T12:11:01,0,0,0,2012-05-17T12:11:01,,1899-12-30T00:00:00,0,,e3f92963a03a11e1ac75002564cb911c,f634f57267c211e1a5f7002564cb911c,TAMAPPLICATION,c8d1d7300bbe11dd870a001e378839ac,ETOMPROCESS,ADMIN,ADMIN,ADMIN
e3f92944a03a11e1ac75002564cb911c,2012-05-17T12:11:02,0,0,0,2012-05-17T12:11:02,,1899-12-30T00:00:00,0,,e3f9297fa03a11e1ac75002564cb911c,af2b09480ea611e0bc42002564cb911c,TAMAPPLICATION,3d04324c0b3711dd870a001e378839ac,ETOMPROCESS,ADMIN,ADMIN,ADMIN
e3f92944a03a11e1ac75002564cb911c,2012-05-17T12:11:02,0,0,0,2012-05-17T12:11:02,,1899-12-30T00:00:00,0,,e3f92981a03a11e1ac75002564cb911c,46dc507d1eb311e0b75a002564cb911c,TAMAPPLICATION,6a0a98e0aa8311dd9438001de065480b,ETOMPROCESS,ADMIN,ADMIN,ADMIN
e3f9293aa03a11e1ac75002564cb911c,2012-05-17T12:11:02,0,0,0,2012-05-17T12:11:02,,1899-12-30T00:00:00,0,,e3f92983a03a11e1ac75002564cb911c,46dc507d1eb311e0b75a002564cb911c,TAMAPPLICATION,e27e7afc0b5a11dd870a001e378839ac,ETOMPROCESS,ADMIN,ADMIN,ADMIN
e3f9293aa03a11e1ac75002564cb911c,2012-05-17T12:11:02,0,0,0,2012-05-17T12:11:02,,1899-12-30T00:00:00,0,,e3f92985a03a11e1ac75002564cb911c,46dc507d1eb311e0b75a002564cb911c,TAMAPPLICATION,da0152dc0b5a11dd870a001e378839ac,ETOMPROCESS,ADMIN,ADMIN,ADMIN
e3f92944a03a11e1ac75002564cb911c,2012-05-17T12:11:02,0,0,0,2012-05-17T12:11:02,,1899-12-30T00:00:00,0,,e3f92987a03a11e1ac75002564cb911c,e1ba9d0f39d811db9075004096a6c0fb,TAMAPPLICATION,7001e950cb2b11db9435000e3573f0d3,ETOMPROCESS,ADMIN,ADMIN,ADMIN
e3f9293aa03a11e1ac75002564cb911c,2012-05-17T12:11:02,0,0,0,2012-05-17T12:11:02,,1899-12-30T00:00:00,0,,e3f9298aa03a11e1ac75002564cb911c,e1ba9d0f39d811db9075004096a6c0fb,TAMAPPLICATION,7001e954cb2b11db9435000e3573f0d3,ETOMPROCESS,ADMIN,ADMIN,ADMIN
e3f92944a03a11e1ac75002564cb911c,2012-05-17T12:11:02,0,0,0,2012-05-17T12:11:02,,1899-12-30T00:00:00,0,,e3f9298ca03a11e1ac75002564cb911c,9a5abd7f02ff11dc878f00059a3c7800,TAMAPPLICATION,7001e874cb2b11db9435000e3573f0d3,ETOMPROCESS,ADMIN,ADMIN,ADMIN
e3f92944a03a11e1ac75002564cb911c,2012-05-17T12:11:03,0,0,0,2012-05-17T12:11:03,,1899-12-30T00:00:00,0,,e3f92993a03a11e1ac75002564cb911c,0ee3797e049611dc878f00059a3c7800,TAMAPPLICATION,7001e874cb2b11db9435000e3573f0d3,ETOMPROCESS,ADMIN,ADMIN,ADMIN
e3f92944a03a11e1ac75002564cb911c,2012-05-17T12:11:03,0,0,0,2012-05-17T12:11:03,,1899-12-30T00:00:00,0,,e3f9299ca03a11e1ac75002564cb911c,70ba15b52f2011dc87db00059a3c7800,TAMAPPLICATION,760018b8cb2b11db9435000e3573f0d3,ETOMPROCESS,ADMIN,ADMIN,ADMIN
e3f9293aa03a11e1ac75002564cb911c,2012-05-17T12:11:03,0,0,0,2012-05-17T12:11:03,,1899-12-30T00:00:00,0,,e3f9299ea03a11e1ac75002564cb911c,44cf8fd2166e11ddad71001e378839ac,TAMAPPLICATION,7001e9d6cb2b11db9435000e3573f0d3,ETOMPROCESS,ADMIN,ADMIN,ADMIN
e3f9293aa03a11e1ac75002564cb911c,2012-05-17T12:11:03,0,0,0,2012-05-17T12:11:03,,1899-12-30T00:00:00,0,,e3f929a1a03a11e1ac75002564cb911c,324578e10edf11dc87b800059a3c7800,TAMAPPLICATION,7001e93acb2b11db9435000e3573f0d3,ETOMPROCESS,ADMIN,ADMIN,ADMIN
e3f92944a03a11e1ac75002564cb911c,2012-05-17T12:11:03,0,0,0,2012-05-17T12:11:03,,1899-12-30T00:00:00,0,,e3f929a4a03a11e1ac75002564cb911c,bf1cd0640eeb11dc87b800059a3c7800,TAMAPPLICATION,760018b1cb2b11db9435000e3573f0d3,ETOMPROCESS,ADMIN,ADMIN,ADMIN
e3f92944a03a11e1ac75002564cb911c,2012-05-17T12:11:03,0,0,0,2012-05-17T12:11:03,,1899-12-30T00:00:00,0,,e3f929a6a03a11e1ac75002564cb911c,d02678a62f1d11dc87db00059a3c7800,TAMAPPLICATION,760018b8cb2b11db9435000e3573f0d3,ETOMPROCESS,ADMIN,ADMIN,ADMIN
e3f92944a03a11e1ac75002564cb911c,2012-05-17T12:11:03,0,0,0,2012-05-17T12:11:03,,1899-12-30T00:00:00,0,,e3f929a9a03a11e1ac75002564cb911c,35ace5130eeb11dc87b800059a3c7800,TAMAPPLICATION,760018b1cb2b11db9435000e3573f0d3,ETOMPROCESS,ADMIN,ADMIN,ADMIN
e3f9293aa03a11e1ac75002564cb911c,2012-05-17T12:11:03,0,0,0,2012-05-17T12:11:03,,1899-12-30T00:00:00,0,,e3f929b3a03a11e1ac75002564cb911c,0bf8a9100e0e11e0bc42002564cb911c,TAMAPPLICATION,7001e885cb2b11db9435000e3573f0d3,ETOMPROCESS,ADMIN,ADMIN,ADMIN
e3f9293aa03a11e1ac75002564cb911c,2012-05-17T12:11:03,0,0,0,2012-05-17T12:11:04,,1899-12-30T00:00:00,0,,e3f929b5a03a11e1ac75002564cb911c,a9c680fb0e0d11e0bc42002564cb911c,TAMAPPLICATION,7001e8b6cb2b11db9435000e3573f0d3,ETOMPROCESS,ADMIN,ADMIN,ADMIN
e3f9293aa03a11e1ac75002564cb911c,2012-05-17T12:11:04,0,0,0,2012-05-17T12:11:04,,1899-12-30T00:00:00,0,,e3f929b8a03a11e1ac75002564cb911c,0ff14a120e1911e0bc42002564cb911c,TAMAPPLICATION,7001e8d0cb2b11db9435000e3573f0d3,ETOMPROCESS,ADMIN,ADMIN,ADMIN
e3f9293aa03a11e1ac75002564cb911c,2012-05-17T12:11:04,0,0,0,2012-05-17T12:11:04,,1899-12-30T00:00:00,0,,e3f929baa03a11e1ac75002564cb911c,6fa730bb0e1011e0bc42002564cb911c,TAMAPPLICATION,7001e8c4cb2b11db9435000e3573f0d3,ETOMPROCESS,ADMIN,ADMIN,ADMIN
e3f9293aa03a11e1ac75002564cb911c,2012-05-17T12:11:04,0,0,0,2012-05-17T12:11:04,,1899-12-30T00:00:00,0,,e3f929bca03a11e1ac75002564cb911c,6fa730bb0e1011e0bc42002564cb911c,TAMAPPLICATION,7001e8dfcb2b11db9435000e3573f0d3,ETOMPROCESS,ADMIN,ADMIN,ADMIN
e3f92944a03a11e1ac75002564cb911c,2012-05-17T12:11:04,0,0,0,2012-05-17T12:11:04,,1899-12-30T00:00:00,0,,e3f929c1a03a11e1ac75002564cb911c,cb1b5a2513a211ddad71001e378839ac,TAMAPPLICATION,7001e874cb2b11db9435000e3573f0d3,ETOMPROCESS,ADMIN,ADMIN,ADMIN
e3f9293aa03a11e1ac75002564cb911c,2012-05-17T12:11:04,0,0,0,2012-05-17T12:11:04,,1899-12-30T00:00:00,0,,e3f929c3a03a11e1ac75002564cb911c,3f09598502ff11dc878f00059a3c7800,TAMAPPLICATION,7001e880cb2b11db9435000e3573f0d3,ETOMPROCESS,ADMIN,ADMIN,ADMIN
e3f9293aa03a11e1ac75002564cb911c,2012-05-17T12:11:04,0,0,0,2012-05-17T12:11:04,,1899-12-30T00:00:00,0,,e3f929c6a03a11e1ac75002564cb911c,3f09598502ff11dc878f00059a3c7800,TAMAPPLICATION,7001e942cb2b11db9435000e3573f0d3,ETOMPROCESS,ADMIN,ADMIN,ADMIN
e3f92944a03a11e1ac75002564cb911c,2012-05-17T12:11:04,0,0,0,2012-05-17T12:11:04,,1899-12-30T00:00:00,0,,e3f929c8a03a11e1ac75002564cb911c,3f09598502ff11dc878f00059a3c7800,TAMAPPLICATION,7001e943cb2b11db9435000e3573f0d3,ETOMPROCESS,ADMIN,ADMIN,ADMIN
e3f9293aa03a11e1ac75002564cb911c,2012-05-17T12:11:04,0,0,0,2012-05-17T12:11:04,,1899-12-30T00:00:00,0,,e3f929caa03a11e1ac75002564cb911c,3f09598502ff11dc878f00059a3c7800,TAMAPPLICATION,7001e944cb2b11db9435000e3573f0d3,ETOMPROCESS,ADMIN,ADMIN,ADMIN
e3f9293aa03a11e1ac75002564cb911c,2012-05-17T12:11:04,0,0,0,2012-05-17T12:11:04,,1899-12-30T00:00:00,0,,e3f929cca03a11e1ac75002564cb911c,3f09598502ff11dc878f00059a3c7800,TAMAPPLICATION,7001e945cb2b11db9435000e3573f0d3,ETOMPROCESS,ADMIN,ADMIN,ADMIN
e3f92944a03a11e1ac75002564cb911c,2012-05-17T12:11:04,0,0,0,2012-05-17T12:11:04,,1899-12-30T00:00:00,0,,e3f929cea03a11e1ac75002564cb911c,911c7d5213d811ddad71001e378839ac,TAMAPPLICATION,7001e94ccb2b11db9435000e3573f0d3,ETOMPROCESS,ADMIN,ADMIN,ADMIN
e3f9293aa03a11e1ac75002564cb911c,2012-05-17T12:11:04,0,0,0,2012-05-17T12:11:04,,1899-12-30T00:00:00,0,,e3f929d0a03a11e1ac75002564cb911c,911c7d5213d811ddad71001e378839ac,TAMAPPLICATION,7001e94dcb2b11db9435000e3573f0d3,ETOMPROCESS,ADMIN,ADMIN,ADMIN
,2012-05-17T12:11:04,0,0,0,2012-05-17T12:11:04,,1899-12-30T00:00:00,0,,e3f929d4a03a11e1ac75002564cb911c,81ea809d471c11df8c200026b9bf6441,TAMAPPLICATION,7001e8b3cb2b11db9435000e3573f0d3,ETOMPROCESS,ADMIN,ADMIN,ADMIN
,2012-05-17T12:11:04,0,0,0,2012-05-17T12:11:04,,1899-12-30T00:00:00,0,,e3f929d6a03a11e1ac75002564cb911c,81ea809d471c11df8c200026b9bf6441,TAMAPPLICATION,7001e8e1cb2b11db9435000e3573f0d3,ETOMPROCESS,ADMIN,ADMIN,ADMIN
,2012-05-17T12:11:04,0,0,0,2012-05-17T12:11:04,,1899-12-30T00:00:00,0,,e3f929d8a03a11e1ac75002564cb911c,595d33ab471c11df8c200026b9bf6441,TAMAPPLICATION,7001e8c2cb2b11db9435000e3573f0d3,ETOMPROCESS,ADMIN,ADMIN,ADMIN
,2012-05-17T12:11:04,0,0,0,2012-05-17T12:11:04,,1899-12-30T00:00:00,0,,e3f929daa03a11e1ac75002564cb911c,595d33ab471c11df8c200026b9bf6441,TAMAPPLICATION,7001e8dccb2b11db9435000e3573f0d3,ETOMPROCESS,ADMIN,ADMIN,ADMIN
,2012-05-17T12:11:04,0,0,0,2012-05-17T12:11:04,,1899-12-30T00:00:00,0,,e3f929dda03a11e1ac75002564cb911c,534429d6471b11df8c200026b9bf6441,TAMAPPLICATION,7001e8abcb2b11db9435000e3573f0d3,ETOMPROCESS,ADMIN,ADMIN,ADMIN
,2012-05-17T12:11:04,0,0,0,2012-05-17T12:11:04,,1899-12-30T00:00:00,0,,e3f929dfa03a11e1ac75002564cb911c,534429d6471b11df8c200026b9bf6441,TAMAPPLICATION,7001e8b3cb2b11db9435000e3573f0d3,ETOMPROCESS,ADMIN,ADMIN,ADMIN
,2012-05-17T12:11:04,0,0,0,2012-05-17T12:11:04,,1899-12-30T00:00:00,0,,e3f929e1a03a11e1ac75002564cb911c,534429d6471b11df8c200026b9bf6441,TAMAPPLICATION,7001e8b8cb2b11db9435000e3573f0d3,ETOMPROCESS,ADMIN,ADMIN,ADMIN
,2012-05-17T12:11:05,0,0,0,2012-05-17T12:11:05,,1899-12-30T00:00:00,0,,e3f929e3a03a11e1ac75002564cb911c,534429d6471b11df8c200026b9bf6441,TAMAPPLICATION,7001e8c2cb2b11db9435000e3573f0d3,ETOMPROCESS,ADMIN,ADMIN,ADMIN
,2012-05-17T12:11:05,0,0,0,2012-05-17T12:11:05,,1899-12-30T00:00:00,0,,e3f929e5a03a11e1ac75002564cb911c,534429d6471b11df8c200026b9bf6441,TAMAPPLICATION,7001e8d2cb2b11db9435000e3573f0d3,ETOMPROCESS,ADMIN,ADMIN,ADMIN
,2012-05-17T12:11:05,0,0,0,2012-05-17T12:11:05,,1899-12-30T00:00:00,0,,e3f929e7a03a11e1ac75002564cb911c,534429d6471b11df8c200026b9bf6441,TAMAPPLICATION,7001e8d8cb2b11db9435000e3573f0d3,ETOMPROCESS,ADMIN,ADMIN,ADMIN
,2012-05-17T12:11:05,0,0,0,2012-05-17T12:11:05,,1899-12-30T00:00:00,0,,e3f929e9a03a11e1ac75002564cb911c,534429d6471b11df8c200026b9bf6441,TAMAPPLICATION,7001e8dccb2b11db9435000e3573f0d3,ETOMPROCESS,ADMIN,ADMIN,ADMIN
,2012-05-17T12:11:05,0,0,0,2012-05-17T12:11:05,,1899-12-30T00:00:00,0,,e3f929eba03a11e1ac75002564cb911c,534429d6471b11df8c200026b9bf6441,TAMAPPLICATION,7001e8e1cb2b11db9435000e3573f0d3,ETOMPROCESS,ADMIN,ADMIN,ADMIN
,2012-05-17T12:11:05,0,0,0,2012-05-17T12:11:05,,1899-12-30T00:00:00,0,,e3f929eda03a11e1ac75002564cb911c,a9aadd9e471c11df8c200026b9bf6441,TAMAPPLICATION,7001e8b8cb2b11db9435000e3573f0d3,ETOMPROCESS,ADMIN,ADMIN,ADMIN
,2012-05-17T12:11:05,0,0,0,2012-05-17T12:11:05,,1899-12-30T00:00:00,0,,e3f929efa03a11e1ac75002564cb911c,a9aadd9e471c11df8c200026b9bf6441,TAMAPPLICATION,7001e8d2cb2b11db9435000e3573f0d3,ETOMPROCESS,ADMIN,ADMIN,ADMIN
,2012-05-17T12:11:05,0,0,0,2012-05-17T12:11:05,,1899-12-30T00:00:00,0,,e3f929f1a03a11e1ac75002564cb911c,1e478511471c11df8c200026b9bf6441,TAMAPPLICATION,7001e8dccb2b11db9435000e3573f0d3,ETOMPROCESS,ADMIN,ADMIN,ADMIN
e3f92944a03a11e1ac75002564cb911c,2012-05-17T12:11:05,0,0,0,2012-05-17T12:11:05,,1899-12-30T00:00:00,0,,e3f929f4a03a11e1ac75002564cb911c,1cb2376c200311dc87c600059a3c7800,TAMAPPLICATION,81eeb8f3cb2b11db9435000e3573f0d3,ETOMPROCESS,ADMIN,ADMIN,ADMIN
,2012-05-17T12:11:05,0,0,0,2012-05-17T12:11:05,,1899-12-30T00:00:00,0,,e3f929f6a03a11e1ac75002564cb911c,b3b00786153911ddad71001e378839ac,TAMAPPLICATION,7600196ecb2b11db9435000e3573f0d3,ETOMPROCESS,ADMIN,ADMIN,ADMIN
,2012-05-17T12:11:05,0,0,0,2012-05-17T12:11:05,,1899-12-30T00:00:00,0,,e3f929f8a03a11e1ac75002564cb911c,b3b00786153911ddad71001e378839ac,TAMAPPLICATION,76001972cb2b11db9435000e3573f0d3,ETOMPROCESS,ADMIN,ADMIN,ADMIN
e3f9293aa03a11e1ac75002564cb911c,2012-05-17T12:11:05,0,0,0,2012-05-17T12:11:05,,1899-12-30T00:00:00,0,,e3f929fda03a11e1ac75002564cb911c,4982f00d63b811e1aa36002564cb911c,TAMAPPLICATION,7001e94ccb2b11db9435000e3573f0d3,ETOMPROCESS,ADMIN,ADMIN,ADMIN
e3f92944a03a11e1ac75002564cb911c,2012-05-17T12:11:05,0,0,0,2012-05-17T12:11:05,,1899-12-30T00:00:00,0,,e3f92a00a03a11e1ac75002564cb911c,bd3b548a0e1f11dc87b800059a3c7800,TAMAPPLICATION,81eeb8f3cb2b11db9435000e3573f0d3,ETOMPROCESS,ADMIN,ADMIN,ADMIN
e3f92944a03a11e1ac75002564cb911c,2012-05-17T12:11:05,0,0,0,2012-05-17T12:11:05,,1899-12-30T00:00:00,0,,e3f92a05a03a11e1ac75002564cb911c,cb1b5a2713a211ddad71001e378839ac,TAMAPPLICATION,7001e94ccb2b11db9435000e3573f0d3,ETOMPROCESS,ADMIN,ADMIN,ADMIN
e3f9293aa03a11e1ac75002564cb911c,2012-05-17T12:11:05,0,0,0,2012-05-17T12:11:05,,1899-12-30T00:00:00,0,,e3f92a07a03a11e1ac75002564cb911c,7da5d8ed0ee011dc87b800059a3c7800,TAMAPPLICATION,760018afcb2b11db9435000e3573f0d3,ETOMPROCESS,ADMIN,ADMIN,ADMIN
,2012-05-17T12:11:05,0,0,0,2012-05-17T12:11:05,,1899-12-30T00:00:00,0,,e3f92a0fa03a11e1ac75002564cb911c,b3b00789153911ddad71001e378839ac,TAMAPPLICATION,76001972cb2b11db9435000e3573f0d3,ETOMPROCESS,ADMIN,ADMIN,ADMIN
e3f92944a03a11e1ac75002564cb911c,2012-05-17T12:11:06,0,0,0,2012-05-17T12:11:06,,1899-12-30T00:00:00,0,,e3f92a16a03a11e1ac75002564cb911c,e1ba9d1039d811db9075004096a6c0fb,TAMAPPLICATION,7001e950cb2b11db9435000e3573f0d3,ETOMPROCESS,ADMIN,ADMIN,ADMIN
,2012-05-17T12:11:06,0,0,0,2012-05-17T12:11:06,,1899-12-30T00:00:00,0,,e3f92a19a03a11e1ac75002564cb911c,b3b00780153911ddad71001e378839ac,TAMAPPLICATION,7001e83ccb2b11db9435000e3573f0d3,ETOMPROCESS,ADMIN,ADMIN,ADMIN
,2012-05-17T12:11:06,0,0,0,2012-05-17T12:11:06,,1899-12-30T00:00:00,0,,e3f92a1ba03a11e1ac75002564cb911c,b3b00780153911ddad71001e378839ac,TAMAPPLICATION,7001e9dacb2b11db9435000e3573f0d3,ETOMPROCESS,ADMIN,ADMIN,ADMIN
,2012-05-17T12:11:06,0,0,0,2012-05-17T12:11:06,,1899-12-30T00:00:00,0,,e3f92a1ea03a11e1ac75002564cb911c,0ba2edcfca8611dc890600059a3c7800,TAMAPPLICATION,7001e83ccb2b11db9435000e3573f0d3,ETOMPROCESS,ADMIN,ADMIN,ADMIN
,2012-05-17T12:11:06,0,0,0,2012-05-17T12:11:06,,1899-12-30T00:00:00,0,,e3f92a20a03a11e1ac75002564cb911c,0ba2edcfca8611dc890600059a3c7800,TAMAPPLICATION,7001e9b3cb2b11db9435000e3573f0d3,ETOMPROCESS,ADMIN,ADMIN,ADMIN
,2012-05-17T12:11:06,0,0,0,2012-05-17T12:11:06,,1899-12-30T00:00:00,0,,e3f92a22a03a11e1ac75002564cb911c,0ba2edcfca8611dc890600059a3c7800,TAMAPPLICATION,7001e9dacb2b11db9435000e3573f0d3,ETOMPROCESS,ADMIN,ADMIN,ADMIN
,2012-05-17T12:11:06,0,0,0,2012-05-17T12:11:06,,1899-12-30T00:00:00,0,,e3f92a24a03a11e1ac75002564cb911c,0ba2edcfca8611dc890600059a3c7800,TAMAPPLICATION,760019eccb2b11db9435000e3573f0d3,ETOMPROCESS,ADMIN,ADMIN,ADMIN
,2012-05-17T12:11:06,0,0,0,2012-05-17T12:11:06,,1899-12-30T00:00:00,0,,e3f92a26a03a11e1ac75002564cb911c,0ba2edcfca8611dc890600059a3c7800,TAMAPPLICATION,760019efcb2b11db9435000e3573f0d3,ETOMPROCESS,ADMIN,ADMIN,ADMIN
,2012-05-17T12:11:06,0,0,0,2012-05-17T12:11:06,,1899-12-30T00:00:00,0,,e3f92a28a03a11e1ac75002564cb911c,0ba2edcfca8611dc890600059a3c7800,TAMAPPLICATION,760019f1cb2b11db9435000e3573f0d3,ETOMPROCESS,ADMIN,ADMIN,ADMIN
,2012-05-17T12:11:06,0,0,0,2012-05-17T12:11:06,,1899-12-30T00:00:00,0,,e3f92a2aa03a11e1ac75002564cb911c,0ba2edcfca8611dc890600059a3c7800,TAMAPPLICATION,7001e840cb2b11db9435000e3573f0d3,ETOMPROCESS,ADMIN,ADMIN,ADMIN
,2012-05-17T12:11:06,0,0,0,2012-05-17T12:11:06,,1899-12-30T00:00:00,0,,e3f92a2ca03a11e1ac75002564cb911c,0ba2edcfca8611dc890600059a3c7800,TAMAPPLICATION,760019f5cb2b11db9435000e3573f0d3,ETOMPROCESS,ADMIN,ADMIN,ADMIN
,2012-05-17T12:11:06,0,0,0,2012-05-17T12:11:06,,1899-12-30T00:00:00,0,,e3f92a2ea03a11e1ac75002564cb911c,0ba2edcfca8611dc890600059a3c7800,TAMAPPLICATION,760019f7cb2b11db9435000e3573f0d3,ETOMPROCESS,ADMIN,ADMIN,ADMIN
,2012-05-17T12:11:06,0,0,0,2012-05-17T12:11:06,,1899-12-30T00:00:00,0,,e3f92a30a03a11e1ac75002564cb911c,b3b00785153911ddad71001e378839ac,TAMAPPLICATION,7600196ecb2b11db9435000e3573f0d3,ETOMPROCESS,ADMIN,ADMIN,ADMIN
,2012-05-17T12:11:06,0,0,0,2012-05-17T12:11:06,,1899-12-30T00:00:00,0,,e3f92a32a03a11e1ac75002564cb911c,b3b00785153911ddad71001e378839ac,TAMAPPLICATION,76001972cb2b11db9435000e3573f0d3,ETOMPROCESS,ADMIN,ADMIN,ADMIN
,2012-05-17T12:11:06,0,0,0,2012-05-17T12:11:06,,1899-12-30T00:00:00,0,,e3f92a34a03a11e1ac75002564cb911c,b3b00793153911ddad71001e378839ac,TAMAPPLICATION,76001972cb2b11db9435000e3573f0d3,ETOMPROCESS,ADMIN,ADMIN,ADMIN
,2012-05-17T12:11:06,0,0,0,2012-05-17T12:11:06,,1899-12-30T00:00:00,0,,e3f92a36a03a11e1ac75002564cb911c,b3b00781153911ddad71001e378839ac,TAMAPPLICATION,76001969cb2b11db9435000e3573f0d3,ETOMPROCESS,ADMIN,ADMIN,ADMIN
,2012-05-17T12:11:07,0,0,0,2012-05-17T12:11:07,,1899-12-30T00:00:00,0,,e3f92a38a03a11e1ac75002564cb911c,b3b00781153911ddad71001e378839ac,TAMAPPLICATION,7600196ecb2b11db9435000e3573f0d3,ETOMPROCESS,ADMIN,ADMIN,ADMIN
,2012-05-17T12:11:07,0,0,0,2012-05-17T12:11:07,,1899-12-30T00:00:00,0,,e3f92a3aa03a11e1ac75002564cb911c,b3b00781153911ddad71001e378839ac,TAMAPPLICATION,7bf6a5b7cb2b11db9435000e3573f0d3,ETOMPROCESS,ADMIN,ADMIN,ADMIN
,2012-05-17T12:11:07,0,0,0,2012-05-17T12:11:07,,1899-12-30T00:00:00,0,,e3f92a3ca03a11e1ac75002564cb911c,b3b0078e153911ddad71001e378839ac,TAMAPPLICATION,7bf6a544cb2b11db9435000e3573f0d3,ETOMPROCESS,ADMIN,ADMIN,ADMIN
,2012-05-17T12:11:07,0,0,0,2012-05-17T12:11:07,,1899-12-30T00:00:00,0,,e3f92a40a03a11e1ac75002564cb911c,b3b0078b153911ddad71001e378839ac,TAMAPPLICATION,7001e83ccb2b11db9435000e3573f0d3,ETOMPROCESS,ADMIN,ADMIN,ADMIN
,2012-05-17T12:11:07,0,0,0,2012-05-17T12:11:07,,1899-12-30T00:00:00,0,,e3f92a42a03a11e1ac75002564cb911c,b3b0078b153911ddad71001e378839ac,TAMAPPLICATION,7bf6a51ecb2b11db9435000e3573f0d3,ETOMPROCESS,ADMIN,ADMIN,ADMIN
,2012-05-17T12:11:07,0,0,0,2012-05-17T12:11:07,,1899-12-30T00:00:00,0,,e3f92a45a03a11e1ac75002564cb911c,b3b0078b153911ddad71001e378839ac,TAMAPPLICATION,760019efcb2b11db9435000e3573f0d3,ETOMPROCESS,ADMIN,ADMIN,ADMIN
,2012-05-17T12:11:07,0,0,0,2012-05-17T12:11:07,,1899-12-30T00:00:00,0,,e3f92a47a03a11e1ac75002564cb911c,b5ca08921b6311dc87c600059a3c7800,TAMAPPLICATION,7001e9b3cb2b11db9435000e3573f0d3,ETOMPROCESS,ADMIN,ADMIN,ADMIN
,2012-05-17T12:11:07,0,0,0,2012-05-17T12:11:07,,1899-12-30T00:00:00,0,,e3f92a4aa03a11e1ac75002564cb911c,b5ca08921b6311dc87c600059a3c7800,TAMAPPLICATION,760019f1cb2b11db9435000e3573f0d3,ETOMPROCESS,ADMIN,ADMIN,ADMIN
,2012-05-17T12:11:07,0,0,0,2012-05-17T12:11:07,,1899-12-30T00:00:00,0,,e3f92a4ca03a11e1ac75002564cb911c,b5ca08921b6311dc87c600059a3c7800,TAMAPPLICATION,760019f7cb2b11db9435000e3573f0d3,ETOMPROCESS,ADMIN,ADMIN,ADMIN
,2012-05-17T12:11:07,0,0,0,2012-05-17T12:11:07,,1899-12-30T00:00:00,0,,e3f92a4fa03a11e1ac75002564cb911c,01713fc446a411df88120026b9bf6441,TAMAPPLICATION,7001e85fcb2b11db9435000e3573f0d3,ETOMPROCESS,ADMIN,ADMIN,ADMIN
,2012-05-17T12:11:07,0,0,0,2012-05-17T12:11:07,,1899-12-30T00:00:00,0,,e3f92a51a03a11e1ac75002564cb911c,b3b0079c153911ddad71001e378839ac,TAMAPPLICATION,7001e85fcb2b11db9435000e3573f0d3,ETOMPROCESS,ADMIN,ADMIN,ADMIN
,2012-05-17T12:11:07,0,0,0,2012-05-17T12:11:07,,1899-12-30T00:00:00,0,,e3f92a54a03a11e1ac75002564cb911c,b3b0079c153911ddad71001e378839ac,TAMAPPLICATION,7001e8aacb2b11db9435000e3573f0d3,ETOMPROCESS,ADMIN,ADMIN,ADMIN
,2012-05-17T12:11:07,0,0,0,2012-05-17T12:11:07,,1899-12-30T00:00:00,0,,e3f92a56a03a11e1ac75002564cb911c,b3b0079c153911ddad71001e378839ac,TAMAPPLICATION,7001e8b1cb2b11db9435000e3573f0d3,ETOMPROCESS,ADMIN,ADMIN,ADMIN
,2012-05-17T12:11:07,0,0,0,2012-05-17T12:11:07,,1899-12-30T00:00:00,0,,e3f92a58a03a11e1ac75002564cb911c,b3b0079c153911ddad71001e378839ac,TAMAPPLICATION,7001e8b7cb2b11db9435000e3573f0d3,ETOMPROCESS,ADMIN,ADMIN,ADMIN
,2012-05-17T12:11:07,0,0,0,2012-05-17T12:11:07,,1899-12-30T00:00:00,0,,e3f92a5aa03a11e1ac75002564cb911c,b3b0079c153911ddad71001e378839ac,TAMAPPLICATION,7001e8c9cb2b11db9435000e3573f0d3,ETOMPROCESS,ADMIN,ADMIN,ADMIN
,2012-05-17T12:11:07,0,0,0,2012-05-17T12:11:07,,1899-12-30T00:00:00,0,,e3f92a5ca03a11e1ac75002564cb911c,b3b0079c153911ddad71001e378839ac,TAMAPPLICATION,7001e8d1cb2b11db9435000e3573f0d3,ETOMPROCESS,ADMIN,ADMIN,ADMIN
,2012-05-17T12:11:07,0,0,0,2012-05-17T12:11:07,,1899-12-30T00:00:00,0,,e3f92a5ea03a11e1ac75002564cb911c,b3b0079c153911ddad71001e378839ac,TAMAPPLICATION,7001e862cb2b11db9435000e3573f0d3,ETOMPROCESS,ADMIN,ADMIN,ADMIN
,2012-05-17T12:11:07,0,0,0,2012-05-17T12:11:07,,1899-12-30T00:00:00,0,,e3f92a60a03a11e1ac75002564cb911c,b3b0079c153911ddad71001e378839ac,TAMAPPLICATION,7001e8e0cb2b11db9435000e3573f0d3,ETOMPROCESS,ADMIN,ADMIN,ADMIN
,2012-05-17T12:11:07,0,0,0,2012-05-17T12:11:07,,1899-12-30T00:00:00,0,,e3f92a62a03a11e1ac75002564cb911c,f7145b5a46a311df88120026b9bf6441,TAMAPPLICATION,7001e8c9cb2b11db9435000e3573f0d3,ETOMPROCESS,ADMIN,ADMIN,ADMIN
,2012-05-17T12:11:07,0,0,0,2012-05-17T12:11:07,,1899-12-30T00:00:00,0,,e3f92a64a03a11e1ac75002564cb911c,09f53e8f46a411df88120026b9bf6441,TAMAPPLICATION,7001e8b7cb2b11db9435000e3573f0d3,ETOMPROCESS,ADMIN,ADMIN,ADMIN
,2012-05-17T12:11:07,0,0,0,2012-05-17T12:11:07,,1899-12-30T00:00:00,0,,e3f92a66a03a11e1ac75002564cb911c,09f53e8f46a411df88120026b9bf6441,TAMAPPLICATION,7001e8d1cb2b11db9435000e3573f0d3,ETOMPROCESS,ADMIN,ADMIN,ADMIN
,2012-05-17T12:11:07,0,0,0,2012-05-17T12:11:07,,1899-12-30T00:00:00,0,,e3f92a68a03a11e1ac75002564cb911c,b3b00791153911ddad71001e378839ac,TAMAPPLICATION,760019f7cb2b11db9435000e3573f0d3,ETOMPROCESS,ADMIN,ADMIN,ADMIN
e3f92944a03a11e1ac75002564cb911c,2012-05-17T12:11:07,0,0,0,2012-05-17T12:11:07,,1899-12-30T00:00:00,0,,e3f92a6da03a11e1ac75002564cb911c,53bcf22c224b11df9556001de065480b,TAMAPPLICATION,7600197fcb2b11db9435000e3573f0d3,ETOMPROCESS,ADMIN,ADMIN,ADMIN
e3f92944a03a11e1ac75002564cb911c,2012-05-17T12:11:07,0,0,0,2012-05-17T12:11:08,,1899-12-30T00:00:00,0,,e3f92a6fa03a11e1ac75002564cb911c,3ecb6681163811ddad71001e378839ac,TAMAPPLICATION,7600197bcb2b11db9435000e3573f0d3,ETOMPROCESS,ADMIN,ADMIN,ADMIN
e3f92944a03a11e1ac75002564cb911c,2012-05-17T12:11:08,0,0,0,2012-05-17T12:11:08,,1899-12-30T00:00:00,0,,e3f92a71a03a11e1ac75002564cb911c,3ecb6681163811ddad71001e378839ac,TAMAPPLICATION,7001e846cb2b11db9435000e3573f0d3,ETOMPROCESS,ADMIN,ADMIN,ADMIN
e3f92944a03a11e1ac75002564cb911c,2012-05-17T12:11:08,0,0,0,2012-05-17T12:11:08,,1899-12-30T00:00:00,0,,e3f92a74a03a11e1ac75002564cb911c,3ecb6680163811ddad71001e378839ac,TAMAPPLICATION,7001e8bbcb2b11db9435000e3573f0d3,ETOMPROCESS,ADMIN,ADMIN,ADMIN
e3f92944a03a11e1ac75002564cb911c,2012-05-17T12:11:08,0,0,0,2012-05-17T12:11:08,,1899-12-30T00:00:00,0,,e3f92a76a03a11e1ac75002564cb911c,3ecb6680163811ddad71001e378839ac,TAMAPPLICATION,76001981cb2b11db9435000e3573f0d3,ETOMPROCESS,ADMIN,ADMIN,ADMIN
e3f92944a03a11e1ac75002564cb911c,2012-05-17T12:11:08,0,0,0,2012-05-17T12:11:08,,1899-12-30T00:00:00,0,,e3f92a78a03a11e1ac75002564cb911c,3ecb6680163811ddad71001e378839ac,TAMAPPLICATION,694c616a98ce11df8caf0026b9bf6441,ETOMPROCESS,ADMIN,ADMIN,ADMIN
e3f92944a03a11e1ac75002564cb911c,2012-05-17T12:11:08,0,0,0,2012-05-17T12:11:08,,1899-12-30T00:00:00,0,,e3f92a7aa03a11e1ac75002564cb911c,3ecb6680163811ddad71001e378839ac,TAMAPPLICATION,fdb91332aa9711dd9438001de065480b,ETOMPROCESS,ADMIN,ADMIN,ADMIN
e3f92944a03a11e1ac75002564cb911c,2012-05-17T12:11:08,0,0,0,2012-05-17T12:11:08,,1899-12-30T00:00:00,0,,e3f92a7da03a11e1ac75002564cb911c,e1ba9d1539d811db9075004096a6c0fb,TAMAPPLICATION,7001e838cb2b11db9435000e3573f0d3,ETOMPROCESS,ADMIN,ADMIN,ADMIN
e3f92944a03a11e1ac75002564cb911c,2012-05-17T12:11:08,0,0,0,2012-05-17T12:11:08,,1899-12-30T00:00:00,0,,e3f92a7fa03a11e1ac75002564cb911c,e1ba9d1539d811db9075004096a6c0fb,TAMAPPLICATION,e9d2fae28f6e11dfad4100059a3c7800,ETOMPROCESS,ADMIN,ADMIN,ADMIN
e3f92944a03a11e1ac75002564cb911c,2012-05-17T12:11:08,0,0,0,2012-05-17T12:11:08,,1899-12-30T00:00:00,0,,e3f92a81a03a11e1ac75002564cb911c,e1ba9d1539d811db9075004096a6c0fb,TAMAPPLICATION,e9d2fae38f6e11dfad4100059a3c7800,ETOMPROCESS,ADMIN,ADMIN,ADMIN
e3f92944a03a11e1ac75002564cb911c,2012-05-17T12:11:08,0,0,0,2012-05-17T12:11:08,,1899-12-30T00:00:00,0,,e3f92a83a03a11e1ac75002564cb911c,e1ba9d1539d811db9075004096a6c0fb,TAMAPPLICATION,a853680485f711dd9427001de065480b,ETOMPROCESS,ADMIN,ADMIN,ADMIN
e3f92944a03a11e1ac75002564cb911c,2012-05-17T12:11:08,0,0,0,2012-05-17T12:11:08,,1899-12-30T00:00:00,0,,e3f92a85a03a11e1ac75002564cb911c,e1ba9d1539d811db9075004096a6c0fb,TAMAPPLICATION,e9d2fae18f6e11dfad4100059a3c7800,ETOMPROCESS,ADMIN,ADMIN,ADMIN
e3f92944a03a11e1ac75002564cb911c,2012-05-17T12:11:08,0,0,0,2012-05-17T12:11:08,,1899-12-30T00:00:00,0,,e3f92a87a03a11e1ac75002564cb911c,e1ba9d1539d811db9075004096a6c0fb,TAMAPPLICATION,7600197bcb2b11db9435000e3573f0d3,ETOMPROCESS,ADMIN,ADMIN,ADMIN
e3f92944a03a11e1ac75002564cb911c,2012-05-17T12:11:08,0,0,0,2012-05-17T12:11:08,,1899-12-30T00:00:00,0,,e3f92a8aa03a11e1ac75002564cb911c,e1ba9d1539d811db9075004096a6c0fb,TAMAPPLICATION,a853681285f711dd9427001de065480b,ETOMPROCESS,ADMIN,ADMIN,ADMIN
e3f92944a03a11e1ac75002564cb911c,2012-05-17T12:11:08,0,0,0,2012-05-17T12:11:08,,1899-12-30T00:00:00,0,,e3f92a8ca03a11e1ac75002564cb911c,e1ba9d1539d811db9075004096a6c0fb,TAMAPPLICATION,760019eacb2b11db9435000e3573f0d3,ETOMPROCESS,ADMIN,ADMIN,ADMIN
e3f92944a03a11e1ac75002564cb911c,2012-05-17T12:11:08,0,0,0,2012-05-17T12:11:08,,1899-12-30T00:00:00,0,,e3f92a8ea03a11e1ac75002564cb911c,e1ba9d1539d811db9075004096a6c0fb,TAMAPPLICATION,8f0be8faaa9811dd9438001de065480b,ETOMPROCESS,ADMIN,ADMIN,ADMIN
e3f92944a03a11e1ac75002564cb911c,2012-05-17T12:11:08,0,0,0,2012-05-17T12:11:08,,1899-12-30T00:00:00,0,,e3f92a90a03a11e1ac75002564cb911c,e1ba9d1539d811db9075004096a6c0fb,TAMAPPLICATION,ec41a0688f7211dfad4100059a3c7800,ETOMPROCESS,ADMIN,ADMIN,ADMIN
e3f92944a03a11e1ac75002564cb911c,2012-05-17T12:11:08,0,0,0,2012-05-17T12:11:08,,1899-12-30T00:00:00,0,,e3f92a92a03a11e1ac75002564cb911c,e1ba9d1539d811db9075004096a6c0fb,TAMAPPLICATION,ef9b171798c411df8caf0026b9bf6441,ETOMPROCESS,ADMIN,ADMIN,ADMIN
e3f92944a03a11e1ac75002564cb911c,2012-05-17T12:11:08,0,0,0,2012-05-17T12:11:08,,1899-12-30T00:00:00,0,,e3f92a94a03a11e1ac75002564cb911c,e1ba9d1539d811db9075004096a6c0fb,TAMAPPLICATION,760019f0cb2b11db9435000e3573f0d3,ETOMPROCESS,ADMIN,ADMIN,ADMIN
e3f92944a03a11e1ac75002564cb911c,2012-05-17T12:11:08,0,0,0,2012-05-17T12:11:08,,1899-12-30T00:00:00,0,,e3f92a96a03a11e1ac75002564cb911c,e1ba9d1539d811db9075004096a6c0fb,TAMAPPLICATION,a853682485f711dd9427001de065480b,ETOMPROCESS,ADMIN,ADMIN,ADMIN
e3f92944a03a11e1ac75002564cb911c,2012-05-17T12:11:08,0,0,0,2012-05-17T12:11:08,,1899-12-30T00:00:00,0,,e3f92a98a03a11e1ac75002564cb911c,e1ba9d1539d811db9075004096a6c0fb,TAMAPPLICATION,7001e846cb2b11db9435000e3573f0d3,ETOMPROCESS,ADMIN,ADMIN,ADMIN
e3f92944a03a11e1ac75002564cb911c,2012-05-17T12:11:08,0,0,0,2012-05-17T12:11:08,,1899-12-30T00:00:00,0,,e3f92a9aa03a11e1ac75002564cb911c,e1ba9d1539d811db9075004096a6c0fb,TAMAPPLICATION,760019f9cb2b11db9435000e3573f0d3,ETOMPROCESS,ADMIN,ADMIN,ADMIN
e3f92944a03a11e1ac75002564cb911c,2012-05-17T12:11:09,0,0,0,2012-05-17T12:11:09,,1899-12-30T00:00:00,0,,e3f92a9ca03a11e1ac75002564cb911c,e1ba9d1539d811db9075004096a6c0fb,TAMAPPLICATION,b8a27aa10cf811dda72f001e378839ac,ETOMPROCESS,ADMIN,ADMIN,ADMIN
e3f92944a03a11e1ac75002564cb911c,2012-05-17T12:11:09,0,0,0,2012-05-17T12:11:09,,1899-12-30T00:00:00,0,,e3f92a9ea03a11e1ac75002564cb911c,07f0aec9827111dc887d00059a3c7800,TAMAPPLICATION,94bf79c090f011df86bd0026b9bf6441,ETOMPROCESS,ADMIN,ADMIN,ADMIN
e3f92944a03a11e1ac75002564cb911c,2012-05-17T12:11:09,0,0,0,2012-05-17T12:11:09,,1899-12-30T00:00:00,0,,e3f92aa0a03a11e1ac75002564cb911c,07f0aec9827111dc887d00059a3c7800,TAMAPPLICATION,ec41a0698f7211dfad4100059a3c7800,ETOMPROCESS,ADMIN,ADMIN,ADMIN
e3f92944a03a11e1ac75002564cb911c,2012-05-17T12:11:09,0,0,0,2012-05-17T12:11:09,,1899-12-30T00:00:00,0,,e3f92aa2a03a11e1ac75002564cb911c,07f0aec9827111dc887d00059a3c7800,TAMAPPLICATION,2140cc1c8f8711dfad4100059a3c7800,ETOMPROCESS,ADMIN,ADMIN,ADMIN
e3f92944a03a11e1ac75002564cb911c,2012-05-17T12:11:09,0,0,0,2012-05-17T12:11:09,,1899-12-30T00:00:00,0,,e3f92aa4a03a11e1ac75002564cb911c,b338a3150edf11dc87b800059a3c7800,TAMAPPLICATION,e9d2fae08f6e11dfad4100059a3c7800,ETOMPROCESS,ADMIN,ADMIN,ADMIN
e3f9293aa03a11e1ac75002564cb911c,2012-05-17T12:11:09,0,0,0,2012-05-17T12:11:09,,1899-12-30T00:00:00,0,,e3f92aa6a03a11e1ac75002564cb911c,b338a3150edf11dc87b800059a3c7800,TAMAPPLICATION,7001e842cb2b11db9435000e3573f0d3,ETOMPROCESS,ADMIN,ADMIN,ADMIN
e3f92944a03a11e1ac75002564cb911c,2012-05-17T12:11:09,0,0,0,2012-05-17T12:11:09,,1899-12-30T00:00:00,0,,e3f92aa8a03a11e1ac75002564cb911c,b338a3150edf11dc87b800059a3c7800,TAMAPPLICATION,7001e9a4cb2b11db9435000e3573f0d3,ETOMPROCESS,ADMIN,ADMIN,ADMIN
e3f92944a03a11e1ac75002564cb911c,2012-05-17T12:11:09,0,0,0,2012-05-17T12:11:09,,1899-12-30T00:00:00,0,,e3f92aaaa03a11e1ac75002564cb911c,b338a3150edf11dc87b800059a3c7800,TAMAPPLICATION,760018fdcb2b11db9435000e3573f0d3,ETOMPROCESS,ADMIN,ADMIN,ADMIN
e3f92944a03a11e1ac75002564cb911c,2012-05-17T12:11:09,0,0,0,2012-05-17T12:11:09,,1899-12-30T00:00:00,0,,e3f92aaca03a11e1ac75002564cb911c,b338a3150edf11dc87b800059a3c7800,TAMAPPLICATION,76001914cb2b11db9435000e3573f0d3,ETOMPROCESS,ADMIN,ADMIN,ADMIN
e3f9293aa03a11e1ac75002564cb911c,2012-05-17T12:11:09,0,0,0,2012-05-17T12:11:09,,1899-12-30T00:00:00,0,,e3f92aaea03a11e1ac75002564cb911c,b338a3150edf11dc87b800059a3c7800,TAMAPPLICATION,76001918cb2b11db9435000e3573f0d3,ETOMPROCESS,ADMIN,ADMIN,ADMIN
e3f92944a03a11e1ac75002564cb911c,2012-05-17T12:11:09,0,0,0,2012-05-17T12:11:09,,1899-12-30T00:00:00,0,,e3f92ab0a03a11e1ac75002564cb911c,b338a3150edf11dc87b800059a3c7800,TAMAPPLICATION,e9d2fadd8f6e11dfad4100059a3c7800,ETOMPROCESS,ADMIN,ADMIN,ADMIN
e3f92944a03a11e1ac75002564cb911c,2012-05-17T12:11:09,0,0,0,2012-05-17T12:11:09,,1899-12-30T00:00:00,0,,e3f92ab2a03a11e1ac75002564cb911c,b338a3150edf11dc87b800059a3c7800,TAMAPPLICATION,e9d2fad38f6e11dfad4100059a3c7800,ETOMPROCESS,ADMIN,ADMIN,ADMIN
e3f92944a03a11e1ac75002564cb911c,2012-05-17T12:11:09,0,0,0,2012-05-17T12:11:09,,1899-12-30T00:00:00,0,,e3f92ab4a03a11e1ac75002564cb911c,b338a3150edf11dc87b800059a3c7800,TAMAPPLICATION,76001933cb2b11db9435000e3573f0d3,ETOMPROCESS,ADMIN,ADMIN,ADMIN
e3f92944a03a11e1ac75002564cb911c,2012-05-17T12:11:09,0,0,0,2012-05-17T12:11:09,,1899-12-30T00:00:00,0,,e3f92ab6a03a11e1ac75002564cb911c,b338a3150edf11dc87b800059a3c7800,TAMAPPLICATION,e9d2fad18f6e11dfad4100059a3c7800,ETOMPROCESS,ADMIN,ADMIN,ADMIN
e3f92944a03a11e1ac75002564cb911c,2012-05-17T12:11:09,0,0,0,2012-05-17T12:11:09,,1899-12-30T00:00:00,0,,e3f92ab8a03a11e1ac75002564cb911c,b338a3150edf11dc87b800059a3c7800,TAMAPPLICATION,e9d2fad28f6e11dfad4100059a3c7800,ETOMPROCESS,ADMIN,ADMIN,ADMIN
e3f92944a03a11e1ac75002564cb911c,2012-05-17T12:11:09,0,0,0,2012-05-17T12:11:09,,1899-12-30T00:00:00,0,,e3f92abba03a11e1ac75002564cb911c,b338a3150edf11dc87b800059a3c7800,TAMAPPLICATION,8f0be8faaa9811dd9438001de065480b,ETOMPROCESS,ADMIN,ADMIN,ADMIN
e3f92944a03a11e1ac75002564cb911c,2012-05-17T12:11:09,0,0,0,2012-05-17T12:11:09,,1899-12-30T00:00:00,0,,e3f92abda03a11e1ac75002564cb911c,b338a3150edf11dc87b800059a3c7800,TAMAPPLICATION,f0e60d18aa9711dd9438001de065480b,ETOMPROCESS,ADMIN,ADMIN,ADMIN
e3f92944a03a11e1ac75002564cb911c,2012-05-17T12:11:09,0,0,0,2012-05-17T12:11:09,,1899-12-30T00:00:00,0,,e3f92abfa03a11e1ac75002564cb911c,b338a3150edf11dc87b800059a3c7800,TAMAPPLICATION,7bf6a4d5cb2b11db9435000e3573f0d3,ETOMPROCESS,ADMIN,ADMIN,ADMIN
e3f92944a03a11e1ac75002564cb911c,2012-05-17T12:11:09,0,0,0,2012-05-17T12:11:09,,1899-12-30T00:00:00,0,,e3f92ac1a03a11e1ac75002564cb911c,b338a3150edf11dc87b800059a3c7800,TAMAPPLICATION,7bf6a555cb2b11db9435000e3573f0d3,ETOMPROCESS,ADMIN,ADMIN,ADMIN
e3f92944a03a11e1ac75002564cb911c,2012-05-17T12:11:09,0,0,0,2012-05-17T12:11:09,,1899-12-30T00:00:00,0,,e3f92ac3a03a11e1ac75002564cb911c,b338a3150edf11dc87b800059a3c7800,TAMAPPLICATION,7bf6a559cb2b11db9435000e3573f0d3,ETOMPROCESS,ADMIN,ADMIN,ADMIN
e3f92944a03a11e1ac75002564cb911c,2012-05-17T12:11:09,0,0,0,2012-05-17T12:11:10,,1899-12-30T00:00:00,0,,e3f92ac5a03a11e1ac75002564cb911c,b338a3150edf11dc87b800059a3c7800,TAMAPPLICATION,e9d2fad68f6e11dfad4100059a3c7800,ETOMPROCESS,ADMIN,ADMIN,ADMIN
e3f92944a03a11e1ac75002564cb911c,2012-05-17T12:11:10,0,0,0,2012-05-17T12:11:10,,1899-12-30T00:00:00,0,,e3f92ac7a03a11e1ac75002564cb911c,b338a3150edf11dc87b800059a3c7800,TAMAPPLICATION,e9d2fadf8f6e11dfad4100059a3c7800,ETOMPROCESS,ADMIN,ADMIN,ADMIN
e3f92944a03a11e1ac75002564cb911c,2012-05-17T12:11:10,0,0,0,2012-05-17T12:11:10,,1899-12-30T00:00:00,0,,e3f92ac9a03a11e1ac75002564cb911c,b338a3150edf11dc87b800059a3c7800,TAMAPPLICATION,e9d2fade8f6e11dfad4100059a3c7800,ETOMPROCESS,ADMIN,ADMIN,ADMIN
e3f92944a03a11e1ac75002564cb911c,2012-05-17T12:11:10,0,0,0,2012-05-17T12:11:10,,1899-12-30T00:00:00,0,,e3f92acba03a11e1ac75002564cb911c,b338a3150edf11dc87b800059a3c7800,TAMAPPLICATION,7001e846cb2b11db9435000e3573f0d3,ETOMPROCESS,ADMIN,ADMIN,ADMIN
e3f92944a03a11e1ac75002564cb911c,2012-05-17T12:11:10,0,0,0,2012-05-17T12:11:10,,1899-12-30T00:00:00,0,,e3f92acea03a11e1ac75002564cb911c,90c2a15c224c11df9556001de065480b,TAMAPPLICATION,76001887cb2b11db9435000e3573f0d3,ETOMPROCESS,ADMIN,ADMIN,ADMIN
e3f92944a03a11e1ac75002564cb911c,2012-05-17T12:11:10,0,0,0,2012-05-17T12:11:10,,1899-12-30T00:00:00,0,,e3f92ad0a03a11e1ac75002564cb911c,90c2a15c224c11df9556001de065480b,TAMAPPLICATION,7bf6a561cb2b11db9435000e3573f0d3,ETOMPROCESS,ADMIN,ADMIN,ADMIN
e3f92944a03a11e1ac75002564cb911c,2012-05-17T12:11:10,0,0,0,2012-05-17T12:11:10,,1899-12-30T00:00:00,0,,e3f92ad4a03a11e1ac75002564cb911c,90c2a15c224c11df9556001de065480b,TAMAPPLICATION,760019f9cb2b11db9435000e3573f0d3,ETOMPROCESS,ADMIN,ADMIN,ADMIN
e3f92944a03a11e1ac75002564cb911c,2012-05-17T12:11:10,0,0,0,2012-05-17T12:11:10,,1899-12-30T00:00:00,0,,e3f92ad9a03a11e1ac75002564cb911c,4fd45d2a1b3811dc87c600059a3c7800,TAMAPPLICATION,7001e9c5cb2b11db9435000e3573f0d3,ETOMPROCESS,ADMIN,ADMIN,ADMIN
e3f92944a03a11e1ac75002564cb911c,2012-05-17T12:11:10,0,0,0,2012-05-17T12:11:10,,1899-12-30T00:00:00,0,,e3f92adba03a11e1ac75002564cb911c,4fd45d2a1b3811dc87c600059a3c7800,TAMAPPLICATION,e9d2fadb8f6e11dfad4100059a3c7800,ETOMPROCESS,ADMIN,ADMIN,ADMIN
e3f9293aa03a11e1ac75002564cb911c,2012-05-17T12:11:10,0,0,0,2012-05-17T12:11:10,,1899-12-30T00:00:00,0,,e3f92adda03a11e1ac75002564cb911c,4fd45d2a1b3811dc87c600059a3c7800,TAMAPPLICATION,e9d2fad88f6e11dfad4100059a3c7800,ETOMPROCESS,ADMIN,ADMIN,ADMIN
,2009-10-19T13:40:38,0,0,0,2009-10-19T13:40:38,,1899-12-30T00:00:00,0,,e495d456bcde11de870d002170a82a63,e1ba9d0f39d811db9075004096a6c0fb,TAMAPPLICATION,7001e954cb2b11db9435000e3573f0d3,ETOMPROCESS,ADMIN,ADMIN,ADMIN
e3f92944a03a11e1ac75002564cb911c,2012-05-17T12:11:10,0,0,0,2012-05-17T12:11:10,,1899-12-30T00:00:00,0,,e9f36661a03a11e1ac75002564cb911c,4fd45d2a1b3811dc87c600059a3c7800,TAMAPPLICATION,760019edcb2b11db9435000e3573f0d3,ETOMPROCESS,ADMIN,ADMIN,ADMIN
e3f92944a03a11e1ac75002564cb911c,2012-05-17T12:11:10,0,0,0,2012-05-17T12:11:10,,1899-12-30T00:00:00,0,,e9f36663a03a11e1ac75002564cb911c,4fd45d2a1b3811dc87c600059a3c7800,TAMAPPLICATION,5d255ec08f7c11dfad4100059a3c7800,ETOMPROCESS,ADMIN,ADMIN,ADMIN
e3f92944a03a11e1ac75002564cb911c,2012-05-17T12:11:10,0,0,0,2012-05-17T12:11:10,,1899-12-30T00:00:00,0,,e9f36665a03a11e1ac75002564cb911c,4fd45d2a1b3811dc87c600059a3c7800,TAMAPPLICATION,e9d2fadc8f6e11dfad4100059a3c7800,ETOMPROCESS,ADMIN,ADMIN,ADMIN
e3f92944a03a11e1ac75002564cb911c,2012-05-17T12:11:10,0,0,0,2012-05-17T12:11:10,,1899-12-30T00:00:00,0,,e9f36667a03a11e1ac75002564cb911c,4fd45d2a1b3811dc87c600059a3c7800,TAMAPPLICATION,e9d2fad78f6e11dfad4100059a3c7800,ETOMPROCESS,ADMIN,ADMIN,ADMIN
e3f92944a03a11e1ac75002564cb911c,2012-05-17T12:11:10,0,0,0,2012-05-17T12:11:10,,1899-12-30T00:00:00,0,,e9f36669a03a11e1ac75002564cb911c,fdc852891b3811dc87c600059a3c7800,TAMAPPLICATION,e9d2fad48f6e11dfad4100059a3c7800,ETOMPROCESS,ADMIN,ADMIN,ADMIN
e3f9293aa03a11e1ac75002564cb911c,2012-05-17T12:11:10,0,0,0,2012-05-17T12:11:10,,1899-12-30T00:00:00,0,,e9f3666ca03a11e1ac75002564cb911c,fdc852891b3811dc87c600059a3c7800,TAMAPPLICATION,760019f3cb2b11db9435000e3573f0d3,ETOMPROCESS,ADMIN,ADMIN,ADMIN
e3f92944a03a11e1ac75002564cb911c,2012-05-17T12:11:10,0,0,0,2012-05-17T12:11:11,,1899-12-30T00:00:00,0,,e9f3666ea03a11e1ac75002564cb911c,fdc852891b3811dc87c600059a3c7800,TAMAPPLICATION,760019f9cb2b11db9435000e3573f0d3,ETOMPROCESS,ADMIN,ADMIN,ADMIN
e3f92944a03a11e1ac75002564cb911c,2012-05-17T12:11:11,0,0,0,2012-05-17T12:11:11,,1899-12-30T00:00:00,0,,e9f36670a03a11e1ac75002564cb911c,fdc852891b3811dc87c600059a3c7800,TAMAPPLICATION,e9d2fad58f6e11dfad4100059a3c7800,ETOMPROCESS,ADMIN,ADMIN,ADMIN
e3f9293aa03a11e1ac75002564cb911c,2012-05-17T12:11:11,0,0,0,2012-05-17T12:11:11,,1899-12-30T00:00:00,0,,e9f36672a03a11e1ac75002564cb911c,2f8a7369827011dc887d00059a3c7800,TAMAPPLICATION,5d255ebb8f7c11dfad4100059a3c7800,ETOMPROCESS,ADMIN,ADMIN,ADMIN
e3f92944a03a11e1ac75002564cb911c,2012-05-17T12:11:11,0,0,0,2012-05-17T12:11:11,,1899-12-30T00:00:00,0,,e9f36674a03a11e1ac75002564cb911c,2f8a7369827011dc887d00059a3c7800,TAMAPPLICATION,e9d2fada8f6e11dfad4100059a3c7800,ETOMPROCESS,ADMIN,ADMIN,ADMIN
e3f92944a03a11e1ac75002564cb911c,2012-05-17T12:11:11,0,0,0,2012-05-17T12:11:11,,1899-12-30T00:00:00,0,,e9f36676a03a11e1ac75002564cb911c,2f8a7369827011dc887d00059a3c7800,TAMAPPLICATION,760018afcb2b11db9435000e3573f0d3,ETOMPROCESS,ADMIN,ADMIN,ADMIN
e3f92944a03a11e1ac75002564cb911c,2012-05-17T12:11:11,0,0,0,2012-05-17T12:11:11,,1899-12-30T00:00:00,0,,e9f36678a03a11e1ac75002564cb911c,2f8a7369827011dc887d00059a3c7800,TAMAPPLICATION,e9d2fadc8f6e11dfad4100059a3c7800,ETOMPROCESS,ADMIN,ADMIN,ADMIN
e3f92944a03a11e1ac75002564cb911c,2012-05-17T12:11:11,0,0,0,2012-05-17T12:11:11,,1899-12-30T00:00:00,0,,e9f3667aa03a11e1ac75002564cb911c,06e6574d474211df8c200026b9bf6441,TAMAPPLICATION,7001e896cb2b11db9435000e3573f0d3,ETOMPROCESS,ADMIN,ADMIN,ADMIN
e3f92944a03a11e1ac75002564cb911c,2012-05-17T12:11:11,0,0,0,2012-05-17T12:11:11,,1899-12-30T00:00:00,0,,e9f3667ca03a11e1ac75002564cb911c,06e6574d474211df8c200026b9bf6441,TAMAPPLICATION,5f2f189b98cf11df8caf0026b9bf6441,ETOMPROCESS,ADMIN,ADMIN,ADMIN
e3f92944a03a11e1ac75002564cb911c,2012-05-17T12:11:11,0,0,0,2012-05-17T12:11:11,,1899-12-30T00:00:00,0,,e9f3667ea03a11e1ac75002564cb911c,06e6574d474211df8c200026b9bf6441,TAMAPPLICATION,f3e9adaa98c711df8caf0026b9bf6441,ETOMPROCESS,ADMIN,ADMIN,ADMIN
e3f9293aa03a11e1ac75002564cb911c,2012-05-17T12:11:11,0,0,0,2012-05-17T12:11:11,,1899-12-30T00:00:00,0,,e9f36680a03a11e1ac75002564cb911c,06e6574d474211df8c200026b9bf6441,TAMAPPLICATION,2140cc1b8f8711dfad4100059a3c7800,ETOMPROCESS,ADMIN,ADMIN,ADMIN
e3f92944a03a11e1ac75002564cb911c,2012-05-17T12:11:11,0,0,0,2012-05-17T12:11:11,,1899-12-30T00:00:00,0,,e9f36682a03a11e1ac75002564cb911c,06e6574d474211df8c200026b9bf6441,TAMAPPLICATION,2140cc218f8711dfad4100059a3c7800,ETOMPROCESS,ADMIN,ADMIN,ADMIN
e3f92944a03a11e1ac75002564cb911c,2012-05-17T12:11:11,0,0,0,2012-05-17T12:11:11,,1899-12-30T00:00:00,0,,e9f36685a03a11e1ac75002564cb911c,36f7259f474111df8c200026b9bf6441,TAMAPPLICATION,2140cc268f8711dfad4100059a3c7800,ETOMPROCESS,ADMIN,ADMIN,ADMIN
e3f92944a03a11e1ac75002564cb911c,2012-05-17T12:11:11,0,0,0,2012-05-17T12:11:11,,1899-12-30T00:00:00,0,,e9f36687a03a11e1ac75002564cb911c,258bca7d474211df8c200026b9bf6441,TAMAPPLICATION,2140cc238f8711dfad4100059a3c7800,ETOMPROCESS,ADMIN,ADMIN,ADMIN
e3f92944a03a11e1ac75002564cb911c,2012-05-17T12:11:11,0,0,0,2012-05-17T12:11:11,,1899-12-30T00:00:00,0,,e9f36689a03a11e1ac75002564cb911c,258bca7d474211df8c200026b9bf6441,TAMAPPLICATION,2140cc258f8711dfad4100059a3c7800,ETOMPROCESS,ADMIN,ADMIN,ADMIN
e3f9293aa03a11e1ac75002564cb911c,2012-05-17T12:11:12,0,0,0,2012-05-17T12:11:12,,1899-12-30T00:00:00,0,,e9f3668ea03a11e1ac75002564cb911c,258bca7d474211df8c200026b9bf6441,TAMAPPLICATION,7001e8b9cb2b11db9435000e3573f0d3,ETOMPROCESS,ADMIN,ADMIN,ADMIN
e3f92944a03a11e1ac75002564cb911c,2012-05-17T12:11:12,0,0,0,2012-05-17T12:11:12,,1899-12-30T00:00:00,0,,e9f36690a03a11e1ac75002564cb911c,258bca7d474211df8c200026b9bf6441,TAMAPPLICATION,7600196ecb2b11db9435000e3573f0d3,ETOMPROCESS,ADMIN,ADMIN,ADMIN
e3f92944a03a11e1ac75002564cb911c,2012-05-17T12:11:12,0,0,0,2012-05-17T12:11:12,,1899-12-30T00:00:00,0,,e9f36692a03a11e1ac75002564cb911c,258bca7d474211df8c200026b9bf6441,TAMAPPLICATION,2140cc248f8711dfad4100059a3c7800,ETOMPROCESS,ADMIN,ADMIN,ADMIN
e3f92944a03a11e1ac75002564cb911c,2012-05-17T12:11:12,0,0,0,2012-05-17T12:11:12,,1899-12-30T00:00:00,0,,e9f36694a03a11e1ac75002564cb911c,258bca7d474211df8c200026b9bf6441,TAMAPPLICATION,2140cc1c8f8711dfad4100059a3c7800,ETOMPROCESS,ADMIN,ADMIN,ADMIN
e3f92944a03a11e1ac75002564cb911c,2012-05-17T12:11:12,0,0,0,2012-05-17T12:11:12,,1899-12-30T00:00:00,0,,e9f36696a03a11e1ac75002564cb911c,258bca7d474211df8c200026b9bf6441,TAMAPPLICATION,2140cc268f8711dfad4100059a3c7800,ETOMPROCESS,ADMIN,ADMIN,ADMIN
e3f92944a03a11e1ac75002564cb911c,2012-05-17T12:11:12,0,0,0,2012-05-17T12:11:12,,1899-12-30T00:00:00,0,,e9f36698a03a11e1ac75002564cb911c,258bca7d474211df8c200026b9bf6441,TAMAPPLICATION,2140cc278f8711dfad4100059a3c7800,ETOMPROCESS,ADMIN,ADMIN,ADMIN
e3f92944a03a11e1ac75002564cb911c,2012-05-17T12:11:12,0,0,0,2012-05-17T12:11:12,,1899-12-30T00:00:00,0,,e9f3669aa03a11e1ac75002564cb911c,1405f1ec472211df8c200026b9bf6441,TAMAPPLICATION,7001e8bbcb2b11db9435000e3573f0d3,ETOMPROCESS,ADMIN,ADMIN,ADMIN
e3f92944a03a11e1ac75002564cb911c,2012-05-17T12:11:12,0,0,0,2012-05-17T12:11:12,,1899-12-30T00:00:00,0,,e9f3669ca03a11e1ac75002564cb911c,1405f1ec472211df8c200026b9bf6441,TAMAPPLICATION,aa932cd8aa9c11dd9438001de065480b,ETOMPROCESS,ADMIN,ADMIN,ADMIN
e3f92944a03a11e1ac75002564cb911c,2012-05-17T12:11:12,0,0,0,2012-05-17T12:11:12,,1899-12-30T00:00:00,0,,e9f3669ea03a11e1ac75002564cb911c,1405f1ec472211df8c200026b9bf6441,TAMAPPLICATION,ec41a06f8f7211dfad4100059a3c7800,ETOMPROCESS,ADMIN,ADMIN,ADMIN
e3f92944a03a11e1ac75002564cb911c,2012-05-17T12:11:12,0,0,0,2012-05-17T12:11:12,,1899-12-30T00:00:00,0,,e9f366a0a03a11e1ac75002564cb911c,1405f1ec472211df8c200026b9bf6441,TAMAPPLICATION,ec41a0708f7211dfad4100059a3c7800,ETOMPROCESS,ADMIN,ADMIN,ADMIN
e3f92944a03a11e1ac75002564cb911c,2012-05-17T12:11:12,0,0,0,2012-05-17T12:11:12,,1899-12-30T00:00:00,0,,e9f366a2a03a11e1ac75002564cb911c,1405f1ec472211df8c200026b9bf6441,TAMAPPLICATION,7001e8d5cb2b11db9435000e3573f0d3,ETOMPROCESS,ADMIN,ADMIN,ADMIN
e3f92944a03a11e1ac75002564cb911c,2012-05-17T12:11:12,0,0,0,2012-05-17T12:11:12,,1899-12-30T00:00:00,0,,e9f366a4a03a11e1ac75002564cb911c,1405f1ec472211df8c200026b9bf6441,TAMAPPLICATION,7bf6a5becb2b11db9435000e3573f0d3,ETOMPROCESS,ADMIN,ADMIN,ADMIN
e3f9293aa03a11e1ac75002564cb911c,2012-05-17T12:11:12,0,0,0,2012-05-17T12:11:12,,1899-12-30T00:00:00,0,,e9f366a6a03a11e1ac75002564cb911c,1405f1ec472211df8c200026b9bf6441,TAMAPPLICATION,7001e8ddcb2b11db9435000e3573f0d3,ETOMPROCESS,ADMIN,ADMIN,ADMIN
e3f92944a03a11e1ac75002564cb911c,2012-05-17T12:11:12,0,0,0,2012-05-17T12:11:12,,1899-12-30T00:00:00,0,,e9f366a8a03a11e1ac75002564cb911c,4ce445d7472211df8c200026b9bf6441,TAMAPPLICATION,ec41a0768f7211dfad4100059a3c7800,ETOMPROCESS,ADMIN,ADMIN,ADMIN
e3f92944a03a11e1ac75002564cb911c,2012-05-17T12:11:12,0,0,0,2012-05-17T12:11:12,,1899-12-30T00:00:00,0,,e9f366aaa03a11e1ac75002564cb911c,4ce445d7472211df8c200026b9bf6441,TAMAPPLICATION,ec41a0738f7211dfad4100059a3c7800,ETOMPROCESS,ADMIN,ADMIN,ADMIN
e3f92944a03a11e1ac75002564cb911c,2012-05-17T12:11:12,0,0,0,2012-05-17T12:11:12,,1899-12-30T00:00:00,0,,e9f366aca03a11e1ac75002564cb911c,4ce445d7472211df8c200026b9bf6441,TAMAPPLICATION,ec41a0758f7211dfad4100059a3c7800,ETOMPROCESS,ADMIN,ADMIN,ADMIN
e3f92944a03a11e1ac75002564cb911c,2012-05-17T12:11:12,0,0,0,2012-05-17T12:11:12,,1899-12-30T00:00:00,0,,e9f366aea03a11e1ac75002564cb911c,4ce445d7472211df8c200026b9bf6441,TAMAPPLICATION,7001e8dbcb2b11db9435000e3573f0d3,ETOMPROCESS,ADMIN,ADMIN,ADMIN
e3f92944a03a11e1ac75002564cb911c,2012-05-17T12:11:12,0,0,0,2012-05-17T12:11:12,,1899-12-30T00:00:00,0,,e9f366b0a03a11e1ac75002564cb911c,4ce445d7472211df8c200026b9bf6441,TAMAPPLICATION,7bf6a5becb2b11db9435000e3573f0d3,ETOMPROCESS,ADMIN,ADMIN,ADMIN
e3f92944a03a11e1ac75002564cb911c,2012-05-17T12:11:12,0,0,0,2012-05-17T12:11:12,,1899-12-30T00:00:00,0,,e9f366b2a03a11e1ac75002564cb911c,4ce445d7472211df8c200026b9bf6441,TAMAPPLICATION,7001e8e4cb2b11db9435000e3573f0d3,ETOMPROCESS,ADMIN,ADMIN,ADMIN
e3f92944a03a11e1ac75002564cb911c,2012-05-17T12:11:12,0,0,0,2012-05-17T12:11:12,,1899-12-30T00:00:00,0,,e9f366b5a03a11e1ac75002564cb911c,b8243e92472111df8c200026b9bf6441,TAMAPPLICATION,ec41a07d8f7211dfad4100059a3c7800,ETOMPROCESS,ADMIN,ADMIN,ADMIN
e3f92944a03a11e1ac75002564cb911c,2012-05-17T12:11:12,0,0,0,2012-05-17T12:11:13,,1899-12-30T00:00:00,0,,e9f366b7a03a11e1ac75002564cb911c,b8243e92472111df8c200026b9bf6441,TAMAPPLICATION,ec41a06c8f7211dfad4100059a3c7800,ETOMPROCESS,ADMIN,ADMIN,ADMIN
e3f92944a03a11e1ac75002564cb911c,2012-05-17T12:11:13,0,0,0,2012-05-17T12:11:13,,1899-12-30T00:00:00,0,,e9f366bba03a11e1ac75002564cb911c,6f39199d472111df8c200026b9bf6441,TAMAPPLICATION,7001e8bacb2b11db9435000e3573f0d3,ETOMPROCESS,ADMIN,ADMIN,ADMIN
e3f92944a03a11e1ac75002564cb911c,2012-05-17T12:11:13,0,0,0,2012-05-17T12:11:13,,1899-12-30T00:00:00,0,,e9f366bda03a11e1ac75002564cb911c,6f39199d472111df8c200026b9bf6441,TAMAPPLICATION,2140cc1f8f8711dfad4100059a3c7800,ETOMPROCESS,ADMIN,ADMIN,ADMIN
e3f92944a03a11e1ac75002564cb911c,2012-05-17T12:11:13,0,0,0,2012-05-17T12:11:13,,1899-12-30T00:00:00,0,,e9f366bfa03a11e1ac75002564cb911c,6f39199d472111df8c200026b9bf6441,TAMAPPLICATION,7001e8bbcb2b11db9435000e3573f0d3,ETOMPROCESS,ADMIN,ADMIN,ADMIN
e3f92944a03a11e1ac75002564cb911c,2012-05-17T12:11:13,0,0,0,2012-05-17T12:11:13,,1899-12-30T00:00:00,0,,e9f366c1a03a11e1ac75002564cb911c,6f39199d472111df8c200026b9bf6441,TAMAPPLICATION,f28962aa98cb11df8caf0026b9bf6441,ETOMPROCESS,ADMIN,ADMIN,ADMIN
e3f92944a03a11e1ac75002564cb911c,2012-05-17T12:11:13,0,0,0,2012-05-17T12:11:13,,1899-12-30T00:00:00,0,,e9f366c3a03a11e1ac75002564cb911c,6f39199d472111df8c200026b9bf6441,TAMAPPLICATION,ec41a06d8f7211dfad4100059a3c7800,ETOMPROCESS,ADMIN,ADMIN,ADMIN
e3f9293aa03a11e1ac75002564cb911c,2012-05-17T12:11:13,0,0,0,2012-05-17T12:11:13,,1899-12-30T00:00:00,0,,e9f366c5a03a11e1ac75002564cb911c,6f39199d472111df8c200026b9bf6441,TAMAPPLICATION,7001e8d5cb2b11db9435000e3573f0d3,ETOMPROCESS,ADMIN,ADMIN,ADMIN
e3f92944a03a11e1ac75002564cb911c,2012-05-17T12:11:13,0,0,0,2012-05-17T12:11:13,,1899-12-30T00:00:00,0,,e9f366c7a03a11e1ac75002564cb911c,8992e9ee472211df8c200026b9bf6441,TAMAPPLICATION,7001e8afcb2b11db9435000e3573f0d3,ETOMPROCESS,ADMIN,ADMIN,ADMIN
e3f92944a03a11e1ac75002564cb911c,2012-05-17T12:11:13,0,0,0,2012-05-17T12:11:13,,1899-12-30T00:00:00,0,,e9f366c9a03a11e1ac75002564cb911c,8992e9ee472211df8c200026b9bf6441,TAMAPPLICATION,e1ee6fd9910f11df86bd0026b9bf6441,ETOMPROCESS,ADMIN,ADMIN,ADMIN
e3f92944a03a11e1ac75002564cb911c,2012-05-17T12:11:13,0,0,0,2012-05-17T12:11:13,,1899-12-30T00:00:00,0,,e9f366cba03a11e1ac75002564cb911c,8992e9ee472211df8c200026b9bf6441,TAMAPPLICATION,7e043f37911911df86bd0026b9bf6441,ETOMPROCESS,ADMIN,ADMIN,ADMIN
e3f92944a03a11e1ac75002564cb911c,2012-05-17T12:11:13,0,0,0,2012-05-17T12:11:13,,1899-12-30T00:00:00,0,,e9f366cda03a11e1ac75002564cb911c,8992e9ee472211df8c200026b9bf6441,TAMAPPLICATION,aa932cd8aa9c11dd9438001de065480b,ETOMPROCESS,ADMIN,ADMIN,ADMIN
e3f9293aa03a11e1ac75002564cb911c,2012-05-17T12:11:13,0,0,0,2012-05-17T12:11:13,,1899-12-30T00:00:00,0,,e9f366d2a03a11e1ac75002564cb911c,6e3979c9472211df8c200026b9bf6441,TAMAPPLICATION,ec41a07a8f7211dfad4100059a3c7800,ETOMPROCESS,ADMIN,ADMIN,ADMIN
e3f92944a03a11e1ac75002564cb911c,2012-05-17T12:11:13,0,0,0,2012-05-17T12:11:13,,1899-12-30T00:00:00,0,,e9f366d4a03a11e1ac75002564cb911c,6e3979c9472211df8c200026b9bf6441,TAMAPPLICATION,ec41a0788f7211dfad4100059a3c7800,ETOMPROCESS,ADMIN,ADMIN,ADMIN
e3f9293aa03a11e1ac75002564cb911c,2012-05-17T12:11:13,0,0,0,2012-05-17T12:11:13,,1899-12-30T00:00:00,0,,e9f366d6a03a11e1ac75002564cb911c,6e3979c9472211df8c200026b9bf6441,TAMAPPLICATION,7001e8b4cb2b11db9435000e3573f0d3,ETOMPROCESS,ADMIN,ADMIN,ADMIN
e3f92944a03a11e1ac75002564cb911c,2012-05-17T12:11:13,0,0,0,2012-05-17T12:11:13,,1899-12-30T00:00:00,0,,e9f366d8a03a11e1ac75002564cb911c,6e3979c9472211df8c200026b9bf6441,TAMAPPLICATION,ec41a06a8f7211dfad4100059a3c7800,ETOMPROCESS,ADMIN,ADMIN,ADMIN
e3f92944a03a11e1ac75002564cb911c,2012-05-17T12:11:13,0,0,0,2012-05-17T12:11:13,,1899-12-30T00:00:00,0,,e9f366daa03a11e1ac75002564cb911c,6e3979c9472211df8c200026b9bf6441,TAMAPPLICATION,ec41a07b8f7211dfad4100059a3c7800,ETOMPROCESS,ADMIN,ADMIN,ADMIN
e3f92944a03a11e1ac75002564cb911c,2012-05-17T12:11:13,0,0,0,2012-05-17T12:11:13,,1899-12-30T00:00:00,0,,e9f366dca03a11e1ac75002564cb911c,6e3979c9472211df8c200026b9bf6441,TAMAPPLICATION,ec41a0778f7211dfad4100059a3c7800,ETOMPROCESS,ADMIN,ADMIN,ADMIN
e3f92944a03a11e1ac75002564cb911c,2012-05-17T12:11:13,0,0,0,2012-05-17T12:11:13,,1899-12-30T00:00:00,0,,e9f366dea03a11e1ac75002564cb911c,6e3979c9472211df8c200026b9bf6441,TAMAPPLICATION,aa932cd8aa9c11dd9438001de065480b,ETOMPROCESS,ADMIN,ADMIN,ADMIN
e3f92944a03a11e1ac75002564cb911c,2012-05-17T12:11:13,0,0,0,2012-05-17T12:11:14,,1899-12-30T00:00:00,0,,e9f366e0a03a11e1ac75002564cb911c,6e3979c9472211df8c200026b9bf6441,TAMAPPLICATION,2140cc1e8f8711dfad4100059a3c7800,ETOMPROCESS,ADMIN,ADMIN,ADMIN
e3f92944a03a11e1ac75002564cb911c,2012-05-17T12:11:14,0,0,0,2012-05-17T12:11:14,,1899-12-30T00:00:00,0,,e9f366e2a03a11e1ac75002564cb911c,6e3979c9472211df8c200026b9bf6441,TAMAPPLICATION,ec41a0768f7211dfad4100059a3c7800,ETOMPROCESS,ADMIN,ADMIN,ADMIN
e3f92944a03a11e1ac75002564cb911c,2012-05-17T12:11:14,0,0,0,2012-05-17T12:11:14,,1899-12-30T00:00:00,0,,e9f366e4a03a11e1ac75002564cb911c,6e3979c9472211df8c200026b9bf6441,TAMAPPLICATION,ec41a07c8f7211dfad4100059a3c7800,ETOMPROCESS,ADMIN,ADMIN,ADMIN
e3f92944a03a11e1ac75002564cb911c,2012-05-17T12:11:14,0,0,0,2012-05-17T12:11:14,,1899-12-30T00:00:00,0,,e9f366e6a03a11e1ac75002564cb911c,6e3979c9472211df8c200026b9bf6441,TAMAPPLICATION,7bf6a5becb2b11db9435000e3573f0d3,ETOMPROCESS,ADMIN,ADMIN,ADMIN
e3f92944a03a11e1ac75002564cb911c,2012-05-17T12:11:14,0,0,0,2012-05-17T12:11:14,,1899-12-30T00:00:00,0,,e9f366e8a03a11e1ac75002564cb911c,6e3979c9472211df8c200026b9bf6441,TAMAPPLICATION,7001e8e4cb2b11db9435000e3573f0d3,ETOMPROCESS,ADMIN,ADMIN,ADMIN
e3f9293aa03a11e1ac75002564cb911c,2012-05-17T12:11:14,0,0,0,2012-05-17T12:11:14,,1899-12-30T00:00:00,0,,e9f366eaa03a11e1ac75002564cb911c,3b7c58ed0e1e11e0bc42002564cb911c,TAMAPPLICATION,7001e864cb2b11db9435000e3573f0d3,ETOMPROCESS,ADMIN,ADMIN,ADMIN
e3f92944a03a11e1ac75002564cb911c,2012-05-17T12:11:14,0,0,0,2012-05-17T12:11:14,,1899-12-30T00:00:00,0,,e9f366eca03a11e1ac75002564cb911c,3b7c58ed0e1e11e0bc42002564cb911c,TAMAPPLICATION,7001e8becb2b11db9435000e3573f0d3,ETOMPROCESS,ADMIN,ADMIN,ADMIN
e3f92944a03a11e1ac75002564cb911c,2012-05-17T12:11:14,0,0,0,2012-05-17T12:11:14,,1899-12-30T00:00:00,0,,e9f366eea03a11e1ac75002564cb911c,3b7c58ed0e1e11e0bc42002564cb911c,TAMAPPLICATION,2140cc1d8f8711dfad4100059a3c7800,ETOMPROCESS,ADMIN,ADMIN,ADMIN
e3f92944a03a11e1ac75002564cb911c,2012-05-17T12:11:14,0,0,0,2012-05-17T12:11:14,,1899-12-30T00:00:00,0,,e9f366f0a03a11e1ac75002564cb911c,3b7c58ed0e1e11e0bc42002564cb911c,TAMAPPLICATION,7001e8e5cb2b11db9435000e3573f0d3,ETOMPROCESS,ADMIN,ADMIN,ADMIN
e3f92944a03a11e1ac75002564cb911c,2012-05-17T12:11:14,0,0,0,2012-05-17T12:11:14,,1899-12-30T00:00:00,0,,e9f366f2a03a11e1ac75002564cb911c,1823d35f0e1e11e0bc42002564cb911c,TAMAPPLICATION,76001981cb2b11db9435000e3573f0d3,ETOMPROCESS,ADMIN,ADMIN,ADMIN
e3f92944a03a11e1ac75002564cb911c,2012-05-17T12:11:14,0,0,0,2012-05-17T12:11:14,,1899-12-30T00:00:00,0,,e9f366f4a03a11e1ac75002564cb911c,1823d35f0e1e11e0bc42002564cb911c,TAMAPPLICATION,7001e8cacb2b11db9435000e3573f0d3,ETOMPROCESS,ADMIN,ADMIN,ADMIN
e3f92944a03a11e1ac75002564cb911c,2012-05-17T12:11:14,0,0,0,2012-05-17T12:11:14,,1899-12-30T00:00:00,0,,e9f366f6a03a11e1ac75002564cb911c,1823d35f0e1e11e0bc42002564cb911c,TAMAPPLICATION,2140cc198f8711dfad4100059a3c7800,ETOMPROCESS,ADMIN,ADMIN,ADMIN
e3f92944a03a11e1ac75002564cb911c,2012-05-17T12:11:14,0,0,0,2012-05-17T12:11:14,,1899-12-30T00:00:00,0,,e9f366f8a03a11e1ac75002564cb911c,1823d35f0e1e11e0bc42002564cb911c,TAMAPPLICATION,7001e867cb2b11db9435000e3573f0d3,ETOMPROCESS,ADMIN,ADMIN,ADMIN
e3f92944a03a11e1ac75002564cb911c,2012-05-17T12:11:14,0,0,0,2012-05-17T12:11:14,,1899-12-30T00:00:00,0,,e9f366fba03a11e1ac75002564cb911c,e45e0bde0e1d11e0bc42002564cb911c,TAMAPPLICATION,2140cc208f8711dfad4100059a3c7800,ETOMPROCESS,ADMIN,ADMIN,ADMIN
e3f92944a03a11e1ac75002564cb911c,2012-05-17T12:11:14,0,0,0,2012-05-17T12:11:14,,1899-12-30T00:00:00,0,,e9f366fda03a11e1ac75002564cb911c,e45e0bde0e1d11e0bc42002564cb911c,TAMAPPLICATION,76001981cb2b11db9435000e3573f0d3,ETOMPROCESS,ADMIN,ADMIN,ADMIN
e3f92944a03a11e1ac75002564cb911c,2012-05-17T12:11:14,0,0,0,2012-05-17T12:11:14,,1899-12-30T00:00:00,0,,e9f366ffa03a11e1ac75002564cb911c,e45e0bde0e1d11e0bc42002564cb911c,TAMAPPLICATION,7001e8becb2b11db9435000e3573f0d3,ETOMPROCESS,ADMIN,ADMIN,ADMIN
e3f92944a03a11e1ac75002564cb911c,2012-05-17T12:11:14,0,0,0,2012-05-17T12:11:14,,1899-12-30T00:00:00,0,,e9f36701a03a11e1ac75002564cb911c,e45e0bde0e1d11e0bc42002564cb911c,TAMAPPLICATION,2140cc188f8711dfad4100059a3c7800,ETOMPROCESS,ADMIN,ADMIN,ADMIN
e3f92944a03a11e1ac75002564cb911c,2012-05-17T12:11:14,0,0,0,2012-05-17T12:11:14,,1899-12-30T00:00:00,0,,e9f36703a03a11e1ac75002564cb911c,e45e0bde0e1d11e0bc42002564cb911c,TAMAPPLICATION,7001e867cb2b11db9435000e3573f0d3,ETOMPROCESS,ADMIN,ADMIN,ADMIN
e3f92944a03a11e1ac75002564cb911c,2012-05-17T12:11:14,0,0,0,2012-05-17T12:11:14,,1899-12-30T00:00:00,0,,e9f36708a03a11e1ac75002564cb911c,5e6e04d90e1e11e0bc42002564cb911c,TAMAPPLICATION,7001e8aecb2b11db9435000e3573f0d3,ETOMPROCESS,ADMIN,ADMIN,ADMIN
e3f92944a03a11e1ac75002564cb911c,2012-05-17T12:11:14,0,0,0,2012-05-17T12:11:14,,1899-12-30T00:00:00,0,,e9f3670aa03a11e1ac75002564cb911c,5e6e04d90e1e11e0bc42002564cb911c,TAMAPPLICATION,e9d2fad98f6e11dfad4100059a3c7800,ETOMPROCESS,ADMIN,ADMIN,ADMIN
e3f92944a03a11e1ac75002564cb911c,2012-05-17T12:11:14,0,0,0,2012-05-17T12:11:15,,1899-12-30T00:00:00,0,,e9f3670ca03a11e1ac75002564cb911c,5e6e04d90e1e11e0bc42002564cb911c,TAMAPPLICATION,70279cd2911911df86bd0026b9bf6441,ETOMPROCESS,ADMIN,ADMIN,ADMIN
e3f92944a03a11e1ac75002564cb911c,2012-05-17T12:11:15,0,0,0,2012-05-17T12:11:15,,1899-12-30T00:00:00,0,,e9f3670ea03a11e1ac75002564cb911c,5e6e04d90e1e11e0bc42002564cb911c,TAMAPPLICATION,76001981cb2b11db9435000e3573f0d3,ETOMPROCESS,ADMIN,ADMIN,ADMIN
e3f9293aa03a11e1ac75002564cb911c,2012-05-17T12:11:15,0,0,0,2012-05-17T12:11:15,,1899-12-30T00:00:00,0,,e9f36710a03a11e1ac75002564cb911c,5e6e04d90e1e11e0bc42002564cb911c,TAMAPPLICATION,7001e8d6cb2b11db9435000e3573f0d3,ETOMPROCESS,ADMIN,ADMIN,ADMIN
e3f9293aa03a11e1ac75002564cb911c,2012-05-17T12:11:15,0,0,0,2012-05-17T12:11:15,,1899-12-30T00:00:00,0,,e9f36713a03a11e1ac75002564cb911c,1d9517a047dc11df8c200026b9bf6441,TAMAPPLICATION,ec41a0728f7211dfad4100059a3c7800,ETOMPROCESS,ADMIN,ADMIN,ADMIN
e3f92944a03a11e1ac75002564cb911c,2012-05-17T12:11:15,0,0,0,2012-05-17T12:11:15,,1899-12-30T00:00:00,0,,e9f36715a03a11e1ac75002564cb911c,1d9517a047dc11df8c200026b9bf6441,TAMAPPLICATION,ec41a0718f7211dfad4100059a3c7800,ETOMPROCESS,ADMIN,ADMIN,ADMIN
e3f9293aa03a11e1ac75002564cb911c,2012-05-17T12:11:15,0,0,0,2012-05-17T12:11:15,,1899-12-30T00:00:00,0,,e9f36717a03a11e1ac75002564cb911c,fb5a625247db11df8c200026b9bf6441,TAMAPPLICATION,94bf79bf90f011df86bd0026b9bf6441,ETOMPROCESS,ADMIN,ADMIN,ADMIN
e3f92944a03a11e1ac75002564cb911c,2012-05-17T12:11:15,0,0,0,2012-05-17T12:11:15,,1899-12-30T00:00:00,0,,e9f36719a03a11e1ac75002564cb911c,fb5a625247db11df8c200026b9bf6441,TAMAPPLICATION,9df014ab8ebf11df89d30026b9bf6441,ETOMPROCESS,ADMIN,ADMIN,ADMIN
e3f92944a03a11e1ac75002564cb911c,2012-05-17T12:11:15,0,0,0,2012-05-17T12:11:15,,1899-12-30T00:00:00,0,,e9f3671ba03a11e1ac75002564cb911c,fb5a625247db11df8c200026b9bf6441,TAMAPPLICATION,ec41a0798f7211dfad4100059a3c7800,ETOMPROCESS,ADMIN,ADMIN,ADMIN
e3f9293aa03a11e1ac75002564cb911c,2012-05-17T12:11:15,0,0,0,2012-05-17T12:11:15,,1899-12-30T00:00:00,0,,e9f3671ea03a11e1ac75002564cb911c,4fb1208647dc11df8c200026b9bf6441,TAMAPPLICATION,9df014ac8ebf11df89d30026b9bf6441,ETOMPROCESS,ADMIN,ADMIN,ADMIN
e3f92944a03a11e1ac75002564cb911c,2012-05-17T12:11:15,0,0,0,2012-05-17T12:11:15,,1899-12-30T00:00:00,0,,e9f36720a03a11e1ac75002564cb911c,4fb1208647dc11df8c200026b9bf6441,TAMAPPLICATION,37b14902860111dd9427001de065480b,ETOMPROCESS,ADMIN,ADMIN,ADMIN
e3f92944a03a11e1ac75002564cb911c,2012-05-17T12:11:15,0,0,0,2012-05-17T12:11:15,,1899-12-30T00:00:00,0,,e9f36722a03a11e1ac75002564cb911c,4fb1208647dc11df8c200026b9bf6441,TAMAPPLICATION,760019f6cb2b11db9435000e3573f0d3,ETOMPROCESS,ADMIN,ADMIN,ADMIN
e3f92944a03a11e1ac75002564cb911c,2012-05-17T12:11:15,0,0,0,2012-05-17T12:11:15,,1899-12-30T00:00:00,0,,e9f36724a03a11e1ac75002564cb911c,4fb1208647dc11df8c200026b9bf6441,TAMAPPLICATION,a853679185f711dd9427001de065480b,ETOMPROCESS,ADMIN,ADMIN,ADMIN
e3f92944a03a11e1ac75002564cb911c,2012-05-17T12:11:15,0,0,0,2012-05-17T12:11:15,,1899-12-30T00:00:00,0,,e9f36726a03a11e1ac75002564cb911c,4fb1208647dc11df8c200026b9bf6441,TAMAPPLICATION,2140cc228f8711dfad4100059a3c7800,ETOMPROCESS,ADMIN,ADMIN,ADMIN
e3f92944a03a11e1ac75002564cb911c,2012-05-17T12:11:15,0,0,0,2012-05-17T12:11:15,,1899-12-30T00:00:00,0,,e9f36728a03a11e1ac75002564cb911c,d517350547db11df8c200026b9bf6441,TAMAPPLICATION,9df014ab8ebf11df89d30026b9bf6441,ETOMPROCESS,ADMIN,ADMIN,ADMIN
e3f92944a03a11e1ac75002564cb911c,2012-05-17T12:11:15,0,0,0,2012-05-17T12:11:15,,1899-12-30T00:00:00,0,,e9f3672aa03a11e1ac75002564cb911c,d517350547db11df8c200026b9bf6441,TAMAPPLICATION,7bf6a5bdcb2b11db9435000e3573f0d3,ETOMPROCESS,ADMIN,ADMIN,ADMIN
,2012-05-17T12:11:15,0,0,0,2012-05-17T12:11:15,,1899-12-30T00:00:00,0,,e9f3672ca03a11e1ac75002564cb911c,b3b0078a153911ddad71001e378839ac,TAMAPPLICATION,7bf6a51ecb2b11db9435000e3573f0d3,ETOMPROCESS,ADMIN,ADMIN,ADMIN
,2012-05-17T12:11:15,0,0,0,2012-05-17T12:11:15,,1899-12-30T00:00:00,0,,e9f3672ea03a11e1ac75002564cb911c,b3b00787153911ddad71001e378839ac,TAMAPPLICATION,7600196ecb2b11db9435000e3573f0d3,ETOMPROCESS,ADMIN,ADMIN,ADMIN
,2012-05-17T12:11:15,0,0,0,2012-05-17T12:11:15,,1899-12-30T00:00:00,0,,e9f36730a03a11e1ac75002564cb911c,b3b00787153911ddad71001e378839ac,TAMAPPLICATION,76001972cb2b11db9435000e3573f0d3,ETOMPROCESS,ADMIN,ADMIN,ADMIN
e3f92944a03a11e1ac75002564cb911c,2012-05-17T12:11:15,0,0,0,2012-05-17T12:11:15,,1899-12-30T00:00:00,0,,e9f36735a03a11e1ac75002564cb911c,911c7d5013d811ddad71001e378839ac,TAMAPPLICATION,7001e94ccb2b11db9435000e3573f0d3,ETOMPROCESS,ADMIN,ADMIN,ADMIN
e3f92944a03a11e1ac75002564cb911c,2012-05-17T12:11:15,0,0,0,2012-05-17T12:11:15,,1899-12-30T00:00:00,0,,e9f36737a03a11e1ac75002564cb911c,911c7d5113d811ddad71001e378839ac,TAMAPPLICATION,7001e94ccb2b11db9435000e3573f0d3,ETOMPROCESS,ADMIN,ADMIN,ADMIN
e3f92944a03a11e1ac75002564cb911c,2012-05-17T12:11:15,0,0,0,2012-05-17T12:11:16,,1899-12-30T00:00:00,0,,e9f36739a03a11e1ac75002564cb911c,3b5bc7f113d711ddad71001e378839ac,TAMAPPLICATION,7001e877cb2b11db9435000e3573f0d3,ETOMPROCESS,ADMIN,ADMIN,ADMIN
,2012-05-17T12:11:16,0,0,0,2012-05-17T12:11:16,,1899-12-30T00:00:00,0,,e9f36746a03a11e1ac75002564cb911c,cf3b34ac0ea011e0bc42002564cb911c,TAMAPPLICATION,f0e5689a7e0511e1a8e8002564cb911c,ETOMPROCESS,ADMIN,ADMIN,ADMIN
,2012-05-17T12:11:16,0,0,0,2012-05-17T12:11:16,,1899-12-30T00:00:00,0,,e9f36748a03a11e1ac75002564cb911c,0700e88b0ea111e0bc42002564cb911c,TAMAPPLICATION,e29e507e7e0911e1a8e8002564cb911c,ETOMPROCESS,ADMIN,ADMIN,ADMIN
,2012-05-17T12:11:16,0,0,0,2012-05-17T12:11:16,,1899-12-30T00:00:00,0,,e9f36757a03a11e1ac75002564cb911c,b4beed720e2411e0bc42002564cb911c,TAMAPPLICATION,e29e507e7e0911e1a8e8002564cb911c,ETOMPROCESS,ADMIN,ADMIN,ADMIN
,2012-05-17T12:11:16,0,0,0,2012-05-17T12:11:16,,1899-12-30T00:00:00,0,,e9f36759a03a11e1ac75002564cb911c,b4beed720e2411e0bc42002564cb911c,TAMAPPLICATION,f0e5689a7e0511e1a8e8002564cb911c,ETOMPROCESS,ADMIN,ADMIN,ADMIN
,2012-05-17T12:11:17,0,0,0,2012-05-17T12:11:17,,1899-12-30T00:00:00,0,,e9f36766a03a11e1ac75002564cb911c,b4beed720e2411e0bc42002564cb911c,TAMAPPLICATION,7bf6a57ecb2b11db9435000e3573f0d3,ETOMPROCESS,ADMIN,ADMIN,ADMIN
,2009-10-16T09:12:27,0,0,0,2009-10-16T09:12:27,,1899-12-30T00:00:00,0,,ee179039ba5d11de8709002170a82a63,911c7d5013d811ddad71001e378839ac,TAMAPPLICATION,7001e94ccb2b11db9435000e3573f0d3,ETOMPROCESS,ADMIN,ADMIN,ADMIN
,2009-10-16T09:12:34,0,0,0,2009-10-16T09:12:34,,1899-12-30T00:00:00,0,,ee17903aba5d11de8709002170a82a63,911c7d5113d811ddad71001e378839ac,TAMAPPLICATION,7001e94ccb2b11db9435000e3573f0d3,ETOMPROCESS,ADMIN,ADMIN,ADMIN
,2012-10-30T14:53:41,0,0,0,2012-10-30T14:53:41,,1899-12-30T00:00:00,0,,ef657b8022d311e2bbcaf04da23a38c8,5c3a267767c411e1a5f7002564cb911c,TAMAPPLICATION,7001e965cb2b11db9435000e3573f0d3,ETOMPROCESS,DFREED,DFREED,DFREED
0adfe937525611db908800059a3c7800,2008-09-17T08:53:09,0,0,0,2008-09-17T08:53:09,,1899-12-30T00:00:00,0,,f59ff96384bf11dd8a450015c54ddcd2,687dd08a0eeb11dc87b800059a3c7800,TAMAPPLICATION,760018b1cb2b11db9435000e3573f0d3,ETOMPROCESS,ADMIN,ADMIN,ADMIN
,2009-10-19T13:34:00,0,0,0,2009-10-19T13:34:00,,1899-12-30T00:00:00,0,,f7367ad6bcdd11de870d002170a82a63,467a59c802ff11dc878f00059a3c7800,TAMAPPLICATION,7001e93ccb2b11db9435000e3573f0d3,ETOMPROCESS,ADMIN,ADMIN,ADMIN
,2009-09-09T15:47:20,0,0,0,2009-09-09T15:47:20,,1899-12-30T00:00:00,0,,f7533fd09d8111de86db002170a82a63,3c3066d802fe11dc878f00059a3c7800,TAMAPPLICATION,7001e94ccb2b11db9435000e3573f0d3,ETOMPROCESS,ADMIN,ADMIN,ADMIN
0adfe937525611db908800059a3c7800,2008-08-04T11:54:17,0,0,0,2008-08-04T11:54:17,,1899-12-30T00:00:00,0,,f92d7592624511dd8a1c0015c54ddcd2,2eda2ea002fe11dc878f00059a3c7800,TAMAPPLICATION,7001e877cb2b11db9435000e3573f0d3,ETOMPROCESS,ADMIN,ADMIN,ADMIN
,2009-09-09T15:47:32,0,0,0,2009-09-09T15:47:32,,1899-12-30T00:00:00,0,,fe9225549d8111de86db002170a82a63,3c3066d802fe11dc878f00059a3c7800,TAMAPPLICATION,7001e94dcb2b11db9435000e3573f0d3,ETOMPROCESS,ADMIN,ADMIN,ADMIN
